-- Create the Venue table
CREATE TABLE Venue (
    venueid INTEGER PRIMARY KEY,
    city TEXT,
    state TEXT CHECK(length(state) = 2),
    capacity INTEGER CHECK (capacity > 0),
    name TEXT
);

-- Create the Season table
CREATE TABLE Season (
    year INTEGER PRIMARY KEY,
    start_date DATE,
    end_date DATE,
    CHECK (end_date >= start_date)
);

-- Create the Team table
CREATE TABLE Team (
    teamid INTEGER PRIMARY KEY,
    name TEXT,
    location TEXT
);

-- Create the Hosts table
CREATE TABLE Hosts (
    venueid INTEGER NOT NULL,
    year INTEGER NOT NULL,
    teamid INTEGER NOT NULL,
    PRIMARY KEY (venueid, year, teamid),
    FOREIGN KEY (venueid) REFERENCES Venue (venueid),
    FOREIGN KEY (year) REFERENCES Season (year),
    FOREIGN KEY (teamid) REFERENCES Team (teamid)
);

-- Create the Coach table
CREATE TABLE Coach (
    coachid INTEGER PRIMARY KEY,
    name TEXT,
    dateofbirth DATE,
    hometown TEXT
);

-- Create the Coaches table
CREATE TABLE Coaches (
    coachid INTEGER NOT NULL,
    teamid INTEGER NOT NULL,
    year INTEGER NOT NULL,
    PRIMARY KEY (coachid, year),
    FOREIGN KEY (coachid) REFERENCES Coach (coachid),
    FOREIGN KEY (teamid) REFERENCES Team (teamid),
    FOREIGN KEY (year) REFERENCES Season (year)
);

-- Create the Plays_Season table
CREATE TABLE Plays_Season (
    teamid INTEGER NOT NULL,
    year INTEGER NOT NULL,
    PRIMARY KEY (teamid, year),
    FOREIGN KEY (teamid) REFERENCES Team (teamid),
    FOREIGN KEY (year) REFERENCES Season (year)
);

-- Create the Game table
CREATE TABLE Game (
    gameid INTEGER PRIMARY KEY,
    date DATE,
    homescore INTEGER CHECK (homescore >= 0),
    awayscore INTEGER CHECK (awayscore >= 0),
    hometeamid INTEGER NOT NULL,
    awayteamid INTEGER NOT NULL,
    year INTEGER NOT NULL,
    CHECK (strftime('%Y', date) = year OR strftime('%Y', date) = year - 1),
    FOREIGN KEY (hometeamid) REFERENCES Team (teamid),
    FOREIGN KEY (awayteamid) REFERENCES Team (teamid),
    FOREIGN KEY (year) REFERENCES Season (year)
);

-- Create the Player table
CREATE TABLE Player (
    playerid INTEGER PRIMARY KEY,
    first_name TEXT,
    last_name TEXT,
    dateofbirth DATE,
    nationality TEXT,
    position TEXT,
    number INTEGER CHECK (number BETWEEN 0 AND 99)
);

-- Create the Skater table
CREATE TABLE Skater (
    playerid INTEGER PRIMARY KEY,
    tot_shots INTEGER CHECK (tot_shots >= 0),
    tot_goals INTEGER CHECK (tot_goals >= 0),
    tot_assists INTEGER CHECK (tot_assists >= 0),
    tot_hits INTEGER CHECK (tot_hits >= 0),
    tot_blocks INTEGER CHECK (tot_blocks >= 0),
    FOREIGN KEY (playerid) REFERENCES Player (playerid) ON DELETE CASCADE
);

-- Create the Goalie table
CREATE TABLE Goalie (
    playerid INTEGER PRIMARY KEY,
    tot_shots_faced INTEGER CHECK (tot_shots_faced >= 0),
    tot_saves INTEGER CHECK (tot_saves >= 0),
    tot_goals_conceded INTEGER CHECK (tot_goals_conceded >= 0),
    tot_shutouts INTEGER CHECK (tot_shutouts >= 0),
    FOREIGN KEY (playerid) REFERENCES Player (playerid) ON DELETE CASCADE
);

-- Create the Skater_Stats table
CREATE TABLE Skater_Stats (
    skstatsid INTEGER PRIMARY KEY,
    shots INTEGER CHECK (shots >= 0),
    goals INTEGER CHECK (goals >= 0),
    assists INTEGER CHECK (assists >= 0),
    hits INTEGER CHECK (hits >= 0),
    blocks INTEGER CHECK (blocks >= 0)
);

-- Create the Skater_Played_In table
CREATE TABLE Skater_Played_In (
    gameid INTEGER NOT NULL,
    playerid INTEGER NOT NULL,
    PRIMARY KEY (gameid, playerid),
    FOREIGN KEY (gameid) REFERENCES Game (gameid),
    FOREIGN KEY (playerid) REFERENCES Player (playerid)
);

-- Create the Skater_Stats_In_Game table
CREATE TABLE Skater_Stats_In_Game (
    skstatsid INTEGER NOT NULL,
    gameid INTEGER NOT NULL,
    playerid INTEGER NOT NULL,
    PRIMARY KEY (gameid, playerid),
    FOREIGN KEY (skstatsid) REFERENCES Skater_Stats (skstatsid),
    FOREIGN KEY (gameid, playerid) REFERENCES Skater_Played_In (gameid, playerid)
);

-- Create the Goalie_Stats table
CREATE TABLE Goalie_Stats (
    gstatsid INTEGER PRIMARY KEY,
    shots_faced INTEGER CHECK (shots_faced >= 0),
    saves INTEGER CHECK (saves >= 0),
	save_pct DECIMAL CHECK (0<=save_pct<=1),
	shutouts INTEGER CHECK (0<=shutouts),
    goals_conceded INTEGER CHECK (goals_conceded >= 0)
);

-- Create the Goalie_Played_In table
CREATE TABLE Goalie_Played_In (
    gameid INTEGER NOT NULL,
    playerid INTEGER NOT NULL,
    PRIMARY KEY (gameid, playerid),
    FOREIGN KEY (gameid) REFERENCES Game (gameid),
    FOREIGN KEY (playerid) REFERENCES Player (playerid)
);

-- Create the Goalie_Stats_In_Game table
CREATE TABLE Goalie_Stats_In_Game (
    gstatsid INTEGER NOT NULL,
    gameid INTEGER NOT NULL,
    playerid INTEGER NOT NULL,
    PRIMARY KEY (gameid, playerid),
    FOREIGN KEY (gstatsid) REFERENCES Goalie_Stats (gstatsid),
    FOREIGN KEY (gameid, playerid) REFERENCES Goalie_Played_In (gameid, playerid)
);

-- Create the plays_for table
CREATE TABLE plays_for (
    year INTEGER NOT NULL,
    playerid INTEGER NOT NULL,
    teamid INTEGER NOT NULL,
    PRIMARY KEY (year, playerid, teamid),
    FOREIGN KEY (year) REFERENCES Season (year),
    FOREIGN KEY (playerid) REFERENCES Player (playerid),
    FOREIGN KEY (teamid) REFERENCES Team (teamid)
);

-- Create the Skater_Career view
CREATE VIEW Skater_Career AS
SELECT ssig.playerid AS playerid, 
       SUM(ss.shots) AS total_shots, 
       SUM(ss.goals) AS total_goals, 
       SUM(ss.assists) AS total_assists, 
       SUM(ss.hits) AS total_hits, 
       SUM(ss.blocks) AS total_blocks, 
       COUNT(*) AS games_played
FROM Skater_Stats ss 
JOIN Skater_Stats_In_Game ssig ON ss.skstatsid = ssig.skstatsid
GROUP BY ssig.playerid;

-- Create the Goalie_Career view
CREATE VIEW Goalie_Career AS
SELECT gsig.playerid AS playerid, 
       SUM(gs.shots_faced) AS total_shots_faced, 
       SUM(gs.saves) AS total_saves, 
       SUM(gs.goals_conceded) AS total_goals_conceded, 
       SUM(gs.shutouts) AS total_shutouts, 
       (CAST(SUM(gs.saves) AS FLOAT) / CAST(SUM(gs.shots_faced) AS FLOAT)) AS save_percentage, 
       COUNT(*) AS games_played
FROM Goalie_Stats gs 
JOIN Goalie_Stats_In_Game gsig ON gs.gstatsid = gsig.gstatsid
GROUP BY gsig.playerid;

INSERT INTO Coaches (coachid, teamid, year) VALUES 
(81, 24, 2025),
(264, 6, 2025),
(346, 7, 2025),
(175, 20, 2025),
(40, 12, 2025),
(334, 16, 2025),
(19, 21, 2025),
(108, 29, 2025),
(90, 25, 2025),
(209, 17, 2025),
(204, 22, 2025),
(248, 13, 2025),
(163, 26, 2025),
(176, 30, 2025),
(376, 8, 2025),
(43, 18, 2025),
(192, 1, 2025),
(344, 2, 2025),
(216, 3, 2025),
(143, 9, 2025),
(402, 4, 2025),
(386, 5, 2025),
(414, 28, 2025),
(12, 19, 2025),
(48, 55, 2025),
(76, 14, 2025),
(25, 10, 2025),
(432, 53, 2025),
(400, 23, 2025),
(59, 54, 2025),
(52, 15, 2025),
(10, 52, 2025);

INSERT INTO Coach (coachid, name, dateofbirth) VALUES 
(0, 'Sid Abel', '1918-02-22'),
(1, 'Jack Adams', '1894-06-14'),
(2, 'Gary Agnew', '1960-05-24'),
(3, 'Keith Allen', '1923-08-21'),
(4, 'Dave Allison', '1959-04-14'),
(5, 'Jim Anderson', '1930-12-01'),
(6, 'John Anderson', '1957-03-28'),
(7, 'Lou Angotti', '1938-01-16'),
(8, 'Al Arbour', '1932-11-01'),
(9, 'George Armstrong', '1930-07-06'),
(10, 'Scott Arniel', '1962-09-17'),
(11, 'Mike Babcock', '1963-04-29'),
(12, 'Drew Bannister', '1974-04-09'),
(13, 'Bill Barber', '1952-07-11'),
(14, 'Doug Barkley', '1937-01-06'),
(15, 'John Bassett', '1939-02-05'),
(16, 'Andy Bathgate', '1932-08-28'),
(17, 'Bob Baun', '1936-09-09'),
(18, 'André Beaulieu', '1940-01-22'),
(19, 'Jared Bednar', '1972-02-28'),
(20, 'Danny Belisle', '1937-05-09'),
(22, 'Red Berenson', '1939-12-08'),
(23, 'Michel Bergeron', '1946-06-12'),
(24, 'Bob Berry', '1943-11-29'),
(25, 'Craig Berube', '1965-12-17'),
(26, 'Nick Beverley', '1947-04-21'),
(27, 'Don Blackburn', '1938-05-14'),
(28, 'Wren Blair', '1925-10-02'),
(29, 'Toe Blake', '1912-08-21'),
(30, 'Jeff Blashill', '1973-12-10'),
(31, 'Marc Boileau', '1932-09-03'),
(32, 'Leo Boivin', '1931-08-02'),
(33, 'Frank Boucher', '1901-10-07'),
(34, 'Georges Boucher', '1896-08-17'),
(35, 'Guy Boucher', '1971-08-03'),
(36, 'Bruce Boudreau', '1955-01-09'),
(37, 'Bob Boughner', '1971-03-08'),
(38, 'Scotty Bowman', '1933-09-18'),
(39, 'Rick Bowness', '1955-01-25'),
(40, 'Rod BrindAmour', '1970-08-09'),
(41, 'Herb Brooks', '1937-08-05'),
(42, 'John Brophy', '1933-01-20'),
(43, 'Andrew Brunette', '1973-08-24'),
(44, 'George Burnett', '1962-03-25'),
(45, 'Charlie Burns', '1936-02-14'),
(46, 'Pat Burns', '1952-04-04'),
(47, 'Eddie Bush', '1918-07-11'),
(48, 'Dan Bylsma', '1970-09-19'),
(49, 'Dave Cameron', '1958-07-29'),
(50, 'Colin Campbell', '1953-01-28'),
(51, 'Jack Capuano', '1966-07-07'),
(52, 'Spencer Carbery', '1981-11-09'),
(53, 'Guy Carbonneau', '1960-03-18'),
(54, 'Randy Carlyle', '1956-04-19'),
(55, 'Doug Carpenter', '1942-07-01'),
(56, 'Dick Carroll', '1888-04-28'),
(57, 'Frank Carroll', '1879-12-20'),
(58, 'Wayne Cashman', '1945-06-24'),
(59, 'Bruce Cassidy', '1965-05-20'),
(60, 'Dave Chambers', '1940-05-07'),
(61, 'Art Chapman', '1906-05-29'),
(62, 'Guy Charron', '1949-01-24'),
(63, 'Gerry Cheevers', '1940-12-07'),
(64, 'Don Cherry', '1934-02-05'),
(65, 'King Clancy', '1903-02-25'),
(66, 'Dit Clapper', '1907-02-09'),
(67, 'Odie Cleghorn', '1891-09-19'),
(68, 'Sprague Cleghorn', '1890-03-11'),
(69, 'Cory Clouston', '1969-09-19'),
(70, 'Jeremy Colliton', '1985-01-13'),
(71, 'Neil Colville', '1914-08-04'),
(72, 'Charlie Conacher', '1909-12-20'),
(73, 'Lionel Conacher', '1901-05-24'),
(74, 'Kevin Constantine', '1958-12-27'),
(75, 'Bill Cook', '1896-10-09'),
(76, 'Jon Cooper', '1967-08-23'),
(77, 'Marc Crawford', '1961-02-13'),
(78, 'Pierre Creamer', '1944-07-06'),
(79, 'Fred Creighton', '1933-07-14'),
(80, 'Terry Crisp', '1943-05-28'),
(81, 'Greg Cronin', '1963-06-02'),
(82, 'Joe Crozier', '1929-02-19'),
(83, 'Roger Crozier', '1942-03-16'),
(84, 'Randy Cunneyworth', '1961-05-10'),
(85, 'John Cunniff', '1943-07-09'),
(86, 'Alex Currie', '1891-12-12'),
(87, 'Leo Dandurand', '1889-07-09'),
(88, 'Hap Day', '1901-06-14'),
(89, 'Billy Dea', '1933-04-03'),
(90, 'Peter DeBoer', '1968-06-13'),
(91, 'Alex Delvecchio', '1932-12-04'),
(92, 'Jacques Demers', '1944-08-25'),
(93, 'Cy Denneny', '1891-12-23'),
(94, 'Willie Desjardins', '1957-02-11'),
(95, 'Bill Dineen', '1932-09-18'),
(96, 'Kevin Dineen', '1963-10-28'),
(97, 'Clare Drake', '1928-10-09'),
(98, 'Dominique Ducharme', '1973-03-12'),
(99, 'Rick Dudley', '1949-01-31'),
(100, 'Dick Duff', '1936-02-18'),
(102, 'Art Duncan', '1891-07-04'),
(103, 'Red Dutton', '1897-07-23'),
(104, 'Dallas Eakins', '1967-02-27'),
(105, 'Frank Eddolls', '1921-07-05'),
(106, 'Phil Esposito', '1942-02-20'),
(107, 'Jack Evans', '1928-04-21'),
(108, 'Dean Evason', '1964-08-22'),
(109, 'John Ferguson', '1938-09-05'),
(110, 'Maurice Filion', '1932-02-12'),
(111, 'Bobby Francis', '1958-12-05'),
(112, 'Emile Francis', '1926-09-13'),
(113, 'Curt Fraser', '1958-01-12'),
(114, 'Frank Fredrickson', '1895-06-11'),
(115, 'Robbie Ftorek', '1952-01-02'),
(116, 'Bill Gadsby', '1927-08-08'),
(117, 'Bob Gainey', '1953-12-13'),
(118, 'Gerard Gallant', '1963-09-02'),
(119, 'Herb Gardiner', '1891-05-08'),
(120, 'Jimmy Gardner', '1881-05-21'),
(121, 'Ted Garvin', '1923-08-20'),
(122, 'Jean-Guy Gendron', '1934-08-30'),
(123, 'Bernie Geoffrion', '1931-02-16'),
(124, 'Eddie Gerard', '1890-02-22'),
(125, 'Greg Gilbert', '1962-01-22'),
(127, 'Fred Glover', '1928-01-05'),
(128, 'Bill Goldsworthy', '1944-08-24'),
(129, 'Ebbie Goodfellow', '1907-04-09'),
(130, 'Jack Gordon', '1928-03-03'),
(131, 'Scott Gordon', '1963-02-06'),
(132, 'Butch Goring', '1949-10-22'),
(133, 'Tommy Gorman', '1886-06-09'),
(134, 'Johnny Gottselig', '1905-06-24'),
(135, 'Phil Goyette', '1933-10-31'),
(136, 'Dirk Graham', '1959-07-29'),
(137, 'Don Granato', '1967-08-11'),
(138, 'Tony Granato', '1964-07-25'),
(139, 'Gary Green', '1953-08-23'),
(140, 'Pete Green', '1868-03-13'),
(141, 'Shorty Green', '1896-07-17'),
(142, 'Ted Green', '1940-03-23'),
(143, 'Travis Green', '1970-12-20'),
(144, 'Wayne Gretzky', '1961-01-26'),
(145, 'Aldo Guidolin', '1932-06-06'),
(146, 'Bep Guidolin', '1925-12-09'),
(147, 'Glen Gulutzan', '1971-08-12'),
(148, 'Dave Hakstol', '1968-07-30'),
(149, 'Glen Hanlon', '1957-02-20'),
(150, 'John Hanna', '1935-04-05'),
(151, 'Ned Harkness', '1921-09-19'),
(152, 'Billy Harris', '1935-07-29'),
(153, 'Ted Harris', '1936-07-18'),
(154, 'Cecil Hart', '1883-11-28'),
(155, 'Bob Hartley', '1960-09-09'),
(156, 'Craig Hartsburg', '1959-06-29'),
(157, 'Doug Harvey', '1924-12-19'),
(158, 'Don Hay', '1954-02-13'),
(159, 'Frank Heffernan', '1892-01-12'),
(160, 'Rosie Helmer', '1890-04-29'),
(161, 'Lorne Henning', '1952-02-22'),
(162, 'Camille Henry', '1933-01-31'),
(163, 'Jim Hiller', '1969-05-15'),
(164, 'Larry Hillman', '1937-02-05'),
(165, 'Ken Hitchcock', '1951-12-17'),
(166, 'Ivan Hlinka', '1950-01-26'),
(167, 'Paul Holmgren', '1955-12-02'),
(168, 'Peter Horachek', '1960-01-26'),
(169, 'Phil Housley', '1964-03-09'),
(170, 'Harry Howell', '1932-12-28'),
(171, 'Sandy Hucul', '1933-12-05'),
(172, 'Bobby Hull', '1939-01-03'),
(173, 'Bill Hunter', '1920-05-05'),
(174, 'Dale Hunter', '1960-07-31'),
(175, 'Ryan Huska', '1975-07-02'),
(176, 'John Hynes', '1975-02-10'),
(177, 'Punch Imlach', '1918-03-15'),
(178, 'Earl Ingarfield', '1934-10-25'),
(179, 'Billy Inglis', '1943-05-11'),
(180, 'Ron Ingram', '1933-07-05'),
(181, 'Dick Irvin', '1892-07-19'),
(182, 'Tommy Ivan', '1911-01-31'),
(183, 'Emil Iverson', '1892-11-02'),
(184, 'Bob Johnson', '1931-03-04'),
(185, 'Tom Johnson', '1928-02-18'),
(186, 'Eddie Johnston', '1935-11-24'),
(187, 'Marshall Johnston', '1941-06-06'),
(188, 'Mike Johnston', '1957-02-19'),
(189, 'Claude Julien', '1960-04-23'),
(190, 'Steve Kasper', '1961-09-28'),
(191, 'Duke Keats', '1895-03-21'),
(192, 'Sheldon Keefe', '1980-09-17'),
(193, 'Mike Keenan', '1949-10-21'),
(194, 'Rick Kehoe', '1951-07-15'),
(195, 'Jack Kelley', '1927-07-10'),
(196, 'Pat Kelly', '1935-09-08'),
(197, 'Red Kelly', '1927-07-09'),
(198, 'Ray Kinasewich', '1933-09-12'),
(199, 'Dave King', '1947-12-22'),
(200, 'Derek King', '1967-02-11'),
(201, 'George Kingston', '1939-08-20'),
(202, 'Larry Kish', '1941-12-11'),
(203, 'Mike Kitchen', '1956-02-01'),
(204, 'Kris Knoblauch', '1978-09-24'),
(205, 'Bobby Kromm', '1928-06-08'),
(206, 'Ralph Krueger', '1959-08-31'),
(207, 'Orland Kurtenbach', '1936-09-07'),
(208, 'Bill LaForge', '1951-09-02'),
(210, 'Newsy Lalonde', '1887-10-31'),
(211, 'Lane Lambert', '1964-11-18'),
(212, 'Lou Lamoriello', '1942-10-21'),
(213, 'Jacques Laperrière', '1941-11-22'),
(214, 'Ron Lapointe', '1949-11-12'),
(215, 'Brad Larsen', '1977-06-28'),
(216, 'Peter Laviolette', '1964-12-07'),
(217, 'Hal Laycoe', '1922-06-23'),
(218, 'Bob Leduc', '1944-05-24'),
(219, 'Gilles Leger', '1941-07-16'),
(220, 'Hugh Lehman', '1885-10-27'),
(221, 'Jacques Lemaire', '1945-09-07'),
(222, 'Pit Lépine', '1901-07-30'),
(223, 'Percy LeSueur', '1881-11-21'),
(224, 'Dave Lewis', '1953-07-03'),
(225, 'Rick Ley', '1948-11-02'),
(226, 'Ted Lindsay', '1925-07-29'),
(227, 'Barry Long', '1949-01-03'),
(228, 'Clem Loughlin', '1894-11-15'),
(229, 'Ron Low', '1950-06-21'),
(230, 'Kevin Lowe', '1959-04-15'),
(231, 'Dave Lowry', '1965-02-14'),
(232, 'Steve Ludzik', '1961-04-03'),
(233, 'Parker MacDonald', '1933-06-14'),
(234, 'Doug MacLean', '1954-04-12'),
(235, 'John MacLean', '1964-11-20'),
(236, 'Paul MacLean', '1958-03-09'),
(237, 'Billy MacMillan', '1943-03-07'),
(238, 'Al MacNeil', '1935-09-27'),
(239, 'Craig MacTavish', '1958-08-15'),
(240, 'Keith Magnuson', '1947-04-27'),
(241, 'Bill Mahoney', '1939-06-23'),
(242, 'Dan Maloney', '1950-09-24'),
(243, 'Phil Maloney', '1927-10-06'),
(244, 'Sylvio Mantha', '1902-04-14'),
(245, 'Bert Marshall', '1943-11-22'),
(246, 'Jacques Martin', '1952-10-01'),
(247, 'Godfrey Matheson', '1881-10-29'),
(248, 'Paul Maurice', '1967-01-30'),
(249, 'Wayne Maxner', '1942-09-27'),
(250, 'Boris Mayorov', '1938-02-11'),
(251, 'Bob McCammon', '1941-04-14'),
(252, 'Jack McCartan', '1935-08-05'),
(253, 'Ted McCaskill', '1936-10-29'),
(254, 'Bill McCreary', '1934-12-02'),
(255, 'Pierre McGuire', '1961-08-08'),
(256, 'John McKenzie', '1937-12-12'),
(257, 'John McLellan', '1928-08-06'),
(258, 'Todd McLellan', '1967-10-03'),
(259, 'Tom McVie', '1935-06-06'),
(260, 'Howie Meeker', '1923-11-04'),
(261, 'Barry Melrose', '1956-07-15'),
(262, 'Mike Milbury', '1952-06-17'),
(263, 'Lorne Molleken', '1956-06-11'),
(264, 'Jim Montgomery', '1969-06-30'),
(265, 'Gerry Moore', '1931-11-23'),
(266, 'John Muckler', '1934-04-03'),
(267, 'Pete Muldoon', '1887-06-04'),
(268, 'Kirk Muller', '1966-02-08'),
(269, 'Dunc Munro', '1901-01-19'),
(270, 'Bob Murdoch', '1946-11-20'),
(271, 'Mike Murphy', '1950-09-12'),
(272, 'Andy Murray', '1951-03-03'),
(273, 'Bob Murray', '1954-11-26'),
(274, 'Bryan Murray', '1942-12-05'),
(275, 'Terry Murray', '1950-07-20'),
(276, 'Lou Nanne', '1941-06-02'),
(277, 'Alain Nasreddine', '1975-07-10'),
(278, 'Harry Neale', '1937-03-09'),
(279, 'Bill Needham', '1932-01-12'),
(280, 'Roger Neilson', '1934-06-16'),
(281, 'Todd Nelson', '1969-05-11'),
(282, 'Stanislav Neveseley', '1936-05-17'),
(283, 'Claude Noel', '1955-10-31'),
(284, 'Ted Nolan', '1958-04-07'),
(285, 'Mike Nykoluk', '1934-12-11'),
(286, 'Mike OConnell', '1955-11-25'),
(287, 'George ODonoghue', '1885-12-08'),
(288, 'Terry OReilly', '1951-06-07'),
(289, 'Adam Oates', '1962-08-27'),
(290, 'Eddie Olczyk', '1966-08-16'),
(291, 'Murray Oliver', '1937-11-14'),
(292, 'Bert Olmstead', '1926-09-04'),
(293, 'John Paddock', '1954-06-09'),
(294, 'Pierre Pagé', '1948-04-30'),
(295, 'Brad Park', '1948-07-06'),
(296, 'Rick Paterson', '1958-02-10'),
(297, 'Craig Patrick', '1946-05-20'),
(298, 'Frank Patrick', '1885-12-21'),
(299, 'Lester Patrick', '1883-12-30'),
(300, 'Lynn Patrick', '1912-02-03'),
(301, 'Muzz Patrick', '1915-06-28'),
(302, 'Davis Payne', '1970-09-24'),
(303, 'Jean Perron', '1946-10-05'),
(304, 'Don Perry', '1930-03-16'),
(305, 'Bill Peters', '1965-01-13'),
(306, 'Alf Pike', '1917-09-15'),
(307, 'Rudy Pilous', '1914-08-11'),
(308, 'Barclay Plager', '1941-03-26'),
(309, 'Bob Plager', '1943-03-11'),
(310, 'Jacques Plante', '1929-01-17'),
(311, 'Jim Playfair', '1964-05-22'),
(312, 'Larry Pleau', '1947-01-29'),
(313, 'Nick Polano', '1941-03-25'),
(314, 'Larry Popein', '1930-08-11'),
(315, 'Eddie Powers', '1888-09-11'),
(316, 'Joe Primeau', '1906-01-29'),
(317, 'Marcel Pronovost', '1930-06-15'),
(318, 'Bob Pulford', '1936-03-31'),
(319, 'Joel Quenneville', '1958-09-15'),
(320, 'Charles Querrie', '1877-07-25'),
(321, 'David Quinn', '1966-07-30'),
(322, 'Mike Quinn', '1874-03-27'),
(323, 'Pat Quinn', '1943-01-29'),
(324, 'Cap Raeder', '1953-10-08'),
(326, 'Craig Ramsay', '1951-03-17'),
(327, 'Ken Randall', '1888-12-14'),
(328, 'Billy Reay', '1918-08-21'),
(329, 'Larry Regan', '1930-08-09'),
(330, 'Todd Reirden', '1971-06-25'),
(331, 'Tom Renney', '1955-03-01'),
(332, 'Maurice Richard', '1921-08-04'),
(333, 'Todd Richards', '1966-10-20'),
(334, 'Luke Richardson', '1969-03-26'),
(335, 'Doug Risebrough', '1954-01-29'),
(336, 'Jim Roberts', '1940-04-09'),
(337, 'Larry Robinson', '1951-06-02'),
(338, 'Mike Rodden', '1891-04-24'),
(339, 'Al Rollins', '1926-10-09'),
(340, 'Ron Rolston', '1966-10-14'),
(341, 'Alex Romeril', '1882-12-29'),
(342, 'Art Ross', '1886-01-13'),
(343, 'Tom Rowe', '1956-05-23'),
(344, 'Patrick Roy', '1965-10-05'),
(345, 'Claude Ruel', '1938-09-12'),
(346, 'Lindy Ruff', '1960-02-17'),
(347, 'Ron Ryan', '1938-07-11'),
(348, 'Joe Sacco', '1969-02-04'),
(349, 'Glen Sather', '1943-09-02'),
(350, 'Ted Sator', '1949-11-18'),
(351, 'André Savard', '1953-02-09'),
(352, 'Denis Savard', '1961-02-04'),
(353, 'Ken Schinkel', '1932-11-27'),
(354, 'Milt Schmidt', '1918-03-05'),
(355, 'Jim Schoenfeld', '1952-09-04'),
(356, 'Tom Shaughnessy', '1892-07-12'),
(357, 'Brad Shaw', '1964-04-28'),
(358, 'Brian Shaw', '1930-11-08'),
(359, 'Fred Shero', '1925-10-23'),
(360, 'Joe Simpson', '1893-08-13'),
(361, 'Terry Simpson', '1943-08-30'),
(362, 'Al Sims', '1953-04-18'),
(363, 'Harry Sinden', '1932-09-14'),
(364, 'Jimmy Skinner', '1917-01-12'),
(365, 'Terry Slater', '1937-12-05'),
(366, 'Cooper Smeaton', '1890-07-22'),
(367, 'Alf Smith', '1873-06-03'),
(368, 'Barry Smith', '1950-08-21'),
(369, 'D.J. Smith', '1977-05-13'),
(370, 'Floyd Smith', '1935-05-16'),
(371, 'Mike Smith', '1945-08-31'),
(372, 'Ron Smith', '1944-01-28'),
(373, 'Conn Smythe', '1895-02-01'),
(374, 'Glen Sonmor', '1929-04-22'),
(375, 'Harvey Sproule', '1883-01-12'),
(376, 'Martin St. Louis', '1975-06-18'),
(377, 'Barney Stanley', '1893-01-01'),
(378, 'Pat Stapleton', '1940-07-04'),
(379, 'Vic Stasiuk', '1929-05-23'),
(380, 'John Stevens', '1966-05-04'),
(381, 'Bill Stewart', '1894-09-26'),
(382, 'Bill Stewart', '1957-10-06'),
(383, 'Ron Stewart', '1932-07-11'),
(384, 'Steve Stirling', '1949-11-19'),
(385, 'Alpo Suhonen', '1948-06-17'),
(386, 'Mike Sullivan', '1968-02-27'),
(387, 'Red Sullivan', '1929-12-24'),
(388, 'Bill Sutherland', '1934-11-10'),
(389, 'Brent Sutter', '1962-06-10'),
(390, 'Brian Sutter', '1956-10-07'),
(391, 'Darryl Sutter', '1958-08-19'),
(392, 'Duane Sutter', '1960-03-16'),
(393, 'Jean-Guy Talbot', '1932-07-11'),
(394, 'Orval Tessier', '1933-06-30'),
(395, 'Michel Therrien', '1963-11-04'),
(396, 'Paul Thompson', '1906-11-02'),
(398, 'Dave Tippett', '1961-08-25'),
(399, 'Bill Tobin', '1895-05-20'),
(400, 'Rick Tocchet', '1964-04-09'),
(401, 'John Torchetti', '1965-07-09'),
(402, 'John Tortorella', '1958-06-24'),
(403, 'André Tourigny', '1974-05-30'),
(404, 'Mario Tremblay', '1956-09-02'),
(405, 'Bryan Trottier', '1956-07-17'),
(406, 'Barry Trotz', '1962-07-15'),
(407, 'Gene Ubriaco', '1937-12-26'),
(408, 'Rogie Vachon', '1945-09-08'),
(409, 'Alain Vigneault', '1961-05-14'),
(410, 'Pascal Vincent', '1971-09-22'),
(411, 'Jack Vivian', '1941-05-14'),
(412, 'Don Waddell', '1958-08-19'),
(413, 'Geoff Ward', '1962-04-08'),
(414, 'Ryan Warsofsky', '1987-10-26'),
(415, 'Bryan Watson', '1942-11-14'),
(416, 'Phil Watson', '1914-04-24'),
(417, 'Tom Watt', '1935-06-17'),
(418, 'Tom Webster', '1948-10-04'),
(419, 'Doug Weight', '1971-01-21'),
(420, 'Cooney Weiland', '1904-11-05'),
(421, 'Bill White', '1939-08-26'),
(422, 'Jim Wiley', '1950-04-28'),
(423, 'Ian Wilkie', '1949-07-20'),
(424, 'Johnny Wilson', '1929-06-14'),
(425, 'Larry Wilson', '1930-10-23'),
(426, 'Rick Wilson', '1950-08-10'),
(427, 'Ron Wilson', '1955-05-28'),
(428, 'Jay Woodcroft', '1976-08-11'),
(429, 'Trent Yawney', '1965-09-29'),
(430, 'Mike Yeo', '1973-07-31'),
(431, 'Garry Young', '1936-01-02'),
(432, 'Andre Tourigny', '1974-05-31'),
(209, 'Derek Lalonde', '1972-08-18');

INSERT INTO goalie_stats(gstatsid, shots_faced, saves, goals_conceded, shutouts) VALUES 
(0, 16, 12, 4, 0),
(1, 11, 9, 2, 0),
(2, 27, 23, 4, 0),
(3, 33, 30, 3, 0),
(4, 33, 29, 4, 0),
(5, 21, 20, 1, 0),
(6, 28, 25, 3, 0),
(7, 29, 27, 2, 0),
(8, 21, 20, 1, 0),
(9, 41, 39, 2, 0),
(10, 23, 22, 1, 0),
(11, 23, 22, 1, 0),
(12, 39, 35, 4, 0),
(13, 41, 39, 2, 0),
(14, 26, 25, 1, 0),
(15, 35, 31, 4, 0),
(16, 14, 13, 1, 0),
(17, 6, 6, 0, 1),
(18, 32, 30, 2, 0),
(19, 34, 34, 0, 1),
(20, 41, 39, 2, 0),
(21, 36, 34, 2, 0),
(22, 34, 33, 1, 0),
(23, 25, 22, 3, 0),
(24, 27, 24, 3, 0),
(25, 24, 22, 2, 0),
(26, 33, 30, 3, 0),
(27, 34, 32, 2, 0),
(28, 25, 23, 2, 0),
(29, 27, 24, 3, 0),
(30, 21, 17, 4, 0),
(31, 32, 30, 2, 0),
(32, 32, 30, 2, 0),
(33, 29, 26, 3, 0),
(34, 30, 27, 3, 0),
(35, 35, 32, 3, 0),
(36, 35, 31, 4, 0),
(37, 25, 20, 5, 0),
(38, 33, 30, 3, 0),
(39, 30, 23, 7, 0),
(40, 18, 17, 1, 0),
(41, 30, 24, 6, 0),
(42, 33, 27, 6, 0),
(43, 33, 29, 4, 0),
(44, 5, 5, 0, 1),
(45, 24, 20, 4, 0),
(46, 23, 21, 2, 0),
(47, 37, 35, 2, 0),
(48, 11, 9, 2, 0),
(49, 20, 15, 5, 0),
(50, 36, 34, 2, 0),
(51, 21, 20, 1, 0),
(52, 26, 22, 4, 0),
(53, 38, 38, 0, 1),
(54, 33, 29, 4, 0),
(55, 29, 25, 4, 0),
(56, 36, 34, 2, 0),
(57, 32, 31, 1, 0),
(58, 27, 24, 3, 0),
(59, 31, 29, 2, 0),
(60, 30, 25, 5, 0),
(61, 26, 22, 4, 0),
(62, 26, 24, 2, 0),
(63, 25, 23, 2, 0),
(64, 31, 24, 7, 0),
(65, 28, 28, 0, 1),
(66, 32, 31, 1, 0),
(67, 28, 28, 0, 1),
(68, 24, 23, 1, 0),
(69, 23, 20, 3, 0),
(70, 29, 27, 2, 0),
(71, 32, 31, 1, 0),
(72, 37, 35, 2, 0),
(73, 27, 26, 1, 0),
(74, 35, 31, 4, 0),
(75, 19, 18, 1, 0),
(76, 40, 38, 2, 0),
(77, 23, 22, 1, 0),
(78, 28, 22, 6, 0),
(79, 35, 31, 4, 0),
(80, 36, 34, 2, 0),
(81, 22, 21, 1, 0),
(82, 28, 22, 6, 0),
(83, 30, 28, 2, 0),
(84, 22, 19, 3, 0),
(85, 30, 30, 0, 1),
(86, 36, 33, 3, 0),
(87, 22, 18, 4, 0),
(88, 31, 28, 3, 0),
(89, 35, 32, 3, 0),
(90, 43, 40, 3, 0),
(91, 31, 30, 1, 0),
(92, 27, 23, 4, 0),
(93, 25, 23, 2, 0),
(94, 30, 29, 1, 0),
(95, 22, 19, 3, 0),
(96, 25, 20, 5, 0),
(97, 40, 38, 2, 0),
(98, 25, 21, 4, 0),
(99, 26, 24, 2, 0),
(100, 28, 25, 3, 0),
(101, 46, 46, 0, 1),
(102, 37, 32, 5, 0),
(103, 20, 16, 4, 0),
(104, 28, 26, 2, 0),
(105, 24, 23, 1, 0),
(106, 32, 29, 3, 0),
(107, 38, 36, 2, 0),
(108, 31, 28, 3, 0),
(109, 26, 24, 2, 0),
(110, 41, 37, 4, 0),
(111, 31, 28, 3, 0),
(112, 31, 29, 2, 0),
(113, 35, 34, 1, 0),
(114, 15, 11, 4, 0),
(115, 29, 29, 0, 1),
(116, 27, 21, 6, 0),
(117, 30, 27, 3, 0),
(118, 38, 38, 0, 1),
(119, 28, 25, 3, 0),
(120, 38, 36, 2, 0),
(121, 26, 23, 3, 0),
(122, 38, 35, 3, 0),
(123, 25, 20, 5, 0),
(124, 25, 20, 5, 0),
(125, 25, 23, 2, 0),
(126, 8, 5, 3, 0),
(127, 33, 31, 2, 0),
(128, 37, 36, 1, 0),
(129, 20, 17, 3, 0),
(130, 15, 12, 3, 0),
(131, 35, 32, 3, 0),
(132, 16, 15, 1, 0),
(133, 16, 12, 4, 0),
(134, 29, 26, 3, 0),
(135, 36, 34, 2, 0),
(136, 3, 1, 2, 0),
(137, 21, 20, 1, 0),
(138, 25, 25, 0, 1),
(139, 21, 19, 2, 0),
(140, 30, 28, 2, 0),
(141, 27, 26, 1, 0),
(142, 6, 3, 3, 0),
(143, 33, 32, 1, 0),
(144, 26, 26, 0, 1),
(145, 20, 18, 2, 0),
(146, 37, 36, 1, 0),
(147, 33, 30, 3, 0),
(148, 31, 29, 2, 0),
(149, 17, 12, 5, 0),
(150, 5, 5, 0, 1),
(151, 30, 29, 1, 0),
(152, 31, 29, 2, 0),
(153, 42, 40, 2, 0),
(154, 26, 23, 3, 0),
(155, 21, 16, 5, 0),
(156, 32, 28, 4, 0),
(157, 25, 20, 5, 0),
(158, 41, 39, 2, 0),
(159, 27, 24, 3, 0),
(160, 26, 25, 1, 0),
(161, 36, 35, 1, 0),
(162, 32, 28, 4, 0),
(163, 38, 35, 3, 0),
(164, 32, 32, 0, 1),
(165, 28, 26, 2, 0),
(166, 31, 27, 4, 0),
(167, 42, 39, 3, 0),
(168, 31, 27, 4, 0),
(169, 26, 24, 2, 0),
(170, 40, 35, 5, 0),
(171, 17, 17, 0, 1),
(172, 32, 29, 3, 0),
(173, 25, 23, 2, 0),
(174, 30, 28, 2, 0),
(175, 26, 23, 3, 0),
(176, 34, 32, 2, 0),
(177, 60, 58, 2, 0),
(178, 20, 19, 1, 0),
(179, 34, 31, 3, 0),
(180, 29, 27, 2, 0),
(181, 20, 19, 1, 0),
(182, 38, 38, 0, 1),
(183, 31, 27, 4, 0),
(184, 4, 4, 0, 1),
(185, 23, 20, 3, 0),
(186, 23, 22, 1, 0),
(187, 36, 34, 2, 0),
(188, 38, 35, 3, 0),
(189, 10, 8, 2, 0),
(190, 21, 17, 4, 0),
(191, 40, 37, 3, 0),
(192, 34, 33, 1, 0),
(193, 22, 19, 3, 0),
(194, 27, 24, 3, 0),
(195, 21, 20, 1, 0),
(196, 35, 32, 3, 0),
(197, 31, 27, 4, 0),
(198, 24, 22, 2, 0),
(199, 33, 29, 4, 0),
(200, 23, 21, 2, 0),
(201, 16, 15, 1, 0),
(202, 29, 27, 2, 0),
(203, 30, 29, 1, 0),
(204, 32, 29, 3, 0),
(205, 38, 34, 4, 0),
(206, 42, 40, 2, 0),
(207, 38, 37, 1, 0),
(208, 26, 25, 1, 0),
(209, 37, 35, 2, 0),
(210, 35, 31, 4, 0),
(211, 29, 28, 1, 0),
(212, 33, 31, 2, 0),
(213, 31, 30, 1, 0),
(214, 37, 33, 4, 0),
(215, 33, 29, 4, 0),
(216, 42, 39, 3, 0),
(217, 17, 13, 4, 0),
(218, 11, 7, 4, 0),
(219, 36, 33, 3, 0),
(220, 6, 5, 1, 0),
(221, 21, 17, 4, 0),
(222, 28, 25, 3, 0),
(223, 28, 26, 2, 0),
(224, 24, 20, 4, 0),
(225, 39, 36, 3, 0),
(226, 52, 51, 1, 0),
(227, 28, 26, 2, 0),
(228, 23, 21, 2, 0),
(229, 28, 23, 5, 0),
(230, 38, 35, 3, 0),
(231, 28, 26, 2, 0),
(232, 35, 33, 2, 0),
(233, 34, 33, 1, 0),
(234, 51, 47, 4, 0),
(235, 16, 15, 1, 0),
(236, 16, 12, 4, 0),
(237, 30, 26, 4, 0),
(238, 27, 24, 3, 0),
(239, 25, 24, 1, 0),
(240, 14, 12, 2, 0),
(241, 36, 33, 3, 0),
(242, 38, 37, 1, 0),
(243, 42, 42, 0, 1),
(244, 28, 26, 2, 0),
(245, 29, 28, 1, 0),
(246, 25, 22, 3, 0),
(247, 25, 22, 3, 0),
(248, 24, 22, 2, 0),
(249, 47, 43, 4, 0),
(250, 5, 5, 0, 1),
(251, 26, 25, 1, 0),
(252, 38, 33, 5, 0),
(253, 25, 21, 4, 0),
(254, 36, 34, 2, 0),
(255, 42, 38, 4, 0),
(256, 30, 29, 1, 0),
(257, 24, 22, 2, 0),
(258, 35, 33, 2, 0),
(259, 26, 25, 1, 0),
(260, 27, 27, 0, 1),
(261, 25, 22, 3, 0),
(262, 45, 42, 3, 0),
(263, 24, 21, 3, 0),
(264, 28, 25, 3, 0),
(265, 40, 35, 5, 0),
(266, 5, 1, 4, 0),
(267, 23, 22, 1, 0),
(268, 28, 26, 2, 0),
(269, 32, 30, 2, 0),
(270, 27, 23, 4, 0),
(271, 21, 17, 4, 0),
(272, 29, 28, 1, 0),
(273, 21, 19, 2, 0),
(274, 26, 25, 1, 0),
(275, 37, 36, 1, 0),
(276, 16, 13, 3, 0),
(277, 6, 6, 0, 1),
(278, 18, 17, 1, 0),
(279, 2, 0, 2, 0),
(280, 35, 34, 1, 0),
(281, 40, 34, 6, 0),
(282, 30, 28, 2, 0),
(283, 25, 23, 2, 0),
(284, 40, 36, 4, 0),
(285, 21, 19, 2, 0),
(286, 42, 42, 0, 1),
(287, 33, 32, 1, 0),
(288, 22, 22, 0, 1),
(289, 42, 36, 6, 0),
(290, 0, 0, 0, 1),
(291, 3, 3, 0, 1),
(292, 26, 23, 3, 0),
(293, 28, 27, 1, 0),
(294, 29, 26, 3, 0),
(295, 30, 28, 2, 0),
(296, 38, 35, 3, 0),
(297, 26, 22, 4, 0),
(298, 24, 21, 3, 0),
(299, 31, 29, 2, 0),
(300, 19, 16, 3, 0),
(301, 43, 40, 3, 0),
(302, 28, 26, 2, 0),
(303, 24, 20, 4, 0),
(304, 8, 5, 3, 0),
(305, 30, 28, 2, 0),
(306, 23, 20, 3, 0),
(307, 27, 25, 2, 0),
(308, 37, 33, 4, 0),
(309, 44, 41, 3, 0),
(310, 25, 21, 4, 0),
(311, 27, 25, 2, 0),
(312, 6, 4, 2, 0),
(313, 29, 25, 4, 0),
(314, 28, 26, 2, 0),
(315, 38, 35, 3, 0),
(316, 32, 28, 4, 0),
(317, 33, 30, 3, 0),
(318, 26, 24, 2, 0),
(319, 20, 17, 3, 0),
(320, 36, 31, 5, 0),
(321, 26, 26, 0, 1),
(322, 22, 20, 2, 0),
(323, 27, 25, 2, 0),
(324, 28, 28, 0, 1),
(325, 29, 26, 3, 0),
(326, 31, 29, 2, 0),
(327, 26, 23, 3, 0),
(328, 26, 26, 0, 1),
(329, 21, 16, 5, 0),
(330, 35, 31, 4, 0),
(331, 13, 13, 0, 1),
(332, 27, 25, 2, 0),
(333, 12, 9, 3, 0),
(334, 32, 30, 2, 0),
(335, 33, 29, 4, 0),
(336, 46, 43, 3, 0),
(337, 22, 20, 2, 0),
(338, 23, 20, 3, 0),
(339, 41, 39, 2, 0),
(340, 31, 28, 3, 0),
(341, 22, 18, 4, 0),
(342, 35, 30, 5, 0),
(343, 4, 4, 0, 1),
(344, 35, 33, 2, 0),
(345, 35, 33, 2, 0),
(346, 30, 25, 5, 0),
(347, 4, 3, 1, 0),
(348, 24, 24, 0, 1),
(349, 26, 22, 4, 0),
(350, 39, 36, 3, 0),
(351, 27, 27, 0, 1),
(352, 24, 23, 1, 0),
(353, 39, 34, 5, 0),
(354, 24, 24, 0, 1),
(355, 36, 35, 1, 0),
(356, 30, 27, 3, 0),
(357, 33, 31, 2, 0),
(358, 18, 18, 0, 1),
(359, 42, 37, 5, 0),
(360, 34, 30, 4, 0),
(361, 39, 34, 5, 0),
(362, 35, 33, 2, 0),
(363, 30, 29, 1, 0),
(364, 35, 34, 1, 0),
(365, 34, 33, 1, 0),
(366, 16, 12, 4, 0),
(367, 24, 22, 2, 0),
(368, 20, 16, 4, 0),
(369, 27, 26, 1, 0),
(370, 32, 27, 5, 0),
(371, 26, 22, 4, 0),
(372, 35, 33, 2, 0),
(373, 31, 27, 4, 0),
(374, 28, 26, 2, 0),
(375, 28, 24, 4, 0),
(376, 40, 35, 5, 0),
(377, 31, 31, 0, 1),
(378, 17, 16, 1, 0),
(379, 32, 28, 4, 0),
(380, 30, 27, 3, 0),
(381, 25, 20, 5, 0),
(382, 40, 36, 4, 0),
(383, 25, 21, 4, 0),
(384, 37, 34, 3, 0),
(385, 50, 47, 3, 0),
(386, 31, 25, 6, 0),
(387, 37, 33, 4, 0),
(388, 44, 42, 2, 0),
(389, 36, 30, 6, 0),
(390, 19, 19, 0, 1),
(391, 3, 3, 0, 1),
(392, 16, 14, 2, 0),
(393, 36, 35, 1, 0),
(394, 27, 24, 3, 0),
(395, 31, 29, 2, 0),
(396, 39, 36, 3, 0),
(397, 23, 19, 4, 0),
(398, 31, 30, 1, 0),
(399, 40, 40, 0, 1),
(400, 39, 35, 4, 0),
(401, 41, 40, 1, 0),
(402, 26, 24, 2, 0),
(403, 34, 29, 5, 0),
(404, 21, 18, 3, 0),
(405, 34, 32, 2, 0),
(406, 41, 39, 2, 0),
(407, 32, 31, 1, 0),
(408, 28, 25, 3, 0),
(409, 26, 26, 0, 1),
(410, 3, 3, 0, 1),
(411, 20, 17, 3, 0),
(412, 30, 28, 2, 0),
(413, 38, 35, 3, 0),
(414, 32, 28, 4, 0),
(415, 25, 23, 2, 0),
(416, 26, 25, 1, 0),
(417, 16, 14, 2, 0),
(418, 33, 30, 3, 0),
(419, 36, 32, 4, 0),
(420, 30, 29, 1, 0),
(421, 38, 37, 1, 0),
(422, 26, 24, 2, 0),
(423, 33, 28, 5, 0),
(424, 42, 39, 3, 0),
(425, 9, 7, 2, 0),
(426, 26, 22, 4, 0),
(427, 34, 32, 2, 0),
(428, 45, 42, 3, 0),
(429, 33, 31, 2, 0),
(430, 28, 27, 1, 0),
(431, 22, 19, 3, 0),
(432, 27, 25, 2, 0),
(433, 46, 44, 2, 0),
(434, 27, 25, 2, 0),
(435, 35, 35, 0, 1),
(436, 36, 35, 1, 0),
(437, 25, 23, 2, 0),
(438, 46, 42, 4, 0),
(439, 28, 26, 2, 0),
(440, 38, 32, 6, 0),
(441, 27, 25, 2, 0),
(442, 30, 29, 1, 0),
(443, 20, 18, 2, 0),
(444, 14, 11, 3, 0),
(445, 19, 18, 1, 0),
(446, 33, 31, 2, 0),
(447, 40, 36, 4, 0),
(448, 31, 29, 2, 0),
(449, 35, 33, 2, 0),
(450, 13, 10, 3, 0),
(451, 14, 14, 0, 1),
(452, 34, 33, 1, 0),
(453, 24, 22, 2, 0),
(454, 30, 29, 1, 0),
(455, 28, 25, 3, 0),
(456, 31, 31, 0, 1),
(457, 26, 24, 2, 0),
(458, 32, 29, 3, 0),
(459, 33, 32, 1, 0),
(460, 26, 23, 3, 0),
(461, 22, 18, 4, 0),
(462, 34, 32, 2, 0),
(463, 27, 24, 3, 0),
(464, 31, 25, 6, 0),
(465, 28, 26, 2, 0),
(466, 33, 28, 5, 0),
(467, 25, 22, 3, 0),
(468, 43, 38, 5, 0),
(469, 32, 29, 3, 0),
(470, 26, 21, 5, 0),
(471, 11, 11, 0, 1),
(472, 29, 29, 0, 1),
(473, 28, 23, 5, 0),
(474, 42, 41, 1, 0),
(475, 24, 23, 1, 0),
(476, 27, 27, 0, 1),
(477, 22, 21, 1, 0),
(478, 24, 21, 3, 0),
(479, 8, 8, 0, 1),
(480, 38, 35, 3, 0),
(481, 31, 28, 3, 0),
(482, 25, 22, 3, 0),
(483, 20, 19, 1, 0),
(484, 31, 29, 2, 0),
(485, 36, 35, 1, 0),
(486, 11, 8, 3, 0),
(487, 13, 10, 3, 0),
(488, 26, 25, 1, 0),
(489, 6, 5, 1, 0),
(490, 17, 16, 1, 0),
(491, 44, 41, 3, 0),
(492, 40, 38, 2, 0),
(493, 25, 25, 0, 1),
(494, 26, 24, 2, 0),
(495, 30, 29, 1, 0),
(496, 36, 32, 4, 0),
(497, 8, 7, 1, 0),
(498, 30, 28, 2, 0),
(499, 36, 34, 2, 0),
(500, 33, 30, 3, 0),
(501, 38, 38, 0, 1),
(502, 27, 26, 1, 0),
(503, 36, 35, 1, 0),
(504, 25, 22, 3, 0),
(505, 37, 35, 2, 0),
(506, 37, 34, 3, 0),
(507, 5, 4, 1, 0),
(508, 20, 16, 4, 0),
(509, 29, 26, 3, 0),
(510, 34, 30, 4, 0),
(511, 33, 31, 2, 0),
(512, 37, 33, 4, 0),
(513, 34, 32, 2, 0),
(514, 24, 21, 3, 0),
(515, 25, 23, 2, 0),
(516, 28, 27, 1, 0),
(517, 30, 30, 0, 1),
(518, 39, 36, 3, 0),
(519, 19, 14, 5, 0),
(520, 30, 27, 3, 0),
(521, 22, 21, 1, 0),
(522, 27, 25, 2, 0),
(523, 29, 26, 3, 0),
(524, 29, 26, 3, 0),
(525, 30, 30, 0, 1),
(526, 32, 29, 3, 0),
(527, 33, 32, 1, 0),
(528, 21, 19, 2, 0),
(529, 28, 27, 1, 0),
(530, 35, 31, 4, 0),
(531, 38, 37, 1, 0),
(532, 23, 19, 4, 0),
(533, 28, 26, 2, 0),
(534, 26, 24, 2, 0),
(535, 25, 20, 5, 0),
(536, 10, 9, 1, 0),
(537, 21, 18, 3, 0),
(538, 23, 21, 2, 0),
(539, 32, 30, 2, 0),
(540, 5, 2, 3, 0),
(541, 9, 8, 1, 0),
(542, 30, 29, 1, 0),
(543, 30, 28, 2, 0),
(544, 31, 28, 3, 0),
(545, 29, 26, 3, 0),
(546, 32, 30, 2, 0),
(547, 46, 44, 2, 0),
(548, 39, 35, 4, 0),
(549, 32, 29, 3, 0),
(550, 29, 27, 2, 0),
(551, 26, 26, 0, 1),
(552, 33, 29, 4, 0),
(553, 32, 30, 2, 0),
(554, 28, 24, 4, 0),
(555, 21, 21, 0, 1),
(556, 32, 31, 1, 0),
(557, 32, 31, 1, 0),
(558, 32, 30, 2, 0),
(559, 29, 28, 1, 0),
(560, 37, 30, 7, 0),
(561, 32, 29, 3, 0),
(562, 32, 31, 1, 0),
(563, 37, 35, 2, 0),
(564, 23, 22, 1, 0),
(565, 29, 25, 4, 0),
(566, 25, 24, 1, 0),
(567, 28, 26, 2, 0),
(568, 28, 24, 4, 0),
(569, 25, 22, 3, 0),
(570, 40, 39, 1, 0),
(571, 27, 26, 1, 0),
(572, 26, 23, 3, 0),
(573, 45, 43, 2, 0),
(574, 36, 35, 1, 0),
(575, 25, 23, 2, 0),
(576, 43, 41, 2, 0),
(577, 20, 19, 1, 0),
(578, 35, 33, 2, 0),
(579, 17, 13, 4, 0),
(580, 22, 19, 3, 0),
(581, 23, 20, 3, 0),
(582, 30, 28, 2, 0),
(583, 37, 33, 4, 0),
(584, 22, 19, 3, 0),
(585, 36, 33, 3, 0),
(586, 27, 24, 3, 0),
(587, 27, 24, 3, 0),
(588, 23, 21, 2, 0),
(589, 35, 33, 2, 0),
(590, 25, 22, 3, 0),
(591, 49, 44, 5, 0),
(592, 21, 19, 2, 0),
(593, 38, 34, 4, 0),
(594, 22, 20, 2, 0),
(595, 21, 19, 2, 0),
(596, 33, 32, 1, 0),
(597, 37, 33, 4, 0),
(598, 34, 29, 5, 0),
(599, 43, 40, 3, 0),
(600, 22, 18, 4, 0),
(601, 33, 31, 2, 0),
(602, 29, 28, 1, 0),
(603, 34, 28, 6, 0),
(604, 29, 22, 7, 0),
(605, 32, 29, 3, 0),
(606, 33, 31, 2, 0),
(607, 33, 29, 4, 0),
(608, 35, 32, 3, 0),
(609, 37, 33, 4, 0),
(610, 21, 21, 0, 1),
(611, 29, 26, 3, 0),
(612, 20, 19, 1, 0),
(613, 44, 41, 3, 0),
(614, 39, 36, 3, 0),
(615, 38, 35, 3, 0),
(616, 40, 36, 4, 0),
(617, 13, 12, 1, 0),
(618, 16, 13, 3, 0),
(619, 34, 33, 1, 0),
(620, 35, 29, 6, 0),
(621, 33, 32, 1, 0),
(622, 21, 17, 4, 0),
(623, 34, 33, 1, 0),
(624, 34, 31, 3, 0),
(625, 22, 18, 4, 0),
(626, 35, 32, 3, 0),
(627, 23, 21, 2, 0),
(628, 45, 42, 3, 0),
(629, 37, 33, 4, 0),
(630, 35, 33, 2, 0),
(631, 35, 33, 2, 0),
(632, 28, 26, 2, 0),
(633, 26, 21, 5, 0),
(634, 33, 31, 2, 0),
(635, 32, 30, 2, 0),
(636, 33, 32, 1, 0),
(637, 30, 28, 2, 0),
(638, 33, 29, 4, 0),
(639, 36, 35, 1, 0),
(640, 42, 40, 2, 0),
(641, 23, 22, 1, 0),
(642, 33, 28, 5, 0),
(643, 28, 26, 2, 0),
(644, 31, 27, 4, 0),
(645, 28, 25, 3, 0),
(646, 26, 23, 3, 0),
(647, 28, 27, 1, 0),
(648, 36, 33, 3, 0),
(649, 16, 13, 3, 0),
(650, 9, 8, 1, 0),
(651, 26, 22, 4, 0),
(652, 40, 35, 5, 0),
(653, 30, 28, 2, 0),
(654, 33, 32, 1, 0),
(655, 35, 32, 3, 0),
(656, 17, 14, 3, 0),
(657, 38, 36, 2, 0),
(658, 40, 38, 2, 0),
(659, 30, 28, 2, 0),
(660, 34, 29, 5, 0),
(661, 30, 27, 3, 0),
(662, 24, 23, 1, 0),
(663, 28, 23, 5, 0),
(664, 36, 33, 3, 0),
(665, 27, 23, 4, 0),
(666, 22, 20, 2, 0),
(667, 31, 28, 3, 0),
(668, 23, 23, 0, 1),
(669, 20, 16, 4, 0),
(670, 3, 2, 1, 0),
(671, 22, 21, 1, 0),
(672, 32, 30, 2, 0),
(673, 26, 23, 3, 0),
(674, 27, 25, 2, 0),
(675, 31, 29, 2, 0),
(676, 11, 8, 3, 0),
(677, 20, 17, 3, 0),
(678, 24, 23, 1, 0),
(679, 37, 33, 4, 0),
(680, 32, 27, 5, 0),
(681, 22, 20, 2, 0),
(682, 21, 18, 3, 0),
(683, 34, 32, 2, 0),
(684, 28, 25, 3, 0),
(685, 32, 29, 3, 0),
(686, 20, 19, 1, 0),
(687, 32, 30, 2, 0),
(688, 17, 16, 1, 0),
(689, 15, 11, 4, 0),
(690, 37, 34, 3, 0),
(691, 30, 28, 2, 0),
(692, 27, 25, 2, 0),
(693, 29, 28, 1, 0),
(694, 32, 29, 3, 0),
(695, 37, 34, 3, 0),
(696, 31, 29, 2, 0),
(697, 29, 23, 6, 0),
(698, 32, 30, 2, 0),
(699, 16, 13, 3, 0),
(700, 33, 30, 3, 0),
(701, 27, 23, 4, 0),
(702, 41, 38, 3, 0),
(703, 33, 30, 3, 0),
(704, 48, 47, 1, 0),
(705, 28, 28, 0, 1),
(706, 33, 30, 3, 0),
(707, 35, 33, 2, 0),
(708, 34, 30, 4, 0),
(709, 21, 20, 1, 0),
(710, 43, 41, 2, 0),
(711, 11, 11, 0, 1),
(712, 9, 9, 0, 1),
(713, 23, 21, 2, 0),
(714, 25, 22, 3, 0),
(715, 34, 33, 1, 0),
(716, 30, 28, 2, 0),
(717, 33, 30, 3, 0),
(718, 39, 35, 4, 0),
(719, 20, 17, 3, 0),
(720, 37, 35, 2, 0),
(721, 29, 27, 2, 0),
(722, 18, 17, 1, 0),
(723, 40, 39, 1, 0),
(724, 17, 14, 3, 0),
(725, 13, 12, 1, 0),
(726, 27, 26, 1, 0),
(727, 24, 22, 2, 0),
(728, 38, 36, 2, 0),
(729, 31, 29, 2, 0),
(730, 24, 21, 3, 0),
(731, 25, 24, 1, 0),
(732, 29, 25, 4, 0),
(733, 28, 23, 5, 0),
(734, 33, 28, 5, 0),
(735, 25, 22, 3, 0),
(736, 40, 39, 1, 0),
(737, 38, 38, 0, 1),
(738, 23, 20, 3, 0),
(739, 43, 41, 2, 0),
(740, 37, 35, 2, 0),
(741, 8, 5, 3, 0),
(742, 12, 9, 3, 0),
(743, 37, 36, 1, 0),
(744, 27, 25, 2, 0),
(745, 34, 30, 4, 0),
(746, 25, 22, 3, 0),
(747, 37, 36, 1, 0),
(748, 25, 24, 1, 0),
(749, 40, 37, 3, 0),
(750, 25, 23, 2, 0),
(751, 19, 18, 1, 0),
(752, 30, 29, 1, 0),
(753, 50, 45, 5, 0),
(754, 25, 25, 0, 1),
(755, 27, 25, 2, 0),
(756, 26, 23, 3, 0),
(757, 35, 31, 4, 0),
(758, 27, 26, 1, 0),
(759, 21, 19, 2, 0),
(760, 28, 27, 1, 0),
(761, 21, 18, 3, 0),
(762, 11, 7, 4, 0),
(763, 27, 24, 3, 0),
(764, 41, 38, 3, 0),
(765, 6, 6, 0, 1),
(766, 26, 26, 0, 1),
(767, 21, 18, 3, 0),
(768, 21, 20, 1, 0),
(769, 29, 26, 3, 0),
(770, 25, 23, 2, 0),
(771, 20, 16, 4, 0),
(772, 35, 33, 2, 0),
(773, 36, 34, 2, 0),
(774, 25, 22, 3, 0),
(775, 30, 26, 4, 0),
(776, 24, 24, 0, 1),
(777, 12, 9, 3, 0),
(778, 32, 29, 3, 0),
(779, 39, 36, 3, 0),
(780, 27, 25, 2, 0),
(781, 12, 11, 1, 0),
(782, 28, 25, 3, 0),
(783, 41, 39, 2, 0),
(784, 25, 22, 3, 0),
(785, 27, 26, 1, 0),
(786, 27, 25, 2, 0),
(787, 21, 18, 3, 0),
(788, 19, 17, 2, 0),
(789, 15, 13, 2, 0),
(790, 32, 28, 4, 0),
(791, 26, 23, 3, 0),
(792, 8, 7, 1, 0),
(793, 23, 22, 1, 0),
(794, 29, 28, 1, 0),
(795, 29, 26, 3, 0),
(796, 29, 24, 5, 0),
(797, 27, 25, 2, 0),
(798, 34, 33, 1, 0),
(799, 25, 24, 1, 0),
(800, 23, 20, 3, 0),
(801, 29, 27, 2, 0),
(802, 17, 15, 2, 0),
(803, 33, 30, 3, 0),
(804, 32, 29, 3, 0),
(805, 28, 28, 0, 1),
(806, 23, 22, 1, 0),
(807, 42, 40, 2, 0),
(808, 37, 37, 0, 1),
(809, 24, 20, 4, 0),
(810, 7, 7, 0, 1),
(811, 27, 26, 1, 0),
(812, 29, 29, 0, 1),
(813, 20, 19, 1, 0),
(814, 39, 39, 0, 1),
(815, 27, 25, 2, 0),
(816, 18, 16, 2, 0),
(817, 9, 5, 4, 0),
(818, 19, 14, 5, 0),
(819, 16, 15, 1, 0),
(820, 32, 30, 2, 0),
(821, 29, 28, 1, 0),
(822, 36, 31, 5, 0),
(823, 31, 28, 3, 0),
(824, 32, 29, 3, 0),
(825, 25, 24, 1, 0),
(826, 26, 24, 2, 0),
(827, 42, 40, 2, 0),
(828, 30, 28, 2, 0),
(829, 18, 18, 0, 1),
(830, 27, 26, 1, 0),
(831, 27, 26, 1, 0),
(832, 22, 19, 3, 0),
(833, 28, 24, 4, 0),
(834, 23, 19, 4, 0),
(835, 30, 27, 3, 0),
(836, 26, 24, 2, 0),
(837, 30, 26, 4, 0),
(838, 4, 4, 0, 1),
(839, 40, 38, 2, 0),
(840, 31, 28, 3, 0),
(841, 18, 16, 2, 0),
(842, 22, 21, 1, 0),
(843, 24, 23, 1, 0),
(844, 31, 31, 0, 1),
(845, 26, 24, 2, 0),
(846, 22, 21, 1, 0),
(847, 18, 16, 2, 0),
(848, 16, 12, 4, 0),
(849, 33, 33, 0, 1),
(850, 20, 18, 2, 0),
(851, 27, 25, 2, 0),
(852, 20, 19, 1, 0),
(853, 30, 27, 3, 0),
(854, 29, 28, 1, 0),
(855, 32, 29, 3, 0),
(856, 29, 26, 3, 0),
(857, 24, 24, 0, 1),
(858, 26, 25, 1, 0),
(859, 36, 33, 3, 0),
(860, 25, 23, 2, 0),
(861, 30, 27, 3, 0),
(862, 27, 26, 1, 0),
(863, 28, 28, 0, 1),
(864, 35, 30, 5, 0),
(865, 45, 44, 1, 0),
(866, 22, 19, 3, 0),
(867, 36, 34, 2, 0),
(868, 17, 14, 3, 0),
(869, 41, 38, 3, 0),
(870, 26, 20, 6, 0),
(871, 32, 28, 4, 0),
(872, 41, 36, 5, 0),
(873, 30, 27, 3, 0),
(874, 26, 24, 2, 0),
(875, 33, 31, 2, 0),
(876, 38, 38, 0, 1),
(877, 37, 34, 3, 0),
(878, 25, 24, 1, 0),
(879, 34, 33, 1, 0),
(880, 28, 26, 2, 0),
(881, 32, 32, 0, 1),
(882, 29, 27, 2, 0),
(883, 25, 22, 3, 0),
(884, 24, 22, 2, 0),
(885, 25, 24, 1, 0),
(886, 19, 15, 4, 0),
(887, 26, 23, 3, 0),
(888, 30, 28, 2, 0),
(889, 26, 22, 4, 0),
(890, 44, 43, 1, 0),
(891, 34, 34, 0, 1),
(892, 25, 21, 4, 0),
(893, 36, 33, 3, 0),
(894, 32, 30, 2, 0),
(895, 25, 22, 3, 0),
(896, 31, 28, 3, 0),
(897, 34, 33, 1, 0),
(898, 34, 33, 1, 0),
(899, 45, 39, 6, 0),
(900, 51, 49, 2, 0),
(901, 32, 28, 4, 0),
(902, 39, 38, 1, 0),
(903, 44, 40, 4, 0),
(904, 26, 24, 2, 0),
(905, 28, 26, 2, 0),
(906, 36, 32, 4, 0),
(907, 28, 24, 4, 0),
(908, 34, 32, 2, 0),
(909, 27, 25, 2, 0),
(910, 35, 32, 3, 0),
(911, 38, 34, 4, 0),
(912, 25, 22, 3, 0),
(913, 19, 18, 1, 0),
(914, 18, 16, 2, 0),
(915, 33, 29, 4, 0),
(916, 33, 28, 5, 0),
(917, 28, 24, 4, 0),
(918, 47, 44, 3, 0),
(919, 27, 26, 1, 0),
(920, 35, 31, 4, 0),
(921, 28, 25, 3, 0),
(922, 6, 3, 3, 0),
(923, 33, 30, 3, 0),
(924, 32, 27, 5, 0),
(925, 40, 40, 0, 1),
(926, 46, 43, 3, 0),
(927, 16, 16, 0, 1),
(928, 10, 7, 3, 0),
(929, 21, 17, 4, 0),
(930, 16, 15, 1, 0),
(931, 35, 33, 2, 0),
(932, 39, 38, 1, 0),
(933, 29, 26, 3, 0),
(934, 42, 40, 2, 0),
(935, 19, 18, 1, 0),
(936, 49, 45, 4, 0),
(937, 33, 33, 0, 1),
(938, 29, 27, 2, 0),
(939, 22, 18, 4, 0),
(940, 33, 32, 1, 0),
(941, 38, 37, 1, 0),
(942, 28, 27, 1, 0),
(943, 24, 20, 4, 0),
(944, 41, 38, 3, 0),
(945, 32, 30, 2, 0),
(946, 17, 16, 1, 0),
(947, 17, 13, 4, 0),
(948, 21, 19, 2, 0),
(949, 28, 23, 5, 0),
(950, 32, 28, 4, 0),
(951, 20, 20, 0, 1),
(952, 22, 19, 3, 0),
(953, 37, 35, 2, 0),
(954, 33, 31, 2, 0),
(955, 28, 28, 0, 1),
(956, 27, 24, 3, 0),
(957, 34, 30, 4, 0),
(958, 36, 34, 2, 0),
(959, 25, 23, 2, 0),
(960, 16, 15, 1, 0),
(961, 33, 29, 4, 0),
(962, 29, 28, 1, 0),
(963, 36, 35, 1, 0),
(964, 42, 40, 2, 0),
(965, 39, 37, 2, 0),
(966, 33, 32, 1, 0),
(967, 21, 18, 3, 0),
(968, 34, 30, 4, 0),
(969, 31, 29, 2, 0),
(970, 35, 32, 3, 0),
(971, 18, 16, 2, 0),
(972, 25, 24, 1, 0),
(973, 35, 35, 0, 1),
(974, 38, 33, 5, 0),
(975, 28, 26, 2, 0),
(976, 29, 25, 4, 0),
(977, 19, 16, 3, 0),
(978, 24, 24, 0, 1),
(979, 36, 34, 2, 0),
(980, 28, 25, 3, 0),
(981, 27, 25, 2, 0),
(982, 25, 21, 4, 0),
(983, 35, 33, 2, 0),
(984, 25, 22, 3, 0),
(985, 34, 30, 4, 0),
(986, 24, 22, 2, 0),
(987, 40, 39, 1, 0),
(988, 29, 25, 4, 0),
(989, 37, 34, 3, 0),
(990, 18, 16, 2, 0),
(991, 36, 35, 1, 0),
(992, 28, 26, 2, 0),
(993, 28, 22, 6, 0),
(994, 33, 30, 3, 0),
(995, 23, 22, 1, 0),
(996, 37, 33, 4, 0),
(997, 31, 31, 0, 1),
(998, 30, 27, 3, 0),
(999, 29, 27, 2, 0);

INSERT INTO Skater_Stats (skstatsid, shots, goals, assists, hits, blocks) VALUES 
(0, 0, 0, 1, 2, 1),
(1, 4, 0, 1, 2, 2),
(2, 1, 0, 0, 1, 0),
(3, 0, 0, 3, 0, 0),
(4, 3, 0, 0, 2, 0),
(5, 2, 0, 1, 0, 0),
(6, 0, 0, 0, 2, 0),
(7, 0, 0, 0, 0, 0),
(8, 0, 0, 0, 1, 0),
(9, 1, 0, 0, 5, 1),
(10, 1, 0, 0, 1, 2),
(11, 2, 0, 2, 0, 0),
(12, 2, 1, 0, 0, 1),
(13, 0, 0, 0, 2, 2),
(14, 3, 2, 0, 1, 1),
(15, 1, 0, 0, 2, 0),
(16, 1, 0, 0, 3, 0),
(17, 6, 1, 0, 6, 1),
(18, 2, 1, 0, 0, 1),
(19, 1, 0, 0, 0, 1),
(20, 1, 1, 0, 0, 1),
(21, 0, 0, 1, 1, 0),
(22, 0, 0, 3, 2, 1),
(23, 0, 0, 0, 3, 0),
(24, 2, 0, 0, 2, 0),
(25, 3, 0, 1, 1, 2),
(26, 6, 1, 3, 1, 0),
(27, 0, 0, 0, 1, 1),
(28, 0, 0, 0, 0, 0),
(29, 0, 0, 0, 2, 0),
(30, 3, 2, 2, 0, 0),
(31, 0, 0, 0, 3, 1),
(32, 4, 2, 1, 0, 0),
(33, 3, 0, 0, 1, 1),
(34, 2, 0, 0, 3, 0),
(35, 1, 0, 0, 0, 0),
(36, 2, 0, 0, 3, 0),
(37, 1, 0, 0, 0, 0),
(38, 3, 0, 1, 0, 0),
(39, 4, 0, 1, 1, 1),
(40, 1, 0, 1, 2, 0),
(41, 3, 0, 0, 0, 2),
(42, 1, 0, 0, 0, 0),
(43, 2, 1, 0, 0, 1),
(44, 1, 0, 0, 0, 0),
(45, 3, 0, 1, 1, 1),
(46, 2, 0, 1, 0, 0),
(47, 1, 1, 0, 0, 4),
(48, 2, 1, 0, 0, 1),
(49, 2, 0, 0, 4, 0),
(50, 2, 0, 0, 1, 2),
(51, 0, 0, 0, 1, 1),
(52, 1, 0, 0, 3, 1),
(53, 2, 1, 1, 0, 0),
(54, 1, 0, 0, 0, 0),
(55, 0, 0, 0, 0, 3),
(56, 1, 0, 0, 0, 0),
(57, 2, 0, 0, 3, 0),
(58, 0, 0, 0, 1, 3),
(59, 2, 0, 1, 0, 1),
(60, 2, 0, 2, 0, 0),
(61, 5, 1, 0, 1, 0),
(62, 3, 0, 0, 5, 1),
(63, 6, 1, 1, 0, 1),
(64, 3, 0, 0, 1, 0),
(65, 4, 1, 0, 1, 0),
(66, 0, 0, 0, 2, 1),
(67, 2, 0, 1, 0, 2),
(68, 1, 0, 0, 1, 1),
(69, 1, 0, 0, 0, 0),
(70, 0, 0, 0, 0, 0),
(71, 0, 0, 0, 2, 1),
(72, 1, 0, 2, 0, 4),
(73, 0, 0, 0, 0, 1),
(74, 3, 0, 0, 0, 1),
(75, 0, 0, 0, 2, 1),
(76, 1, 0, 0, 0, 0),
(77, 3, 1, 0, 1, 1),
(78, 1, 0, 0, 4, 2),
(79, 1, 0, 1, 2, 0),
(80, 0, 0, 1, 0, 3),
(81, 4, 1, 1, 2, 0),
(82, 2, 1, 0, 1, 0),
(83, 3, 0, 1, 2, 0),
(84, 0, 0, 0, 0, 1),
(85, 1, 0, 0, 2, 0),
(86, 1, 0, 1, 0, 2),
(87, 0, 0, 0, 1, 2),
(88, 4, 1, 1, 0, 2),
(89, 4, 0, 0, 0, 0),
(90, 1, 0, 0, 1, 0),
(91, 1, 0, 1, 0, 0),
(92, 0, 0, 0, 1, 1),
(93, 1, 0, 0, 2, 2),
(94, 1, 1, 0, 0, 1),
(95, 0, 0, 0, 1, 0),
(96, 4, 0, 0, 2, 1),
(97, 2, 0, 1, 1, 0),
(98, 0, 0, 0, 0, 1),
(99, 4, 0, 0, 3, 0),
(100, 2, 0, 0, 1, 0),
(101, 0, 0, 0, 0, 2),
(102, 1, 0, 0, 0, 0),
(103, 1, 0, 0, 1, 1),
(104, 0, 0, 0, 1, 0),
(105, 0, 0, 0, 2, 0),
(106, 1, 0, 0, 3, 0),
(107, 2, 0, 0, 3, 0),
(108, 1, 0, 0, 1, 0),
(109, 5, 1, 0, 2, 0),
(110, 0, 0, 0, 3, 1),
(111, 1, 0, 0, 0, 0),
(112, 1, 0, 0, 1, 1),
(113, 2, 0, 0, 0, 0),
(114, 2, 0, 0, 2, 1),
(115, 1, 0, 0, 2, 1),
(116, 0, 0, 0, 0, 0),
(117, 1, 0, 0, 0, 0),
(118, 2, 0, 1, 1, 2),
(119, 0, 0, 0, 2, 2),
(120, 0, 0, 1, 3, 4),
(121, 0, 0, 0, 0, 0),
(122, 2, 0, 0, 0, 0),
(123, 2, 0, 0, 1, 4),
(124, 1, 0, 0, 0, 0),
(125, 0, 0, 0, 3, 0),
(126, 0, 0, 0, 0, 1),
(127, 0, 0, 0, 0, 0),
(128, 4, 1, 0, 2, 0),
(129, 2, 0, 0, 6, 1),
(130, 0, 0, 0, 0, 2),
(131, 0, 0, 0, 0, 3),
(132, 0, 0, 0, 2, 0),
(133, 2, 0, 0, 0, 1),
(134, 2, 0, 0, 0, 0),
(135, 4, 0, 0, 1, 1),
(136, 1, 0, 0, 0, 1),
(137, 0, 0, 0, 0, 0),
(138, 2, 0, 0, 0, 0),
(139, 1, 1, 1, 3, 0),
(140, 6, 0, 0, 1, 0),
(141, 2, 0, 1, 0, 1),
(142, 0, 0, 2, 0, 0),
(143, 3, 0, 0, 1, 2),
(144, 1, 0, 0, 1, 3),
(145, 1, 0, 0, 2, 1),
(146, 1, 0, 1, 5, 2),
(147, 2, 1, 0, 2, 0),
(148, 3, 0, 0, 1, 0),
(149, 1, 0, 0, 2, 0),
(150, 0, 0, 0, 0, 0),
(151, 1, 0, 0, 0, 0),
(152, 0, 0, 0, 2, 1),
(153, 1, 0, 0, 0, 0),
(154, 1, 0, 0, 2, 0),
(155, 1, 0, 0, 0, 0),
(156, 4, 0, 0, 0, 0),
(157, 3, 0, 0, 0, 0),
(158, 2, 0, 0, 1, 0),
(159, 1, 0, 0, 0, 0),
(160, 0, 0, 0, 2, 0),
(161, 0, 0, 0, 0, 0),
(162, 1, 0, 0, 0, 2),
(163, 0, 0, 0, 1, 0),
(164, 2, 0, 0, 0, 1),
(165, 4, 1, 0, 0, 1),
(166, 3, 0, 2, 1, 1),
(167, 3, 0, 0, 0, 1),
(168, 2, 0, 0, 0, 1),
(169, 3, 0, 0, 1, 0),
(170, 0, 0, 0, 0, 0),
(171, 2, 0, 0, 3, 0),
(172, 5, 0, 0, 2, 3),
(173, 2, 0, 0, 0, 1),
(174, 3, 0, 0, 1, 1),
(175, 2, 1, 1, 2, 1),
(176, 1, 0, 0, 4, 0),
(177, 2, 0, 1, 0, 1),
(178, 2, 0, 0, 0, 7),
(179, 4, 0, 0, 0, 0),
(180, 2, 0, 0, 1, 3),
(181, 2, 0, 0, 1, 1),
(182, 3, 0, 0, 0, 1),
(183, 1, 0, 1, 0, 3),
(184, 5, 1, 2, 1, 0),
(185, 4, 1, 1, 0, 0),
(186, 3, 0, 0, 0, 1),
(187, 1, 0, 0, 2, 2),
(188, 2, 1, 1, 1, 1),
(189, 4, 0, 0, 2, 4),
(190, 1, 0, 0, 0, 0),
(191, 2, 0, 0, 1, 0),
(192, 1, 0, 1, 2, 6),
(193, 3, 0, 0, 3, 0),
(194, 1, 1, 0, 3, 0),
(195, 3, 0, 1, 0, 2),
(196, 1, 0, 0, 1, 0),
(197, 0, 0, 0, 1, 0),
(198, 3, 0, 0, 1, 2),
(199, 1, 0, 0, 1, 3),
(200, 0, 0, 0, 1, 0),
(201, 2, 0, 0, 4, 0),
(202, 2, 0, 0, 0, 0),
(203, 1, 0, 1, 1, 1),
(204, 1, 0, 0, 2, 1),
(205, 0, 0, 0, 1, 1),
(206, 1, 0, 0, 0, 0),
(207, 0, 0, 0, 2, 1),
(208, 1, 0, 1, 3, 0),
(209, 0, 0, 0, 4, 0),
(210, 2, 0, 0, 1, 1),
(211, 0, 0, 0, 0, 1),
(212, 1, 0, 0, 1, 0),
(213, 2, 0, 0, 2, 1),
(214, 5, 1, 0, 0, 0),
(215, 1, 0, 0, 3, 6),
(216, 3, 0, 0, 3, 0),
(217, 3, 0, 0, 0, 0),
(218, 2, 0, 0, 0, 0),
(219, 2, 0, 0, 1, 0),
(220, 2, 0, 0, 0, 0),
(221, 0, 0, 0, 0, 0),
(222, 0, 0, 0, 2, 1),
(223, 3, 0, 0, 0, 2),
(224, 0, 0, 0, 1, 1),
(225, 0, 0, 0, 1, 1),
(226, 1, 0, 0, 0, 0),
(227, 0, 0, 0, 8, 1),
(228, 1, 0, 0, 2, 0),
(229, 1, 0, 1, 1, 1),
(230, 1, 1, 0, 1, 0),
(231, 0, 0, 0, 2, 0),
(232, 5, 0, 1, 2, 0),
(233, 2, 0, 0, 0, 0),
(234, 2, 1, 0, 1, 1),
(235, 2, 0, 0, 3, 0),
(236, 3, 0, 0, 1, 1),
(237, 5, 0, 1, 0, 1),
(238, 0, 0, 0, 1, 0),
(239, 1, 0, 0, 1, 1),
(240, 3, 0, 0, 0, 0),
(241, 2, 0, 0, 0, 2),
(242, 2, 0, 1, 2, 0),
(243, 6, 1, 0, 1, 1),
(244, 0, 0, 0, 1, 2),
(245, 3, 0, 0, 1, 0),
(246, 2, 0, 0, 7, 0),
(247, 2, 0, 0, 1, 5),
(248, 3, 0, 1, 0, 0),
(249, 3, 0, 0, 2, 0),
(250, 1, 0, 0, 0, 0),
(251, 1, 0, 1, 1, 0),
(252, 0, 0, 0, 0, 0),
(253, 0, 0, 0, 0, 0),
(254, 1, 0, 0, 0, 1),
(255, 0, 0, 0, 1, 0),
(256, 0, 0, 0, 0, 2),
(257, 2, 0, 0, 0, 0),
(258, 1, 0, 0, 4, 3),
(259, 0, 0, 0, 2, 3),
(260, 0, 0, 0, 0, 0),
(261, 1, 0, 0, 1, 0),
(262, 0, 0, 0, 0, 0),
(263, 3, 0, 0, 0, 2),
(264, 1, 1, 0, 0, 0),
(265, 3, 0, 0, 0, 0),
(266, 3, 0, 0, 1, 1),
(267, 2, 0, 0, 1, 1),
(268, 2, 0, 0, 0, 2),
(269, 1, 0, 0, 1, 0),
(270, 1, 0, 0, 0, 0),
(271, 1, 0, 0, 0, 1),
(272, 1, 0, 0, 2, 0),
(273, 4, 1, 0, 0, 1),
(274, 5, 1, 0, 1, 1),
(275, 3, 0, 1, 0, 0),
(276, 2, 0, 2, 0, 1),
(277, 0, 0, 0, 0, 0),
(278, 1, 0, 1, 3, 2),
(279, 1, 0, 0, 0, 1),
(280, 3, 0, 0, 0, 0),
(281, 2, 0, 1, 0, 2),
(282, 3, 0, 0, 0, 0),
(283, 2, 0, 3, 0, 0),
(284, 3, 0, 0, 0, 0),
(285, 2, 2, 0, 2, 1),
(286, 0, 0, 0, 1, 0),
(287, 1, 0, 0, 1, 2),
(288, 3, 0, 0, 0, 0),
(289, 2, 0, 0, 0, 0),
(290, 0, 0, 0, 1, 4),
(291, 0, 0, 0, 0, 1),
(292, 0, 0, 0, 0, 3),
(293, 2, 0, 0, 0, 0),
(294, 1, 0, 0, 0, 0),
(295, 2, 0, 0, 1, 2),
(296, 4, 0, 0, 0, 0),
(297, 3, 0, 0, 0, 1),
(298, 0, 0, 0, 2, 0),
(299, 0, 0, 0, 1, 0),
(300, 4, 0, 0, 0, 1),
(301, 4, 0, 0, 0, 1),
(302, 2, 0, 0, 2, 0),
(303, 2, 0, 0, 0, 1),
(304, 1, 0, 0, 3, 0),
(305, 4, 0, 0, 2, 0),
(306, 4, 0, 0, 3, 0),
(307, 1, 0, 0, 1, 1),
(308, 2, 0, 0, 3, 1),
(309, 2, 0, 0, 0, 1),
(310, 1, 0, 0, 1, 3),
(311, 2, 0, 0, 0, 1),
(312, 2, 1, 0, 0, 0),
(313, 2, 0, 0, 3, 1),
(314, 1, 0, 0, 0, 0),
(315, 1, 0, 0, 0, 2),
(316, 1, 0, 0, 1, 1),
(317, 0, 0, 0, 2, 1),
(318, 1, 0, 0, 2, 0),
(319, 1, 0, 1, 0, 1),
(320, 3, 1, 1, 0, 0),
(321, 1, 0, 0, 3, 0),
(322, 7, 0, 1, 0, 0),
(323, 0, 0, 1, 1, 0),
(324, 0, 0, 0, 3, 0),
(325, 4, 0, 0, 0, 1),
(326, 0, 0, 0, 1, 0),
(327, 1, 0, 0, 0, 1),
(328, 1, 0, 1, 0, 2),
(329, 3, 1, 0, 2, 1),
(330, 3, 0, 0, 5, 1),
(331, 1, 0, 0, 3, 1),
(332, 0, 0, 0, 5, 0),
(333, 4, 0, 0, 1, 0),
(334, 1, 1, 0, 0, 0),
(335, 2, 0, 0, 5, 2),
(336, 3, 0, 1, 1, 0),
(337, 1, 0, 0, 1, 0),
(338, 2, 0, 0, 0, 3),
(339, 6, 0, 1, 2, 2),
(340, 1, 0, 1, 2, 3),
(341, 3, 0, 0, 0, 0),
(342, 5, 0, 1, 0, 1),
(343, 0, 0, 0, 0, 2),
(344, 3, 0, 0, 7, 1),
(345, 0, 0, 0, 0, 0),
(346, 2, 0, 1, 0, 0),
(347, 1, 0, 0, 3, 0),
(348, 2, 0, 0, 1, 1),
(349, 4, 0, 0, 1, 1),
(350, 2, 0, 0, 2, 2),
(351, 2, 0, 0, 0, 1),
(352, 2, 0, 0, 0, 0),
(353, 1, 0, 0, 9, 0),
(354, 11, 2, 0, 0, 0),
(355, 1, 0, 0, 1, 0),
(356, 0, 0, 0, 9, 0),
(357, 4, 0, 0, 1, 1),
(358, 1, 0, 0, 2, 1),
(359, 0, 0, 0, 0, 1),
(360, 0, 0, 0, 3, 0),
(361, 4, 0, 4, 1, 3),
(362, 4, 0, 0, 3, 1),
(363, 0, 0, 0, 0, 1),
(364, 0, 0, 0, 1, 0),
(365, 1, 0, 0, 0, 0),
(366, 0, 0, 0, 0, 0),
(367, 1, 1, 0, 0, 0),
(368, 0, 0, 0, 3, 2),
(369, 1, 0, 0, 1, 0),
(370, 1, 0, 0, 1, 2),
(371, 4, 0, 1, 1, 3),
(372, 3, 0, 0, 0, 1),
(373, 1, 0, 0, 0, 0),
(374, 4, 2, 1, 0, 1),
(375, 2, 1, 1, 0, 0),
(376, 0, 0, 0, 4, 1),
(377, 0, 0, 0, 4, 0),
(378, 0, 0, 0, 2, 1),
(379, 1, 0, 1, 0, 3),
(380, 1, 0, 0, 0, 0),
(381, 5, 0, 0, 2, 1),
(382, 11, 1, 0, 4, 0),
(383, 0, 0, 0, 2, 1),
(384, 0, 0, 1, 1, 0),
(385, 1, 0, 0, 0, 1),
(386, 0, 0, 0, 1, 2),
(387, 1, 0, 0, 2, 1),
(388, 4, 0, 0, 1, 0),
(389, 0, 0, 0, 1, 0),
(390, 3, 0, 0, 3, 1),
(391, 1, 0, 0, 1, 0),
(392, 1, 0, 0, 0, 0),
(393, 3, 0, 0, 1, 1),
(394, 1, 0, 0, 1, 2),
(395, 1, 0, 0, 0, 0),
(396, 3, 0, 1, 2, 0),
(397, 0, 0, 1, 1, 1),
(398, 0, 0, 0, 5, 2),
(399, 2, 0, 1, 1, 1),
(400, 2, 0, 0, 1, 0),
(401, 2, 0, 0, 1, 0),
(402, 3, 2, 0, 3, 1),
(403, 1, 0, 0, 2, 1),
(404, 1, 0, 1, 3, 0),
(405, 0, 0, 0, 4, 1),
(406, 1, 0, 0, 3, 4),
(407, 3, 0, 0, 1, 0),
(408, 2, 0, 0, 1, 2),
(409, 0, 0, 0, 2, 0),
(410, 0, 0, 0, 0, 1),
(411, 0, 0, 0, 3, 2),
(412, 2, 0, 0, 2, 0),
(413, 2, 0, 0, 0, 1),
(414, 2, 0, 0, 0, 1),
(415, 6, 0, 0, 2, 0),
(416, 1, 0, 1, 0, 0),
(417, 0, 0, 0, 0, 1),
(418, 0, 0, 0, 2, 2),
(419, 1, 0, 0, 3, 5),
(420, 3, 0, 0, 4, 0),
(421, 0, 0, 0, 0, 0),
(422, 1, 0, 0, 2, 1),
(423, 2, 0, 0, 2, 1),
(424, 2, 1, 1, 2, 1),
(425, 1, 0, 1, 0, 3),
(426, 2, 0, 1, 3, 2),
(427, 0, 0, 2, 3, 1),
(428, 0, 0, 0, 1, 0),
(429, 2, 1, 0, 3, 1),
(430, 4, 2, 0, 0, 0),
(431, 1, 0, 0, 3, 0),
(432, 4, 0, 0, 3, 2),
(433, 2, 0, 0, 1, 2),
(434, 0, 0, 0, 0, 1),
(435, 1, 0, 0, 1, 0),
(436, 0, 0, 0, 1, 1),
(437, 2, 0, 0, 3, 1),
(438, 4, 0, 0, 4, 1),
(439, 1, 0, 0, 0, 0),
(440, 0, 0, 0, 2, 0),
(441, 1, 0, 1, 0, 0),
(442, 2, 0, 0, 0, 1),
(443, 2, 0, 1, 0, 1),
(444, 0, 0, 0, 1, 1),
(445, 1, 0, 0, 1, 0),
(446, 5, 2, 0, 2, 1),
(447, 3, 0, 1, 3, 2),
(448, 6, 0, 0, 1, 1),
(449, 0, 0, 0, 0, 0),
(450, 1, 0, 0, 1, 1),
(451, 2, 0, 0, 0, 0),
(452, 4, 0, 0, 2, 0),
(453, 0, 0, 0, 2, 1),
(454, 5, 1, 0, 2, 0),
(455, 0, 0, 0, 2, 0),
(456, 0, 0, 0, 1, 0),
(457, 3, 0, 0, 1, 0),
(458, 1, 0, 0, 1, 0),
(459, 1, 0, 0, 1, 0),
(460, 2, 0, 1, 5, 1),
(461, 0, 0, 0, 1, 0),
(462, 1, 0, 0, 1, 3),
(463, 2, 0, 0, 2, 1),
(464, 5, 0, 1, 1, 0),
(465, 1, 0, 0, 0, 1),
(466, 1, 0, 1, 1, 0),
(467, 4, 2, 1, 1, 0),
(468, 2, 1, 0, 0, 0),
(469, 2, 0, 0, 2, 0),
(470, 0, 0, 1, 0, 3),
(471, 2, 1, 0, 1, 1),
(472, 5, 0, 0, 1, 0),
(473, 1, 0, 1, 1, 1),
(474, 2, 0, 0, 2, 0),
(475, 0, 0, 0, 1, 2),
(476, 2, 0, 0, 0, 0),
(477, 4, 0, 1, 0, 1),
(478, 0, 0, 0, 1, 0),
(479, 3, 1, 0, 2, 0),
(480, 1, 0, 1, 2, 1),
(481, 1, 0, 1, 0, 0),
(482, 1, 0, 0, 0, 0),
(483, 1, 0, 0, 5, 0),
(484, 0, 0, 0, 1, 1),
(485, 0, 0, 0, 2, 1),
(486, 1, 0, 0, 2, 0),
(487, 0, 0, 0, 8, 0),
(488, 5, 1, 0, 1, 1),
(489, 0, 0, 1, 0, 0),
(490, 1, 0, 1, 1, 0),
(491, 0, 0, 0, 4, 0),
(492, 3, 0, 0, 2, 2),
(493, 1, 0, 1, 1, 0),
(494, 0, 0, 0, 5, 1),
(495, 1, 0, 0, 0, 0),
(496, 3, 1, 0, 0, 0),
(497, 0, 0, 0, 0, 0),
(498, 2, 0, 0, 0, 0),
(499, 2, 0, 0, 1, 0),
(500, 1, 0, 0, 5, 1),
(501, 2, 0, 0, 3, 2),
(502, 3, 0, 0, 2, 0),
(503, 0, 0, 1, 0, 0),
(504, 4, 1, 0, 2, 3),
(505, 3, 1, 0, 1, 3),
(506, 2, 0, 0, 0, 2),
(507, 2, 0, 0, 0, 0),
(508, 2, 0, 0, 2, 0),
(509, 1, 0, 1, 2, 0),
(510, 2, 0, 0, 1, 2),
(511, 0, 0, 0, 2, 1),
(512, 2, 0, 0, 5, 4),
(513, 0, 0, 0, 3, 0),
(514, 0, 0, 0, 2, 1),
(515, 2, 0, 0, 2, 1),
(516, 4, 0, 1, 1, 1),
(517, 3, 0, 1, 0, 1),
(518, 1, 0, 1, 0, 0),
(519, 1, 0, 0, 2, 0),
(520, 2, 0, 0, 4, 1),
(521, 1, 0, 0, 3, 1),
(522, 2, 0, 0, 1, 1),
(523, 2, 0, 1, 2, 0),
(524, 0, 0, 0, 1, 0),
(525, 0, 0, 1, 1, 0),
(526, 1, 0, 1, 2, 4),
(527, 2, 1, 0, 1, 2),
(528, 4, 0, 0, 4, 2),
(529, 2, 0, 0, 5, 1),
(530, 1, 0, 0, 2, 0),
(531, 1, 1, 0, 0, 0),
(532, 0, 0, 1, 2, 3),
(533, 1, 0, 2, 6, 3),
(534, 1, 0, 1, 3, 0),
(535, 0, 0, 1, 1, 0),
(536, 1, 0, 0, 0, 1),
(537, 1, 1, 0, 0, 0),
(538, 2, 1, 0, 1, 2),
(539, 1, 1, 0, 0, 1),
(540, 4, 1, 0, 1, 0),
(541, 1, 0, 0, 0, 2),
(542, 1, 0, 0, 4, 1),
(543, 1, 0, 0, 2, 0),
(544, 1, 0, 0, 1, 1),
(545, 0, 0, 1, 3, 0),
(546, 0, 0, 1, 3, 0),
(547, 2, 0, 1, 0, 0),
(548, 4, 0, 1, 0, 0),
(549, 5, 0, 1, 1, 0),
(550, 0, 0, 0, 0, 0),
(551, 0, 0, 0, 1, 0),
(552, 2, 0, 0, 1, 1),
(553, 3, 1, 0, 1, 0),
(554, 4, 1, 1, 1, 0),
(555, 0, 0, 0, 0, 1),
(556, 0, 0, 0, 1, 0),
(557, 1, 0, 0, 1, 0),
(558, 4, 0, 0, 1, 1),
(559, 0, 0, 0, 4, 1),
(560, 1, 1, 0, 2, 0),
(561, 2, 0, 0, 1, 1),
(562, 2, 0, 1, 1, 0),
(563, 1, 0, 0, 2, 0),
(564, 0, 0, 0, 1, 3),
(565, 1, 0, 0, 0, 1),
(566, 3, 0, 0, 0, 0),
(567, 1, 0, 0, 3, 2),
(568, 2, 0, 0, 1, 0),
(569, 1, 0, 0, 0, 2),
(570, 3, 0, 1, 1, 1),
(571, 1, 1, 0, 2, 2),
(572, 4, 0, 1, 1, 2),
(573, 4, 0, 1, 1, 0),
(574, 1, 0, 0, 1, 0),
(575, 1, 0, 0, 0, 0),
(576, 3, 0, 0, 1, 0),
(577, 4, 0, 0, 0, 1),
(578, 4, 1, 1, 0, 1),
(579, 7, 1, 1, 1, 0),
(580, 0, 0, 0, 0, 2),
(581, 1, 0, 0, 0, 0),
(582, 3, 0, 2, 0, 0),
(583, 1, 0, 0, 0, 0),
(584, 3, 0, 1, 0, 2),
(585, 0, 0, 0, 0, 2),
(586, 1, 0, 1, 2, 1),
(587, 0, 0, 0, 1, 0),
(588, 5, 1, 0, 0, 2),
(589, 1, 0, 0, 0, 2),
(590, 1, 0, 0, 0, 2),
(591, 1, 0, 0, 3, 0),
(592, 0, 0, 0, 0, 1),
(593, 0, 0, 0, 0, 1),
(594, 3, 0, 0, 0, 1),
(595, 0, 0, 0, 3, 0),
(596, 3, 1, 0, 2, 1),
(597, 1, 0, 0, 2, 4),
(598, 1, 0, 1, 2, 1),
(599, 2, 0, 0, 1, 1),
(600, 1, 0, 0, 1, 1),
(601, 1, 0, 0, 1, 0),
(602, 0, 0, 2, 0, 0),
(603, 1, 0, 0, 0, 1),
(604, 0, 0, 0, 0, 0),
(605, 4, 1, 0, 0, 0),
(606, 2, 0, 0, 0, 1),
(607, 1, 0, 1, 0, 0),
(608, 4, 1, 0, 0, 1),
(609, 3, 0, 0, 0, 0),
(610, 1, 0, 0, 2, 1),
(611, 2, 0, 1, 0, 0),
(612, 2, 0, 0, 0, 1),
(613, 1, 0, 0, 3, 0),
(614, 1, 1, 1, 2, 0),
(615, 1, 0, 0, 1, 1),
(616, 1, 0, 0, 0, 0),
(617, 2, 0, 2, 2, 1),
(618, 0, 0, 1, 2, 1),
(619, 3, 0, 0, 1, 1),
(620, 1, 0, 0, 0, 0),
(621, 1, 0, 1, 1, 0),
(622, 2, 1, 0, 2, 0),
(623, 4, 0, 0, 1, 0),
(624, 0, 0, 0, 1, 0),
(625, 1, 0, 1, 1, 3),
(626, 1, 1, 0, 3, 1),
(627, 1, 0, 0, 3, 0),
(628, 2, 1, 0, 0, 2),
(629, 1, 1, 0, 0, 2),
(630, 1, 0, 0, 3, 0),
(631, 2, 0, 1, 0, 3),
(632, 5, 1, 0, 6, 1),
(633, 1, 0, 0, 0, 0),
(634, 2, 0, 1, 2, 4),
(635, 5, 0, 1, 3, 0),
(636, 1, 0, 0, 1, 1),
(637, 2, 0, 1, 0, 1),
(638, 1, 1, 0, 0, 0),
(639, 1, 0, 0, 3, 2),
(640, 0, 0, 1, 2, 0),
(641, 9, 2, 1, 4, 0),
(642, 0, 0, 0, 2, 1),
(643, 2, 0, 0, 4, 2),
(644, 0, 0, 1, 4, 0),
(645, 1, 0, 1, 1, 1),
(646, 1, 0, 0, 1, 0),
(647, 1, 0, 0, 0, 1),
(648, 1, 0, 0, 0, 2),
(649, 1, 1, 2, 0, 0),
(650, 1, 0, 0, 3, 2),
(651, 0, 0, 0, 4, 0),
(652, 1, 0, 0, 1, 0),
(653, 0, 0, 0, 2, 0),
(654, 6, 1, 1, 0, 0),
(655, 4, 1, 3, 0, 0),
(656, 0, 0, 0, 0, 0),
(657, 3, 1, 0, 5, 2),
(658, 0, 0, 0, 1, 0),
(659, 4, 0, 1, 0, 0),
(660, 1, 0, 1, 0, 0),
(661, 1, 1, 0, 1, 0),
(662, 4, 1, 1, 1, 2),
(663, 0, 0, 0, 1, 0),
(664, 2, 0, 1, 0, 0),
(665, 1, 1, 1, 0, 1),
(666, 0, 1, 0, 2, 0),
(667, 5, 0, 1, 2, 0),
(668, 2, 0, 0, 1, 0),
(669, 1, 0, 0, 2, 0),
(670, 2, 0, 0, 2, 0),
(671, 2, 0, 0, 1, 2),
(672, 2, 1, 1, 2, 0),
(673, 2, 0, 1, 1, 3),
(674, 1, 0, 0, 3, 1),
(675, 2, 0, 0, 0, 0),
(676, 1, 0, 0, 0, 0),
(677, 0, 0, 0, 1, 1),
(678, 2, 0, 0, 1, 1),
(679, 4, 1, 0, 3, 0),
(680, 2, 0, 0, 0, 0),
(681, 1, 0, 0, 0, 0),
(682, 2, 0, 1, 3, 0),
(683, 2, 0, 0, 0, 0),
(684, 1, 0, 1, 1, 0),
(685, 2, 0, 1, 0, 1),
(686, 1, 0, 0, 2, 1),
(687, 3, 0, 2, 0, 0),
(688, 1, 0, 0, 0, 1),
(689, 0, 0, 0, 1, 0),
(690, 0, 0, 0, 1, 0),
(691, 3, 0, 0, 1, 0),
(692, 4, 0, 1, 0, 0),
(693, 1, 1, 1, 0, 0),
(694, 1, 0, 0, 2, 0),
(695, 1, 1, 2, 0, 2),
(696, 4, 0, 1, 0, 0),
(697, 3, 2, 0, 0, 0),
(698, 0, 0, 0, 0, 1),
(699, 1, 0, 0, 0, 0),
(700, 2, 1, 0, 0, 1),
(701, 2, 1, 0, 2, 0),
(702, 0, 0, 0, 2, 0),
(703, 1, 0, 0, 0, 0),
(704, 0, 0, 0, 0, 0),
(705, 0, 0, 0, 1, 0),
(706, 2, 0, 0, 0, 0),
(707, 1, 0, 0, 1, 0),
(708, 0, 0, 0, 0, 0),
(709, 2, 0, 0, 0, 2),
(710, 0, 0, 0, 6, 0),
(711, 0, 0, 0, 0, 0),
(712, 4, 0, 1, 2, 0),
(713, 2, 0, 0, 1, 0),
(714, 2, 0, 0, 0, 0),
(715, 2, 1, 0, 2, 0),
(716, 0, 0, 0, 0, 0),
(717, 0, 0, 0, 1, 0),
(718, 1, 0, 0, 4, 0),
(719, 1, 0, 0, 1, 0),
(720, 0, 0, 0, 0, 0),
(721, 1, 0, 0, 0, 0),
(722, 0, 0, 0, 0, 1),
(723, 5, 0, 2, 1, 1),
(724, 1, 0, 1, 2, 0),
(725, 3, 0, 0, 1, 0),
(726, 3, 1, 0, 1, 1),
(727, 1, 0, 0, 0, 0),
(728, 2, 0, 0, 0, 0),
(729, 1, 1, 1, 0, 0),
(730, 1, 0, 0, 0, 0),
(731, 2, 0, 0, 0, 0),
(732, 1, 0, 3, 0, 0),
(733, 1, 0, 0, 2, 0),
(734, 1, 1, 0, 0, 0),
(735, 1, 0, 0, 0, 0),
(736, 1, 0, 0, 1, 0),
(737, 8, 1, 1, 2, 1),
(738, 2, 0, 0, 1, 2),
(739, 3, 0, 2, 0, 1),
(740, 1, 1, 0, 0, 0),
(741, 0, 0, 1, 0, 3),
(742, 4, 1, 1, 0, 1),
(743, 2, 0, 0, 1, 3),
(744, 3, 0, 1, 0, 0),
(745, 3, 1, 0, 0, 0),
(746, 0, 0, 0, 1, 0),
(747, 2, 0, 1, 0, 2),
(748, 2, 1, 0, 2, 1),
(749, 0, 0, 0, 0, 1),
(750, 2, 0, 0, 1, 1),
(751, 2, 1, 1, 5, 1),
(752, 1, 1, 0, 0, 4),
(753, 0, 0, 0, 0, 1),
(754, 2, 0, 1, 0, 0),
(755, 4, 0, 0, 0, 1),
(756, 1, 0, 0, 2, 0),
(757, 2, 1, 0, 2, 0),
(758, 2, 1, 0, 0, 0),
(759, 0, 0, 0, 1, 1),
(760, 1, 0, 1, 1, 1),
(761, 1, 0, 0, 0, 0),
(762, 0, 0, 0, 2, 1),
(763, 1, 0, 0, 0, 2),
(764, 1, 0, 0, 0, 1),
(765, 2, 0, 0, 2, 0),
(766, 0, 0, 0, 1, 2),
(767, 2, 0, 1, 0, 0),
(768, 0, 0, 0, 3, 2),
(769, 0, 0, 0, 2, 0),
(770, 2, 0, 0, 0, 0),
(771, 5, 0, 0, 2, 2),
(772, 2, 0, 0, 6, 1),
(773, 1, 0, 0, 0, 0),
(774, 1, 0, 0, 3, 3),
(775, 1, 0, 1, 0, 2),
(776, 1, 1, 0, 4, 0),
(777, 1, 0, 0, 1, 0),
(778, 2, 0, 0, 1, 3),
(779, 0, 0, 0, 0, 0),
(780, 3, 0, 0, 5, 0),
(781, 0, 0, 0, 4, 1),
(782, 2, 0, 0, 0, 0),
(783, 4, 1, 0, 0, 1),
(784, 2, 1, 0, 0, 0),
(785, 1, 0, 1, 0, 2),
(786, 2, 0, 2, 0, 0),
(787, 5, 1, 0, 0, 0),
(788, 0, 0, 0, 0, 0),
(789, 0, 0, 0, 1, 0),
(790, 2, 0, 0, 3, 4),
(791, 2, 0, 1, 1, 0),
(792, 0, 0, 0, 6, 0),
(793, 2, 1, 0, 0, 0),
(794, 2, 0, 0, 2, 1),
(795, 6, 1, 2, 0, 2),
(796, 1, 0, 1, 0, 0),
(797, 0, 0, 0, 0, 0),
(798, 2, 0, 0, 1, 2),
(799, 3, 0, 1, 0, 0),
(800, 1, 1, 2, 0, 1),
(801, 1, 0, 0, 2, 8),
(802, 0, 0, 0, 0, 1),
(803, 1, 0, 1, 2, 1),
(804, 0, 0, 2, 0, 0),
(805, 0, 0, 1, 0, 2),
(806, 2, 1, 1, 0, 3),
(807, 4, 1, 1, 1, 2),
(808, 1, 0, 1, 1, 1),
(809, 5, 2, 0, 1, 0),
(810, 2, 1, 0, 1, 0),
(811, 2, 0, 0, 0, 1),
(812, 5, 0, 1, 1, 1),
(813, 1, 0, 0, 1, 2),
(814, 1, 0, 0, 1, 1),
(815, 3, 0, 1, 0, 0),
(816, 0, 0, 0, 0, 0),
(817, 0, 0, 0, 1, 1),
(818, 2, 0, 1, 0, 0),
(819, 2, 0, 0, 0, 2),
(820, 0, 0, 0, 1, 0),
(821, 2, 0, 0, 2, 2),
(822, 5, 0, 0, 4, 4),
(823, 2, 0, 0, 0, 0),
(824, 2, 0, 0, 2, 0),
(825, 4, 1, 0, 0, 0),
(826, 4, 0, 0, 3, 0),
(827, 0, 0, 0, 1, 0),
(828, 1, 0, 0, 5, 1),
(829, 1, 0, 0, 1, 1),
(830, 4, 0, 1, 1, 0),
(831, 1, 0, 0, 0, 0),
(832, 0, 0, 0, 2, 2),
(833, 0, 0, 0, 1, 1),
(834, 1, 0, 0, 3, 1),
(835, 3, 1, 0, 0, 1),
(836, 0, 0, 0, 0, 2),
(837, 0, 0, 0, 3, 1),
(838, 1, 0, 0, 1, 2),
(839, 1, 0, 1, 0, 1),
(840, 0, 0, 0, 1, 0),
(841, 2, 0, 0, 2, 2),
(842, 1, 0, 0, 0, 1),
(843, 1, 0, 0, 0, 1),
(844, 1, 0, 0, 0, 1),
(845, 3, 0, 0, 0, 0),
(846, 0, 0, 1, 1, 0),
(847, 3, 0, 1, 0, 1),
(848, 0, 0, 0, 1, 4),
(849, 3, 0, 0, 0, 1),
(850, 0, 0, 0, 2, 0),
(851, 3, 1, 1, 1, 2),
(852, 3, 0, 0, 2, 0),
(853, 1, 0, 0, 5, 2),
(854, 2, 0, 0, 2, 1),
(855, 0, 0, 0, 6, 0),
(856, 4, 0, 1, 0, 1),
(857, 4, 1, 0, 3, 2),
(858, 2, 0, 0, 1, 4),
(859, 2, 0, 1, 1, 0),
(860, 2, 1, 0, 1, 1),
(861, 2, 0, 0, 0, 0),
(862, 4, 0, 1, 1, 1),
(863, 2, 0, 0, 0, 0),
(864, 3, 0, 0, 1, 0),
(865, 7, 0, 0, 1, 1),
(866, 2, 0, 0, 1, 0),
(867, 1, 0, 0, 1, 2),
(868, 0, 0, 0, 3, 3),
(869, 0, 0, 0, 1, 0),
(870, 2, 0, 0, 1, 2),
(871, 1, 0, 0, 1, 0),
(872, 4, 0, 0, 0, 0),
(873, 5, 0, 0, 1, 0),
(874, 2, 0, 0, 4, 0),
(875, 2, 0, 0, 3, 1),
(876, 0, 0, 0, 2, 0),
(877, 0, 0, 0, 4, 0),
(878, 2, 0, 0, 3, 0),
(879, 2, 0, 0, 3, 2),
(880, 2, 0, 0, 1, 1),
(881, 3, 0, 0, 2, 0),
(882, 1, 1, 0, 2, 0),
(883, 0, 0, 0, 1, 0),
(884, 1, 1, 0, 3, 0),
(885, 0, 0, 0, 3, 1),
(886, 0, 0, 0, 2, 4),
(887, 1, 0, 0, 0, 2),
(888, 3, 0, 0, 2, 1),
(889, 3, 0, 2, 2, 1),
(890, 2, 1, 1, 0, 1),
(891, 3, 0, 1, 0, 0),
(892, 1, 0, 1, 0, 0),
(893, 0, 0, 0, 5, 3),
(894, 1, 0, 0, 2, 0),
(895, 1, 0, 0, 3, 1),
(896, 1, 0, 1, 0, 0),
(897, 3, 1, 0, 1, 0),
(898, 4, 0, 1, 2, 0),
(899, 1, 0, 0, 1, 2),
(900, 4, 1, 0, 1, 2),
(901, 3, 0, 1, 0, 0),
(902, 2, 0, 0, 2, 0),
(903, 2, 0, 1, 0, 0),
(904, 1, 1, 0, 1, 1),
(905, 0, 0, 1, 0, 0),
(906, 0, 0, 0, 0, 1),
(907, 1, 0, 1, 0, 3),
(908, 0, 0, 0, 0, 1),
(909, 1, 0, 0, 1, 0),
(910, 2, 1, 0, 0, 2),
(911, 2, 0, 0, 0, 0),
(912, 3, 0, 2, 1, 1),
(913, 2, 0, 0, 2, 2),
(914, 4, 1, 0, 0, 0),
(915, 1, 0, 0, 1, 0),
(916, 0, 0, 1, 1, 1),
(917, 1, 0, 0, 0, 0),
(918, 0, 0, 0, 5, 0),
(919, 8, 2, 1, 1, 0),
(920, 1, 0, 0, 0, 3),
(921, 1, 0, 1, 0, 1),
(922, 1, 0, 0, 1, 1),
(923, 0, 0, 0, 0, 0),
(924, 0, 0, 1, 2, 1),
(925, 2, 1, 1, 2, 1),
(926, 3, 0, 0, 0, 0),
(927, 1, 0, 2, 1, 0),
(928, 0, 0, 0, 2, 5),
(929, 4, 1, 1, 1, 0),
(930, 3, 0, 0, 0, 1),
(931, 0, 0, 0, 1, 1),
(932, 2, 0, 0, 1, 1),
(933, 3, 0, 0, 0, 1),
(934, 3, 0, 0, 0, 0),
(935, 1, 0, 0, 1, 1),
(936, 1, 0, 0, 1, 2),
(937, 5, 0, 0, 5, 3),
(938, 0, 0, 0, 0, 0),
(939, 1, 0, 0, 0, 1),
(940, 2, 0, 1, 0, 0),
(941, 1, 0, 0, 1, 0),
(942, 2, 0, 0, 0, 0),
(943, 0, 0, 0, 1, 0),
(944, 2, 0, 1, 1, 4),
(945, 2, 0, 0, 1, 0),
(946, 2, 0, 0, 1, 1),
(947, 3, 0, 0, 2, 2),
(948, 0, 0, 0, 3, 2),
(949, 2, 0, 0, 5, 3),
(950, 2, 0, 0, 3, 3),
(951, 3, 1, 0, 2, 1),
(952, 2, 0, 0, 1, 0),
(953, 2, 0, 0, 0, 3),
(954, 0, 0, 0, 3, 1),
(955, 4, 0, 1, 3, 3),
(956, 0, 0, 0, 2, 0),
(957, 2, 0, 0, 1, 2),
(958, 1, 0, 1, 0, 0),
(959, 3, 0, 1, 2, 1),
(960, 2, 0, 0, 1, 5),
(961, 0, 0, 0, 0, 1),
(962, 0, 0, 0, 1, 1),
(963, 3, 0, 1, 0, 0),
(964, 0, 0, 0, 2, 2),
(965, 2, 0, 0, 5, 2),
(966, 1, 0, 0, 2, 1),
(967, 4, 0, 0, 1, 0),
(968, 3, 0, 0, 1, 2),
(969, 3, 0, 0, 3, 0),
(970, 4, 1, 0, 2, 1),
(971, 4, 1, 0, 2, 0),
(972, 2, 0, 0, 1, 1),
(973, 1, 0, 1, 0, 2),
(974, 1, 0, 0, 0, 0),
(975, 0, 0, 1, 0, 2),
(976, 3, 0, 1, 0, 1),
(977, 2, 0, 0, 0, 0),
(978, 2, 0, 0, 0, 0),
(979, 2, 0, 0, 0, 1),
(980, 7, 2, 0, 0, 0),
(981, 1, 0, 0, 4, 4),
(982, 2, 0, 0, 1, 0),
(983, 1, 0, 0, 2, 2),
(984, 4, 0, 0, 0, 1),
(985, 0, 0, 0, 0, 0),
(986, 0, 0, 0, 1, 1),
(987, 2, 0, 0, 0, 0),
(988, 1, 0, 0, 1, 0),
(989, 0, 0, 0, 0, 1),
(990, 3, 1, 0, 1, 0),
(991, 4, 1, 0, 2, 0),
(992, 1, 0, 2, 2, 0),
(993, 1, 0, 0, 0, 1),
(994, 0, 0, 0, 0, 2),
(995, 1, 0, 1, 2, 0),
(996, 3, 1, 0, 0, 0),
(997, 1, 0, 0, 0, 0),
(998, 3, 1, 0, 4, 1),
(999, 0, 0, 0, 0, 0);

INSERT INTO Game (gameid, date, homescore, awayscore, hometeamid, awayteamid, year) VALUES 
(2016020045, '2016-10-19', 7, 4, 16, 4, 2016),
(2017020812, '2018-02-07', 3, 4, 7, 24, 2018),
(2015020314, '2015-11-24', 1, 4, 52, 21, 2015),
(2015020849, '2016-02-17', 2, 1, 12, 52, 2016),
(2017020586, '2017-12-30', 2, 1, 24, 20, 2017),
(2016020610, '2017-01-10', 1, 4, 8, 15, 2017),
(2015020606, '2016-01-08', 2, 1, 26, 10, 2016),
(2017020240, '2017-11-10', 4, 1, 24, 23, 2017),
(2017020624, '2018-01-05', 2, 0, 21, 29, 2018),
(2015020346, '2015-11-29', 2, 3, 5, 22, 2015),
(2017020221, '2017-11-07', 1, 4, 25, 52, 2017),
(2016020298, '2016-11-24', 4, 2, 26, 2, 2016),
(2017020731, '2018-01-23', 3, 2, 53, 2, 2018),
(2016020205, '2016-11-11', 2, 3, 53, 52, 2016),
(2016020246, '2016-11-18', 5, 2, 4, 52, 2016),
(2016020107, '2016-10-28', 2, 3, 1, 16, 2016),
(2016021020, '2017-03-14', 4, 3, 20, 5, 2017),
(2017020986, '2018-03-02', 4, 5, 25, 14, 2018),
(2017021124, '2018-03-20', 3, 7, 12, 22, 2018),
(2015020981, '2016-03-06', 1, 6, 1, 5, 2016),
(2017020146, '2017-10-27', 6, 4, 30, 2, 2017),
(2016020716, '2017-01-25', 4, 2, 2, 29, 2017),
(2017020001, '2017-10-04', 2, 7, 52, 10, 2017),
(2016020933, '2017-03-01', 3, 1, 28, 10, 2017),
(2015021066, '2016-03-19', 4, 0, 24, 6, 2016),
(2015020086, '2015-10-21', 5, 4, 18, 14, 2015),
(2017020482, '2017-12-15', 2, 1, 8, 1, 2017),
(2016021163, '2017-04-01', 4, 2, 52, 9, 2017),
(2015020687, '2016-01-20', 6, 4, 14, 22, 2016),
(2017020706, '2018-01-20', 2, 3, 15, 8, 2018),
(2015020619, '2016-01-10', 7, 0, 28, 10, 2016),
(2017021076, '2018-03-14', 1, 0, 20, 22, 2018),
(2015020562, '2016-01-01', 1, 4, 20, 26, 2016),
(2016020264, '2016-11-20', 2, 1, 8, 10, 2016),
(2017021046, '2018-03-10', 2, 1, 25, 24, 2018),
(2015020201, '2015-11-07', 4, 1, 26, 13, 2015),
(2015020079, '2015-10-19', 2, 1, 26, 21, 2015),
(2017020214, '2017-11-05', 6, 4, 2, 21, 2017),
(2016020683, '2017-01-20', 2, 1, 24, 21, 2017),
(2017020285, '2017-11-17', 6, 2, 21, 15, 2017),
(2017020423, '2017-12-06', 3, 0, 23, 12, 2017),
(2015020516, '2015-12-23', 3, 5, 26, 28, 2015),
(2017020930, '2018-02-23', 4, 3, 10, 2, 2018),
(2017020301, '2017-11-19', 3, 1, 15, 30, 2017),
(2015021029, '2016-03-13', 5, 2, 28, 15, 2016),
(2016020884, '2017-02-22', 1, 3, 12, 5, 2017),
(2017021066, '2018-03-12', 5, 2, 29, 8, 2018),
(2016020906, '2017-02-25', 5, 2, 18, 15, 2017),
(2017021087, '2018-03-15', 3, 0, 13, 6, 2018),
(2016020885, '2017-02-22', 5, 4, 10, 52, 2017),
(2016020560, '2017-01-02', 2, 1, 15, 9, 2017),
(2016020986, '2017-03-10', 4, 2, 10, 4, 2017),
(2015020906, '2016-02-26', 3, 2, 4, 30, 2016),
(2017020625, '2018-01-05', 4, 3, 20, 26, 2018),
(2015020646, '2016-01-15', 3, 1, 2, 3, 2016),
(2016020119, '2016-10-30', 4, 0, 30, 25, 2016),
(2016020070, '2016-10-22', 6, 3, 4, 12, 2016),
(2016020348, '2016-12-02', 0, 3, 15, 2, 2016),
(2016021004, '2017-03-12', 2, 3, 12, 10, 2017),
(2015020540, '2015-12-29', 3, 6, 28, 21, 2015),
(2016020674, '2017-01-19', 6, 5, 17, 6, 2017),
(2017020138, '2017-10-26', 2, 1, 6, 28, 2017),
(2016020602, '2017-01-08', 6, 3, 28, 17, 2017),
(2017020020, '2017-10-07', 6, 3, 2, 7, 2017),
(2015020227, '2015-11-11', 2, 4, 28, 2, 2015),
(2015020453, '2015-12-16', 0, 2, 7, 1, 2015),
(2017021170, '2018-03-26', 2, 4, 3, 15, 2018),
(2017021025, '2018-03-07', 2, 0, 18, 25, 2018),
(2016020531, '2016-12-29', 2, 1, 23, 26, 2016),
(2017020540, '2017-12-23', 4, 2, 13, 30, 2017),
(2016020438, '2016-12-14', 5, 1, 30, 13, 2016),
(2016020435, '2016-12-14', 2, 3, 10, 28, 2016),
(2015021111, '2016-03-25', 3, 6, 28, 22, 2016),
(2016020099, '2016-10-27', 4, 5, 4, 53, 2016),
(2016020283, '2016-11-23', 2, 4, 6, 19, 2016),
(2017020699, '2018-01-19', 2, 1, 29, 25, 2018),
(2015020239, '2015-11-13', 6, 3, 25, 52, 2015),
(2017020506, '2017-12-17', 0, 2, 20, 18, 2017),
(2017021194, '2018-03-30', 5, 3, 18, 28, 2018),
(2017020342, '2017-11-25', 5, 2, 29, 9, 2017),
(2017021257, '2018-04-07', 5, 0, 4, 3, 2018),
(2015020007, '2015-10-08', 3, 2, 14, 4, 2015),
(2015020693, '2016-01-22', 2, 4, 6, 23, 2016),
(2016020368, '2016-12-04', 2, 3, 53, 29, 2016),
(2017021255, '2018-04-07', 1, 4, 16, 19, 2018),
(2015020061, '2015-10-17', 3, 1, 52, 20, 2015),
(2015020871, '2016-02-20', 0, 4, 29, 7, 2016),
(2015021099, '2016-03-23', 3, 1, 2, 9, 2016),
(2015020971, '2016-03-05', 2, 5, 21, 18, 2016),
(2017021010, '2018-03-04', 6, 3, 24, 16, 2018),
(2017020853, '2018-02-11', 1, 4, 19, 5, 2018),
(2016020887, '2017-02-22', 4, 1, 14, 22, 2017),
(2015020165, '2015-11-01', 3, 4, 12, 14, 2015),
(2017020696, '2018-01-19', 2, 5, 2, 6, 2018),
(2016020759, '2017-02-03', 3, 1, 4, 8, 2017),
(2017020164, '2017-10-29', 2, 1, 30, 5, 2017),
(2016020889, '2017-02-22', 3, 5, 30, 16, 2017),
(2017020059, '2017-10-13', 3, 1, 29, 3, 2017),
(2015020528, '2015-12-27', 1, 3, 2, 10, 2015),
(2017020953, '2018-02-25', 5, 1, 15, 7, 2018),
(2017020952, '2018-02-24', 2, 1, 1, 2, 2018),
(2017020562, '2017-12-28', 5, 4, 5, 29, 2017),
(2017021081, '2018-03-15', 3, 8, 54, 1, 2018),
(2017020955, '2018-02-25', 3, 5, 25, 52, 2018),
(2016020305, '2016-11-25', 3, 2, 28, 2, 2016),
(2017021218, '2018-04-01', 4, 3, 4, 6, 2018),
(2016020425, '2016-12-12', 1, 3, 10, 21, 2016),
(2017020058, '2017-10-13', 2, 5, 1, 15, 2017),
(2016020650, '2017-01-15', 3, 2, 26, 52, 2017),
(2017020614, '2018-01-04', 2, 1, 17, 9, 2018),
(2015020988, '2016-03-08', 4, 5, 13, 6, 2016),
(2015020975, '2016-03-06', 4, 3, 14, 12, 2016),
(2015020629, '2016-01-11', 1, 2, 22, 13, 2016),
(2017020728, '2018-01-23', 3, 1, 30, 9, 2018),
(2016020678, '2017-01-20', 0, 2, 29, 9, 2017),
(2015020797, '2016-02-10', 1, 4, 4, 24, 2016),
(2015020909, '2016-02-26', 3, 2, 13, 53, 2016),
(2015021069, '2016-03-19', 4, 1, 28, 3, 2016),
(2017020813, '2018-02-07', 5, 4, 5, 54, 2018),
(2017020987, '2018-03-02', 2, 4, 22, 18, 2018),
(2017020154, '2017-10-28', 1, 2, 20, 25, 2017),
(2015021171, '2016-04-02', 3, 1, 14, 1, 2016),
(2016020966, '2017-03-06', 0, 3, 21, 19, 2017),
(2016021216, '2017-04-09', 4, 3, 25, 21, 2017),
(2016020296, '2016-11-24', 3, 6, 21, 22, 2016),
(2017020911, '2018-02-19', 5, 2, 28, 25, 2018),
(2016020573, '2017-01-05', 2, 5, 4, 3, 2017),
(2015021050, '2016-03-17', 4, 1, 20, 52, 2016),
(2015020341, '2015-11-28', 2, 1, 53, 20, 2015),
(2015021204, '2016-04-07', 1, 4, 3, 2, 2016),
(2015020835, '2016-02-14', 4, 1, 7, 21, 2016),
(2016020603, '2017-01-08', 6, 2, 5, 14, 2017),
(2016020679, '2017-01-20', 2, 5, 10, 3, 2017),
(2016020143, '2016-11-02', 3, 0, 8, 23, 2016),
(2016020231, '2016-11-16', 1, 0, 12, 28, 2016),
(2016020163, '2016-11-05', 6, 3, 10, 23, 2016),
(2016020811, '2017-02-10', 1, 4, 21, 5, 2017),
(2015020028, '2015-10-11', 2, 3, 23, 20, 2015),
(2015020022, '2015-10-10', 5, 3, 15, 1, 2015),
(2017020065, '2017-10-14', 2, 3, 3, 1, 2017),
(2017021065, '2018-03-12', 3, 2, 15, 52, 2018),
(2016021029, '2017-03-14', 7, 2, 13, 10, 2017),
(2016020459, '2016-12-17', 4, 2, 23, 14, 2016),
(2016020442, '2016-12-15', 4, 3, 5, 6, 2016),
(2015020954, '2016-03-04', 4, 2, 6, 16, 2016),
(2016020419, '2016-12-11', 6, 2, 20, 52, 2016),
(2016020874, '2017-02-19', 3, 4, 29, 18, 2017),
(2016021083, '2017-03-22', 3, 2, 52, 4, 2017),
(2015020060, '2015-10-16', 3, 5, 17, 12, 2015),
(2016020647, '2017-01-15', 0, 3, 53, 24, 2017),
(2016020611, '2017-01-10', 2, 0, 52, 20, 2017),
(2015020390, '2015-12-06', 3, 2, 9, 2, 2015),
(2015020440, '2015-12-13', 3, 0, 19, 25, 2015),
(2016021065, '2017-03-19', 5, 4, 52, 30, 2017),
(2017020715, '2018-01-21', 2, 5, 19, 53, 2018),
(2017020067, '2017-10-14', 4, 3, 5, 13, 2017),
(2016020366, '2016-12-04', 2, 3, 19, 52, 2016),
(2016020991, '2017-03-10', 2, 3, 53, 9, 2017),
(2015020881, '2016-02-21', 4, 6, 53, 19, 2016),
(2017020404, '2017-12-03', 3, 2, 18, 24, 2017),
(2016020634, '2017-01-14', 6, 0, 15, 16, 2017),
(2017020118, '2017-10-22', 4, 3, 25, 12, 2017),
(2015020869, '2016-02-20', 0, 1, 1, 2, 2016),
(2016020172, '2016-11-06', 5, 0, 26, 20, 2016),
(2016020857, '2017-02-18', 1, 4, 24, 13, 2017),
(2016020488, '2016-12-21', 2, 0, 30, 21, 2016),
(2016021019, '2017-03-14', 5, 4, 18, 52, 2017),
(2016020347, '2016-12-02', 6, 2, 5, 25, 2016),
(2016021093, '2017-03-23', 2, 1, 9, 5, 2017),
(2015020454, '2015-12-16', 1, 5, 2, 13, 2015),
(2015021138, '2016-03-29', 2, 5, 53, 20, 2016),
(2015021199, '2016-04-06', 1, 5, 10, 29, 2016),
(2015020170, '2015-11-03', 4, 2, 16, 26, 2015),
(2016020660, '2017-01-16', 5, 2, 28, 52, 2017),
(2015020768, '2016-02-05', 4, 5, 53, 16, 2016),
(2015020210, '2015-11-08', 0, 1, 28, 24, 2015),
(2015020427, '2015-12-11', 4, 3, 20, 7, 2015),
(2015020657, '2016-01-16', 5, 4, 14, 5, 2016),
(2017020161, '2017-10-28', 4, 3, 1, 53, 2017),
(2017020046, '2017-10-11', 3, 6, 10, 1, 2017),
(2017020582, '2017-12-30', 4, 2, 52, 2, 2017),
(2015020976, '2016-03-06', 6, 0, 4, 29, 2016),
(2016020627, '2017-01-13', 2, 1, 18, 6, 2017),
(2017020375, '2017-11-29', 3, 2, 22, 53, 2017),
(2016020285, '2016-11-23', 3, 4, 8, 9, 2016),
(2017020918, '2018-02-21', 1, 0, 10, 13, 2018),
(2017020019, '2017-10-07', 4, 1, 1, 21, 2017),
(2015020846, '2016-02-16', 2, 5, 23, 30, 2016),
(2017020455, '2017-12-10', 3, 2, 26, 12, 2017),
(2017020810, '2018-02-06', 2, 1, 25, 3, 2018),
(2017020555, '2017-12-24', 3, 0, 54, 15, 2017),
(2015020531, '2015-12-28', 1, 0, 52, 5, 2015),
(2017021114, '2018-03-18', 4, 2, 52, 25, 2018),
(2016020801, '2017-02-09', 3, 4, 30, 16, 2017),
(2015020009, '2015-10-09', 2, 1, 18, 12, 2015),
(2015020380, '2015-12-04', 2, 4, 23, 25, 2015),
(2017020671, '2018-01-13', 4, 1, 5, 17, 2018),
(2015020487, '2015-12-20', 1, 2, 5, 12, 2015),
(2017020239, '2017-11-10', 6, 3, 20, 17, 2017),
(2017020811, '2018-02-06', 6, 2, 22, 14, 2018),
(2017020411, '2017-12-04', 3, 2, 54, 53, 2017),
(2017020675, '2018-01-14', 1, 4, 25, 21, 2018),
(2016020484, '2016-12-21', 3, 2, 29, 26, 2016),
(2017020012, '2017-10-06', 2, 0, 26, 4, 2017),
(2017020890, '2018-02-17', 1, 2, 29, 4, 2018),
(2017020679, '2018-01-15', 5, 2, 5, 3, 2018),
(2015021201, '2016-04-06', 6, 2, 22, 23, 2016),
(2016020390, '2016-12-07', 1, 2, 25, 20, 2016),
(2015020416, '2015-12-09', 4, 2, 20, 28, 2015),
(2016021078, '2017-03-21', 4, 2, 15, 20, 2017),
(2017021014, '2018-03-05', 2, 4, 28, 29, 2018),
(2015020135, '2015-10-29', 1, 3, 15, 5, 2015),
(2015020804, '2016-02-10', 1, 3, 21, 23, 2016),
(2017021267, '2018-04-08', 0, 3, 53, 24, 2018),
(2016020306, '2016-11-25', 3, 1, 15, 7, 2016),
(2015020801, '2016-02-10', 3, 5, 18, 15, 2016),
(2015020002, '2015-10-08', 2, 3, 16, 3, 2015),
(2015021010, '2016-03-11', 6, 2, 13, 9, 2016),
(2015020071, '2015-10-17', 6, 3, 2, 28, 2015),
(2016020327, '2016-11-28', 5, 3, 4, 20, 2016),
(2017020013, '2017-10-06', 5, 0, 29, 2, 2017),
(2015020810, '2016-02-12', 5, 1, 4, 7, 2016),
(2016020150, '2016-11-03', 1, 0, 9, 23, 2016),
(2016021209, '2017-04-08', 1, 3, 6, 15, 2017),
(2016020318, '2016-11-27', 4, 3, 19, 30, 2016),
(2015020520, '2015-12-27', 3, 1, 12, 1, 2015),
(2017021157, '2018-03-24', 2, 1, 1, 14, 2018),
(2015020907, '2016-02-26', 6, 1, 29, 1, 2016),
(2015020832, '2016-02-14', 2, 3, 16, 24, 2016),
(2017020736, '2018-01-24', 3, 0, 19, 9, 2018),
(2016020616, '2017-01-11', 2, 1, 18, 23, 2017),
(2017020836, '2018-02-10', 4, 3, 3, 20, 2018),
(2017021226, '2018-04-03', 2, 4, 19, 15, 2018),
(2015021032, '2016-03-13', 0, 1, 17, 10, 2016),
(2015020109, '2015-10-24', 1, 4, 9, 53, 2015),
(2017020432, '2017-12-08', 2, 3, 8, 20, 2017),
(2016020699, '2017-01-22', 5, 3, 30, 24, 2017),
(2016020843, '2017-02-16', 5, 2, 29, 10, 2017),
(2015020334, '2015-11-27', 4, 2, 15, 14, 2015),
(2015021087, '2016-03-21', 5, 2, 10, 20, 2016),
(2015020172, '2015-11-04', 3, 5, 6, 25, 2015),
(2015020839, '2016-02-15', 3, 1, 3, 4, 2016),
(2015020588, '2016-01-06', 2, 3, 6, 15, 2016),
(2015020047, '2015-10-15', 3, 0, 4, 16, 2015),
(2016020904, '2017-02-25', 4, 1, 26, 24, 2017),
(2015021059, '2016-03-18', 3, 1, 53, 28, 2016),
(2016020166, '2016-11-05', 4, 1, 14, 1, 2016),
(2016020360, '2016-12-03', 4, 2, 3, 12, 2016),
(2015020754, '2016-02-03', 2, 6, 53, 26, 2016),
(2016020411, '2016-12-10', 4, 2, 4, 25, 2016),
(2016020586, '2017-01-07', 2, 4, 1, 10, 2017),
(2017020156, '2017-10-28', 1, 2, 6, 26, 2017),
(2017020005, '2017-10-05', 4, 3, 6, 18, 2017),
(2017020823, '2018-02-08', 3, 2, 10, 18, 2018),
(2016020995, '2017-03-11', 4, 3, 29, 7, 2017),
(2015020581, '2016-01-04', 3, 0, 16, 9, 2016),
(2017020981, '2018-03-01', 5, 2, 21, 20, 2018),
(2016021064, '2017-03-19', 4, 0, 5, 13, 2017),
(2016020953, '2017-03-05', 1, 2, 7, 14, 2017),
(2016021120, '2017-03-27', 2, 1, 52, 23, 2017),
(2015020541, '2015-12-30', 7, 3, 6, 9, 2015),
(2016021028, '2017-03-14', 1, 2, 9, 14, 2017),
(2016020458, '2016-12-17', 1, 4, 20, 29, 2016),
(2015020268, '2015-11-18', 1, 3, 7, 25, 2015),
(2015020130, '2015-10-28', 4, 3, 30, 22, 2015),
(2017020462, '2017-12-12', 1, 2, 5, 21, 2017),
(2016020269, '2016-11-20', 3, 2, 53, 28, 2016),
(2015020607, '2016-01-08', 1, 2, 28, 17, 2016),
(2015020431, '2015-12-12', 3, 1, 25, 4, 2015),
(2017021125, '2018-03-20', 2, 7, 9, 13, 2018),
(2017020465, '2017-12-12', 3, 2, 24, 12, 2017),
(2016020728, '2017-01-27', 4, 3, 6, 5, 2017),
(2015021001, '2016-03-10', 4, 3, 10, 2, 2016),
(2016021082, '2017-03-22', 3, 2, 30, 28, 2017),
(2016020868, '2017-02-19', 2, 3, 26, 13, 2017),
(2016020398, '2016-12-09', 5, 2, 8, 1, 2016),
(2017020550, '2017-12-24', 4, 2, 12, 7, 2017),
(2017020254, '2017-11-12', 2, 1, 1, 13, 2017),
(2016020598, '2017-01-08', 4, 5, 29, 3, 2017),
(2016020521, '2016-12-28', 3, 4, 17, 7, 2016),
(2017021204, '2018-03-31', 2, 1, 24, 26, 2018),
(2016020704, '2017-01-22', 6, 7, 9, 29, 2017),
(2016020370, '2016-12-04', 3, 2, 22, 24, 2016),
(2016020178, '2016-11-07', 4, 3, 16, 25, 2016),
(2015020252, '2015-11-15', 4, 0, 1, 5, 2015),
(2017021171, '2018-03-26', 4, 1, 12, 9, 2018),
(2017020441, '2017-12-09', 3, 4, 18, 54, 2017),
(2016020905, '2017-02-25', 3, 4, 1, 3, 2017),
(2015020663, '2016-01-17', 4, 1, 7, 15, 2016),
(2015020369, '2015-12-03', 6, 1, 52, 10, 2015),
(2016020139, '2016-11-02', 5, 1, 16, 20, 2016),
(2017020063, '2017-10-14', 3, 4, 8, 10, 2017),
(2016020590, '2017-01-07', 3, 2, 24, 53, 2017),
(2017020050, '2017-10-12', 3, 4, 26, 20, 2017),
(2017020539, '2017-12-23', 4, 2, 7, 4, 2017),
(2016020712, '2017-01-24', 2, 5, 21, 28, 2017),
(2017020284, '2017-11-17', 3, 2, 52, 4, 2017),
(2015021056, '2016-03-17', 1, 4, 10, 13, 2016),
(2015020425, '2015-12-11', 5, 1, 18, 16, 2015),
(2016020942, '2017-03-03', 2, 1, 9, 21, 2017),
(2015020873, '2016-02-20', 5, 2, 20, 23, 2016),
(2015020641, '2016-01-13', 4, 3, 53, 22, 2016),
(2016020122, '2016-10-30', 4, 1, 28, 18, 2016),
(2017020450, '2017-12-10', 3, 4, 5, 10, 2017),
(2017020531, '2017-12-22', 4, 5, 2, 24, 2017),
(2017020486, '2017-12-15', 2, 1, 21, 13, 2017),
(2015020681, '2016-01-19', 3, 4, 28, 9, 2016),
(2015020269, '2015-11-18', 2, 3, 4, 26, 2015),
(2015020706, '2016-01-23', 2, 5, 9, 2, 2016),
(2015020401, '2015-12-07', 4, 1, 3, 9, 2015),
(2017020197, '2017-11-03', 5, 3, 26, 10, 2017),
(2017020800, '2018-02-04', 5, 2, 18, 3, 2018),
(2015020793, '2016-02-09', 3, 0, 17, 13, 2016),
(2015020739, '2016-01-27', 6, 1, 28, 21, 2016),
(2015020676, '2016-01-18', 2, 3, 24, 26, 2016),
(2015020876, '2016-02-21', 3, 2, 9, 17, 2016),
(2017020831, '2018-02-09', 6, 1, 19, 21, 2018),
(2017020280, '2017-11-17', 4, 5, 8, 53, 2017),
(2015021203, '2016-04-07', 2, 4, 1, 14, 2016),
(2016020907, '2017-02-26', 2, 3, 10, 8, 2017),
(2015020514, '2015-12-23', 4, 1, 20, 52, 2015),
(2015021096, '2016-03-23', 2, 6, 16, 25, 2016),
(2015020720, '2016-03-02', 3, 2, 15, 5, 2016),
(2017020064, '2017-10-14', 2, 1, 14, 19, 2017),
(2016021049, '2017-03-17', 3, 4, 3, 13, 2017),
(2017020072, '2017-10-15', 2, 6, 53, 6, 2017),
(2015020602, '2016-01-08', 2, 3, 9, 13, 2016),
(2015020517, '2015-12-27', 3, 6, 6, 7, 2015),
(2015020904, '2016-02-25', 4, 3, 21, 28, 2016),
(2015021095, '2016-03-23', 2, 0, 52, 23, 2016),
(2017020243, '2017-11-11', 3, 2, 10, 6, 2017),
(2017020086, '2017-10-18', 4, 1, 18, 21, 2017),
(2015020395, '2015-12-06', 3, 0, 30, 21, 2015),
(2017020682, '2018-01-15', 2, 3, 30, 23, 2018),
(2015020973, '2016-03-06', 1, 2, 6, 15, 2016),
(2015021121, '2016-03-26', 3, 4, 9, 24, 2016),
(2016020692, '2017-01-21', 3, 2, 29, 12, 2017),
(2017021061, '2018-03-11', 3, 1, 5, 25, 2018),
(2015020208, '2015-11-08', 1, 4, 53, 3, 2015),
(2015020075, '2015-10-18', 1, 2, 3, 1, 2015),
(2017020371, '2017-11-29', 3, 2, 29, 12, 2017),
(2016021051, '2017-03-18', 3, 1, 20, 25, 2017),
(2015020267, '2015-11-18', 4, 5, 6, 28, 2015),
(2016021067, '2017-03-19', 6, 3, 16, 21, 2017),
(2016020940, '2017-03-03', 1, 0, 29, 30, 2017),
(2015020639, '2016-01-13', 3, 2, 16, 18, 2016),
(2017020819, '2018-02-07', 2, 6, 19, 30, 2018),
(2015020175, '2015-11-04', 1, 2, 8, 9, 2015),
(2016020346, '2016-12-02', 4, 3, 7, 3, 2016),
(2015020653, '2016-01-15', 2, 1, 28, 22, 2016),
(2015021157, '2016-03-31', 3, 2, 13, 1, 2016),
(2017020261, '2017-11-13', 2, 1, 15, 22, 2017),
(2017020454, '2017-12-10', 5, 0, 28, 9, 2017),
(2016020733, '2017-01-27', 2, 3, 9, 20, 2017),
(2015020824, '2016-02-13', 4, 1, 53, 20, 2016),
(2015020433, '2015-12-12', 2, 1, 53, 30, 2015),
(2015020298, '2015-11-22', 7, 3, 15, 21, 2015),
(2016021161, '2017-04-01', 3, 0, 4, 1, 2017),
(2017021091, '2018-03-16', 4, 1, 26, 17, 2018),
(2017020590, '2017-12-31', 3, 2, 19, 12, 2017),
(2016020013, '2016-10-14', 4, 2, 25, 24, 2016),
(2016020526, '2016-12-28', 2, 3, 24, 28, 2016),
(2016021002, '2017-03-12', 5, 3, 7, 29, 2017),
(2017020949, '2018-02-25', 3, 4, 8, 14, 2018),
(2015020613, '2016-01-09', 4, 3, 24, 19, 2016),
(2016020839, '2017-02-15', 2, 3, 9, 7, 2017),
(2015020160, '2015-10-31', 1, 2, 13, 15, 2015),
(2016021010, '2017-03-12', 4, 2, 26, 15, 2017),
(2016021205, '2017-04-07', 2, 4, 28, 22, 2017),
(2017021265, '2018-04-08', 4, 2, 18, 29, 2018),
(2017021209, '2018-03-31', 1, 3, 10, 52, 2018),
(2015020352, '2015-11-29', 5, 2, 28, 20, 2015),
(2015020287, '2015-11-21', 1, 2, 12, 10, 2015),
(2016020253, '2016-11-18', 3, 2, 24, 1, 2016),
(2015020405, '2015-12-08', 2, 3, 6, 18, 2015),
(2017020330, '2017-11-23', 3, 0, 21, 25, 2017),
(2015020752, '2016-02-03', 1, 2, 21, 16, 2016),
(2016020875, '2017-02-20', 0, 4, 12, 10, 2017),
(2015020586, '2016-01-05', 1, 0, 22, 12, 2016),
(2015020265, '2015-11-17', 1, 0, 13, 14, 2015),
(2017020410, '2017-12-04', 2, 7, 21, 25, 2017),
(2017020740, '2018-01-24', 6, 2, 23, 26, 2018),
(2016020140, '2016-11-02', 1, 5, 21, 18, 2016),
(2016021056, '2017-03-18', 3, 4, 9, 8, 2017),
(2015020308, '2015-11-24', 1, 2, 7, 19, 2015),
(2016020999, '2017-03-11', 2, 3, 22, 5, 2017),
(2017020940, '2018-02-23', 0, 2, 26, 25, 2018),
(2016020886, '2017-02-22', 1, 3, 17, 2, 2017),
(2015020251, '2015-11-15', 4, 5, 14, 13, 2015),
(2017020565, '2017-12-28', 4, 2, 30, 25, 2017),
(2015020714, '2016-01-24', 5, 2, 13, 14, 2016),
(2016020516, '2016-12-24', 3, 2, 28, 22, 2016),
(2016020466, '2016-12-18', 2, 1, 12, 7, 2016),
(2015020535, '2015-12-29', 0, 2, 7, 15, 2015),
(2017020824, '2018-02-08', 1, 6, 3, 6, 2018),
(2016020326, '2016-11-28', 0, 2, 3, 9, 2016),
(2017020480, '2017-12-15', 2, 1, 4, 7, 2017),
(2015020186, '2015-11-06', 4, 1, 15, 6, 2015),
(2015020366, '2015-12-02', 4, 3, 20, 25, 2015),
(2015020658, '2016-01-16', 0, 1, 30, 52, 2016),
(2017020882, '2018-02-16', 3, 2, 9, 7, 2018),
(2016020361, '2016-12-03', 3, 1, 4, 16, 2016),
(2015021176, '2016-04-03', 0, 5, 22, 20, 2016),
(2017021088, '2018-03-16', 1, 4, 19, 21, 2018),
(2016020450, '2016-12-16', 2, 5, 18, 30, 2016),
(2015020046, '2015-10-14', 3, 7, 29, 9, 2015),
(2016020923, '2017-03-01', 4, 5, 7, 18, 2017),
(2016020030, '2016-10-16', 3, 2, 2, 24, 2016),
(2017020588, '2017-12-31', 2, 0, 13, 8, 2017),
(2017020226, '2017-11-08', 3, 1, 5, 53, 2017),
(2016021042, '2017-03-16', 1, 2, 9, 16, 2017),
(2015020507, '2015-12-23', 0, 2, 6, 19, 2015),
(2016021226, '2017-04-09', 3, 2, 3, 5, 2017),
(2016020565, '2017-01-04', 1, 4, 3, 7, 2017),
(2016020090, '2016-10-26', 3, 2, 25, 52, 2016),
(2015020169, '2015-11-03', 4, 1, 10, 25, 2015),
(2017020388, '2017-12-02', 0, 4, 7, 5, 2017),
(2017020514, '2017-12-19', 4, 2, 21, 5, 2017),
(2015020923, '2016-02-27', 4, 3, 29, 13, 2016),
(2017020626, '2018-01-05', 2, 1, 22, 24, 2018),
(2017020109, '2017-10-21', 6, 2, 24, 8, 2017),
(2017020883, '2018-02-16', 4, 1, 14, 17, 2018),
(2016020592, '2017-01-07', 4, 2, 4, 14, 2017),
(2016021045, '2017-03-17', 2, 4, 23, 25, 2017),
(2015020402, '2015-12-07', 4, 2, 22, 7, 2015),
(2016020479, '2016-12-20', 2, 3, 19, 22, 2016),
(2016020960, '2017-03-05', 4, 3, 22, 17, 2017),
(2016021111, '2017-03-25', 1, 2, 2, 6, 2017),
(2017021071, '2018-03-13', 4, 6, 12, 6, 2018),
(2015020050, '2015-10-15', 4, 3, 2, 18, 2015),
(2016020956, '2017-03-05', 1, 4, 3, 8, 2017),
(2017020900, '2018-02-18', 6, 3, 54, 8, 2018),
(2017021038, '2018-03-09', 5, 0, 13, 8, 2018),
(2015020408, '2015-12-09', 3, 4, 4, 2, 2015),
(2016020962, '2017-03-05', 5, 2, 20, 2, 2017),
(2015020297, '2015-11-22', 1, 3, 5, 28, 2015),
(2016020341, '2016-11-30', 2, 1, 28, 53, 2016),
(2017021101, '2018-03-17', 4, 0, 10, 8, 2018),
(2016021206, '2017-04-07', 2, 4, 8, 14, 2017),
(2017020529, '2017-12-22', 2, 1, 6, 52, 2017),
(2016021204, '2017-04-07', 1, 4, 26, 20, 2017),
(2016020917, '2017-02-27', 4, 2, 16, 19, 2017),
(2016020290, '2016-11-24', 1, 6, 3, 5, 2016),
(2016020915, '2017-02-26', 5, 4, 18, 22, 2017),
(2016020963, '2017-03-05', 0, 3, 1, 29, 2017),
(2016020723, '2017-01-25', 2, 3, 25, 30, 2017),
(2017020396, '2017-12-02', 0, 3, 4, 6, 2017),
(2015020816, '2016-02-12', 5, 2, 22, 10, 2016),
(2016020293, '2016-11-24', 3, 1, 30, 52, 2016),
(2015021180, '2016-04-04', 5, 1, 52, 30, 2016),
(2016020225, '2016-11-13', 1, 2, 9, 30, 2016),
(2017020621, '2018-01-05', 2, 1, 19, 54, 2018),
(2016021174, '2017-04-03', 3, 4, 20, 24, 2017),
(2016021218, '2017-04-09', 2, 3, 23, 22, 2017),
(2016020499, '2016-12-23', 2, 1, 9, 24, 2016),
(2017020600, '2018-01-01', 0, 5, 22, 52, 2018),
(2016020056, '2016-10-20', 2, 4, 13, 15, 2016),
(2017020296, '2017-11-18', 4, 0, 26, 13, 2017),
(2015021166, '2016-04-02', 2, 3, 24, 23, 2016),
(2016020192, '2016-11-09', 2, 4, 21, 53, 2016),
(2015020226, '2015-11-11', 2, 3, 26, 53, 2015),
(2015020501, '2015-12-22', 5, 2, 5, 29, 2015),
(2017020754, '2018-01-26', 1, 4, 25, 10, 2018),
(2016021164, '2017-04-02', 3, 2, 22, 24, 2017),
(2017020228, '2017-11-08', 1, 3, 29, 18, 2017),
(2015020027, '2015-10-11', 6, 3, 21, 25, 2015),
(2017020941, '2018-02-24', 1, 4, 3, 30, 2018),
(2015020040, '2015-10-13', 0, 5, 15, 28, 2015),
(2015020076, '2015-10-18', 2, 4, 52, 19, 2015);

INSERT INTO Goalie (playerid, tot_shots_faced, tot_saves, tot_goals_conceded, tot_shutouts) VALUES 
(8470645, 448, 412, 36, 1),
(8473461, 426, 384, 42, 1),
(8473607, 274, 257, 17, 3),
(8475215, 528, 484, 44, 2),
(8468011, 503, 463, 40, 1),
(8473575, 523, 482, 41, 0),
(8474636, 310, 282, 28, 1),
(8471715, 231, 212, 19, 1),
(8470320, 379, 347, 32, 1),
(8475663, 85, 74, 11, 1),
(8476434, 548, 503, 45, 0),
(8469608, 594, 556, 38, 1),
(8471679, 491, 449, 42, 1),
(8474651, 604, 562, 42, 2),
(8471734, 626, 579, 47, 1),
(8473503, 524, 490, 34, 3),
(8477312, 28, 26, 2, 0),
(8473499, 57, 51, 6, 1),
(8474593, 393, 362, 31, 2),
(8475683, 549, 511, 38, 3),
(8473541, 538, 491, 47, 4),
(8473553, 101, 94, 7, 0),
(8475195, 252, 228, 24, 0),
(8476945, 628, 587, 41, 4),
(8471750, 543, 486, 57, 1),
(8470860, 546, 501, 45, 3),
(8471306, 404, 366, 38, 0),
(8469514, 148, 137, 11, 1),
(8477293, 328, 304, 24, 2),
(8475839, 406, 353, 53, 0),
(8476234, 308, 278, 30, 0),
(8470880, 466, 425, 41, 1),
(8470594, 393, 361, 32, 2),
(8474152, 422, 372, 50, 0),
(8475660, 742, 679, 63, 1),
(8471239, 608, 558, 50, 2),
(8476899, 519, 482, 37, 0),
(8471227, 655, 607, 48, 3),
(8476914, 345, 313, 32, 1),
(8475883, 737, 682, 55, 2),
(8474889, 868, 798, 70, 2),
(8475361, 86, 75, 11, 0),
(8471469, 733, 677, 56, 2),
(8477237, 430, 399, 31, 2),
(8476883, 519, 475, 44, 1),
(8475831, 342, 313, 29, 0),
(8474550, 332, 297, 35, 0),
(8471403, 155, 142, 13, 0),
(8470140, 551, 503, 48, 1),
(8466141, 486, 449, 37, 2),
(8475717, 342, 312, 30, 0),
(8471774, 230, 211, 19, 0),
(8479292, 138, 119, 19, 0),
(8477424, 150, 140, 10, 0),
(8471418, 273, 253, 20, 1),
(8468685, 667, 603, 64, 0),
(8471695, 581, 524, 57, 3),
(8475852, 312, 284, 28, 1),
(8477225, 44, 35, 9, 0),
(8473434, 338, 307, 31, 0),
(8476999, 101, 93, 8, 0),
(8480382, 43, 36, 7, 0),
(8474596, 383, 357, 26, 3),
(8467950, 803, 730, 73, 1),
(8470147, 379, 347, 32, 3),
(8476341, 21, 17, 4, 0),
(8475622, 222, 203, 19, 1),
(8475234, 83, 76, 7, 0),
(8475299, 81, 78, 3, 1),
(8477202, 57, 49, 8, 0),
(8476316, 46, 42, 4, 0),
(8476343, 94, 80, 14, 0),
(8476509, 17, 13, 4, 0),
(8477180, 100, 97, 3, 2),
(8470657, 138, 124, 14, 0),
(8471219, 124, 115, 9, 0),
(8474092, 103, 92, 11, 0),
(8473972, 176, 157, 19, 0),
(8475876, 16, 14, 2, 0),
(8475809, 72, 66, 6, 0),
(8475311, 138, 130, 8, 2),
(8477465, 160, 150, 10, 1),
(8476876, 77, 72, 5, 0),
(8476932, 58, 55, 3, 1),
(8474765, 87, 83, 4, 0),
(8479496, 70, 64, 6, 0),
(8468038, 60, 52, 8, 0),
(8477484, 26, 21, 5, 0),
(8479193, 27, 25, 2, 0),
(8476903, 28, 27, 1, 0),
(8476433, 24, 22, 2, 0);

INSERT INTO goalie_played_in (gameid, playerid) VALUES 
(2016020045, 8473607),
(2016020045, 8473461),
(2016020045, 8470645),
(2017020812, 8468011),
(2017020812, 8475215),
(2015020314, 8473575),
(2015020314, 8474636),
(2015020849, 8471715),
(2015020849, 8475663),
(2017020586, 8469608),
(2017020586, 8476434),
(2016020610, 8474651),
(2016020610, 8471679),
(2015020606, 8473503),
(2015020606, 8471734),
(2017020240, 8474593),
(2017020240, 8468011),
(2017020240, 8473499),
(2017020624, 8475683),
(2017020624, 8473541),
(2015020346, 8475195),
(2015020346, 8473553),
(2017020221, 8476945),
(2017020221, 8471750),
(2016020298, 8470860),
(2016020298, 8469514),
(2017020731, 8470860),
(2017020731, 8477293),
(2016020205, 8476945),
(2016020205, 8475839),
(2016020246, 8476945),
(2016020246, 8473461),
(2016020107, 8470645),
(2016020107, 8476234),
(2016021020, 8470594),
(2016021020, 8470880),
(2017020986, 8475839),
(2017020986, 8471750),
(2017021124, 8475660),
(2017021124, 8474152),
(2015020981, 8476899),
(2015020981, 8476234),
(2017020146, 8471306),
(2017020146, 8471227),
(2016020716, 8476914),
(2016020716, 8475683),
(2016020716, 8471306),
(2017020001, 8475883),
(2017020001, 8476945),
(2017020001, 8473461),
(2016020933, 8475883),
(2016020933, 8474889),
(2015021066, 8475361),
(2015021066, 8475883),
(2015020086, 8471750),
(2015020086, 8471469),
(2017020482, 8471239),
(2017020482, 8471679),
(2016021163, 8477237),
(2016021163, 8476945),
(2015020687, 8475195),
(2015020687, 8476883),
(2017020706, 8474550),
(2017020706, 8475831),
(2015020619, 8473541),
(2015020619, 8474889),
(2017021076, 8475660),
(2017021076, 8469608),
(2015020562, 8471734),
(2015020562, 8471403),
(2016020264, 8475883),
(2016020264, 8471679),
(2017021046, 8468011),
(2017021046, 8470140),
(2015020201, 8466141),
(2015020201, 8471734),
(2015020079, 8473499),
(2015020079, 8471734),
(2017020214, 8473541),
(2017020214, 8471306),
(2016020683, 8475717),
(2016020683, 8476434),
(2017020285, 8475831),
(2017020285, 8473575),
(2017020423, 8474152),
(2017020423, 8474593),
(2015020516, 8474889),
(2015020516, 8471734),
(2017020930, 8470860),
(2017020930, 8475883),
(2017020301, 8471774),
(2017020301, 8474651),
(2015021029, 8475831),
(2015021029, 8474889),
(2016020884, 8476899),
(2016020884, 8470320),
(2017021066, 8479292),
(2017021066, 8475683),
(2016020906, 8475831),
(2016020906, 8477424),
(2017021087, 8471418),
(2017021087, 8473503),
(2016020885, 8476945),
(2016020885, 8475883),
(2016020560, 8477237),
(2016020560, 8474651),
(2016020986, 8473607),
(2016020986, 8475883),
(2015020906, 8471227),
(2015020906, 8473607),
(2017020625, 8471734),
(2017020625, 8469608),
(2015020646, 8468685),
(2015020646, 8470860),
(2016020119, 8470140),
(2016020119, 8471227),
(2016020070, 8475663),
(2016020070, 8473461),
(2016020348, 8470860),
(2016020348, 8474651),
(2016021004, 8475883),
(2016021004, 8470320),
(2015020540, 8475717),
(2015020540, 8474889),
(2016020674, 8471695),
(2016020674, 8475852),
(2016020674, 8477225),
(2017020138, 8474889),
(2017020138, 8471418),
(2016020602, 8475852),
(2016020602, 8477225),
(2016020602, 8474889),
(2017020020, 8473434),
(2017020020, 8475215),
(2017020020, 8470860),
(2015020227, 8471306),
(2015020227, 8474889),
(2015020227, 8471774),
(2015020453, 8471239),
(2015020453, 8476999),
(2017021170, 8475831),
(2017021170, 8471715),
(2017021170, 8480382),
(2017021025, 8470140),
(2017021025, 8471469),
(2016020531, 8469514),
(2016020531, 8468011),
(2017020540, 8471774),
(2017020540, 8473503),
(2016020438, 8466141),
(2016020438, 8473503),
(2016020438, 8471227),
(2016020435, 8474889),
(2016020435, 8475883),
(2015021111, 8475660),
(2015021111, 8473503),
(2016020099, 8475839),
(2016020099, 8473461),
(2016020283, 8474596),
(2016020283, 8471695),
(2017020699, 8471750),
(2017020699, 8476914),
(2015020239, 8471715),
(2015020239, 8470140),
(2017020506, 8471469),
(2017020506, 8469608),
(2017021194, 8474889),
(2017021194, 8477424),
(2017020342, 8467950),
(2017020342, 8475683),
(2017021257, 8468685),
(2017021257, 8470880),
(2015020007, 8473461),
(2015020007, 8471750),
(2015020693, 8474593),
(2015020693, 8471695),
(2016020368, 8470147),
(2016020368, 8469608),
(2017021255, 8475622),
(2017021255, 8475234),
(2015020061, 8471403),
(2015020061, 8471715),
(2015020871, 8475215),
(2015020871, 8476914),
(2015020871, 8470147),
(2015021099, 8477202),
(2015021099, 8475234),
(2015020971, 8471469),
(2015020971, 8475717),
(2017021010, 8475234),
(2017021010, 8476341),
(2017021010, 8476434),
(2017020853, 8476899),
(2017020853, 8474596),
(2016020887, 8476316),
(2016020887, 8471750),
(2015020165, 8476883),
(2015020165, 8470320),
(2017020696, 8471418),
(2017020696, 8470860),
(2016020759, 8471679),
(2016020759, 8473607),
(2017020164, 8476899),
(2017020164, 8471227),
(2016020889, 8470645),
(2016020889, 8471227),
(2017020059, 8468685),
(2017020059, 8475683),
(2015020528, 8473541),
(2015020528, 8471306),
(2017020953, 8475215),
(2017020953, 8475831),
(2017020952, 8470860),
(2017020952, 8476234),
(2017020562, 8475683),
(2017020562, 8476899),
(2017021081, 8476234),
(2017021081, 8476509),
(2017021081, 8470594),
(2017020955, 8474636),
(2017020955, 8471750),
(2017020955, 8470140),
(2016020305, 8471306),
(2016020305, 8477180),
(2017021218, 8471418),
(2017021218, 8475852),
(2016020425, 8473575),
(2016020425, 8477312),
(2017020058, 8474651),
(2017020058, 8471239),
(2016020650, 8474636),
(2016020650, 8469514),
(2017020614, 8467950),
(2017020614, 8470657),
(2015020988, 8471695),
(2015020988, 8471219),
(2015020988, 8466141),
(2015020975, 8475663),
(2015020975, 8471750),
(2015020629, 8471219),
(2015020629, 8475660),
(2017020728, 8477237),
(2017020728, 8471774),
(2016020678, 8477237),
(2016020678, 8475683),
(2015020797, 8475883),
(2015020797, 8473461),
(2015020909, 8475839),
(2015020909, 8466141),
(2015021069, 8468685),
(2015021069, 8477293),
(2015021069, 8474889),
(2017020813, 8470594),
(2017020813, 8476899),
(2017020987, 8471469),
(2017020987, 8475660),
(2017020154, 8470140),
(2017020154, 8469608),
(2015021171, 8471239),
(2015021171, 8471750),
(2016020966, 8474596),
(2016020966, 8474092),
(2016021216, 8474092),
(2016021216, 8470140),
(2016020296, 8475660),
(2016020296, 8473575),
(2017020911, 8471750),
(2017020911, 8470140),
(2017020911, 8474889),
(2016020573, 8468685),
(2016020573, 8473461),
(2015021050, 8471715),
(2015021050, 8475299),
(2015020341, 8471403),
(2015020341, 8469608),
(2015021204, 8471306),
(2015021204, 8468685),
(2015021204, 8477293),
(2015020835, 8475717),
(2015020835, 8473575),
(2015020835, 8475215),
(2016020603, 8476883),
(2016020603, 8470594),
(2016020679, 8468685),
(2016020679, 8475883),
(2016020143, 8468011),
(2016020143, 8471679),
(2016020231, 8477180),
(2016020231, 8470320),
(2016020163, 8468011),
(2016020163, 8474593),
(2016020163, 8473523),
(2016020163, 8475883),
(2016020811, 8476899),
(2016020811, 8475717),
(2015020028, 8473972),
(2015020028, 8468011),
(2015020022, 8476234),
(2015020022, 8474651),
(2017020065, 8476234),
(2017020065, 8471715),
(2017021065, 8476945),
(2017021065, 8475831),
(2016021029, 8470147),
(2016021029, 8475883),
(2016021029, 8473503),
(2016020459, 8476883),
(2016020459, 8468011),
(2016020442, 8471695),
(2016020442, 8476899),
(2015020954, 8474152),
(2015020954, 8471695),
(2016020419, 8476945),
(2016020419, 8474636),
(2016020419, 8473434),
(2016020874, 8477424),
(2016020874, 8475683),
(2016021083, 8473461),
(2016021083, 8474636),
(2015020060, 8470320),
(2015020060, 8470657),
(2016020647, 8473541),
(2016020647, 8475839),
(2016020611, 8473434),
(2016020611, 8476945),
(2015020390, 8470860),
(2015020390, 8467950),
(2015020440, 8474550),
(2015020440, 8474596),
(2016021065, 8471227),
(2016021065, 8476945),
(2016021065, 8474636),
(2017020715, 8477293),
(2017020715, 8475622),
(2017020715, 8474596),
(2017020067, 8473503),
(2017020067, 8476899),
(2016020366, 8474636),
(2016020366, 8475622),
(2016020991, 8477237),
(2016020991, 8469608),
(2015020881, 8470880),
(2015020881, 8475839),
(2015020881, 8478999),
(2017020404, 8468011),
(2017020404, 8471469),
(2016020634, 8470645),
(2016020634, 8474152),
(2016020634, 8474651),
(2017020118, 8474152),
(2017020118, 8471750),
(2015020869, 8470860),
(2015020869, 8471239),
(2016020172, 8470880),
(2016020172, 8469514),
(2016020857, 8473503),
(2016020857, 8476434),
(2016020488, 8473575),
(2016020488, 8471227),
(2016021019, 8476945),
(2016021019, 8471469),
(2016020347, 8474550),
(2016020347, 8470594),
(2016021093, 8476899),
(2016021093, 8477237),
(2015020454, 8466141),
(2015020454, 8470860),
(2015021138, 8475299),
(2015021138, 8475839),
(2015021199, 8475683),
(2015021199, 8476343),
(2015020170, 8471734),
(2015020170, 8470645),
(2016020660, 8474636),
(2016020660, 8474889),
(2015020768, 8470645),
(2015020768, 8475839),
(2015020210, 8471418),
(2015020210, 8474889),
(2015020427, 8473434),
(2015020427, 8473972),
(2015020657, 8470594),
(2015020657, 8476883),
(2017020161, 8475839),
(2017020161, 8471239),
(2017020046, 8471239),
(2017020046, 8475883),
(2017020582, 8470860),
(2017020582, 8476945),
(2015020976, 8470147),
(2015020976, 8473461),
(2016020627, 8471695),
(2016020627, 8475876),
(2016020627, 8477424),
(2017020375, 8475809),
(2017020375, 8475660),
(2016020285, 8467950),
(2016020285, 8471679),
(2017020918, 8466141),
(2017020918, 8475883),
(2017020019, 8473541),
(2017020019, 8471239),
(2015020846, 8471227),
(2015020846, 8474593),
(2017020455, 8474152),
(2017020455, 8471734),
(2017020810, 8468685),
(2017020810, 8471750),
(2017020555, 8474651),
(2017020555, 8470594),
(2017021114, 8471750),
(2017021114, 8470140),
(2017021114, 8476945),
(2016020801, 8470645),
(2016020801, 8475311),
(2015020009, 8470320),
(2015020009, 8471469),
(2015020380, 8470140),
(2015020380, 8468011),
(2017020671, 8470657),
(2017020671, 8477465),
(2015020487, 8470320),
(2015020487, 8476899),
(2017020239, 8475852),
(2017020239, 8469608),
(2017020811, 8475839),
(2017020811, 8476883),
(2017020811, 8475660),
(2017020411, 8475809),
(2017020411, 8476876),
(2017020675, 8473541),
(2017020675, 8471750),
(2016020484, 8469514),
(2016020484, 8470147),
(2017020012, 8473607),
(2017020012, 8471734),
(2017020890, 8473607),
(2017020890, 8475683),
(2017020679, 8468685),
(2017020679, 8477465),
(2015021201, 8474593),
(2015021201, 8475660),
(2016020390, 8473434),
(2016020390, 8470140),
(2015020416, 8474889),
(2015020416, 8471774),
(2015020416, 8471403),
(2016021078, 8470880),
(2016021078, 8474651),
(2017021014, 8475683),
(2017021014, 8474889),
(2017021014, 8477180),
(2015020135, 8470594),
(2015020135, 8474651),
(2015020804, 8474593),
(2015020804, 8473575),
(2017021267, 8468011),
(2017021267, 8477293),
(2016020306, 8475195),
(2016020306, 8475831),
(2015020801, 8474651),
(2015020801, 8471469),
(2015020002, 8468685),
(2015020002, 8470645),
(2015021010, 8467950),
(2015021010, 8466141),
(2015020071, 8471774),
(2015020071, 8470860),
(2016020327, 8473434),
(2016020327, 8476932),
(2017020013, 8471306),
(2017020013, 8470860),
(2017020013, 8475683),
(2015020810, 8475215),
(2015020810, 8473461),
(2016020150, 8474593),
(2016020150, 8477237),
(2016021209, 8475831),
(2016021209, 8471418),
(2016021209, 8471695),
(2016020318, 8471227),
(2016020318, 8474596),
(2015020520, 8471239),
(2015020520, 8470320),
(2017021157, 8476883),
(2017021157, 8476234),
(2015020907, 8471239),
(2015020907, 8476234),
(2015020907, 8476914),
(2015020832, 8475883),
(2015020832, 8476434),
(2015020832, 8470645),
(2017020736, 8467950),
(2017020736, 8475622),
(2016020616, 8468011),
(2016020616, 8471469),
(2017020836, 8469608),
(2017020836, 8471715),
(2017020836, 8468685),
(2017021226, 8474651),
(2017021226, 8474596),
(2015021032, 8473541),
(2015021032, 8475852),
(2015020109, 8474765),
(2015020109, 8467950),
(2017020432, 8479496),
(2017020432, 8471679),
(2016020699, 8476434),
(2016020699, 8473541),
(2016020699, 8471227),
(2016020843, 8470147),
(2016020843, 8476914),
(2015020334, 8476883),
(2015020334, 8474651),
(2015021087, 8473972),
(2015021087, 8473541),
(2015020531, 8473553),
(2015020531, 8476945),
(2015020172, 8470140),
(2015020172, 8471695),
(2015020839, 8473461),
(2015020839, 8468685),
(2015020588, 8474651),
(2015020588, 8471695),
(2015020047, 8470645),
(2015020047, 8473607),
(2016020904, 8473541),
(2016020904, 8471734),
(2015021059, 8474889),
(2015021059, 8469608),
(2016020166, 8471239),
(2016020166, 8471750),
(2016020360, 8468038),
(2016020360, 8468685),
(2015020754, 8471734),
(2015020754, 8475839),
(2015020754, 8474765),
(2016020411, 8470140),
(2016020411, 8473461),
(2016020586, 8475883),
(2016020586, 8471239),
(2016020586, 8476234),
(2017020156, 8471734),
(2017020156, 8471695),
(2017020005, 8471469),
(2017020005, 8471695),
(2017020823, 8471469),
(2017020823, 8475883),
(2016020995, 8475215),
(2016020995, 8475683),
(2015020581, 8467950),
(2015020581, 8470645),
(2017020981, 8479496),
(2017020981, 8473575),
(2016021064, 8473503),
(2016021064, 8470594),
(2016020953, 8476883),
(2016020953, 8475215),
(2016021120, 8468011),
(2016021120, 8474636),
(2015020541, 8467950),
(2015020541, 8471695),
(2016021028, 8476883),
(2016021028, 8477237),
(2016020458, 8475683),
(2016020458, 8473434),
(2015020268, 8474550),
(2015020268, 8476999),
(2015020130, 8475660),
(2015020130, 8471227),
(2017020462, 8473541),
(2017020462, 8477465),
(2016020269, 8474889),
(2016020269, 8469608),
(2015020607, 8475852),
(2015020607, 8474889),
(2015020431, 8473607),
(2015020431, 8474550),
(2017021125, 8473503),
(2017021125, 8467950),
(2017021125, 8477237),
(2017020465, 8474152),
(2017020465, 8476434),
(2016020728, 8476899),
(2016020728, 8471695),
(2015021001, 8471306),
(2015021001, 8476343),
(2016021082, 8474889),
(2016021082, 8471227),
(2016020868, 8466141),
(2016020868, 8469514),
(2016020398, 8471239),
(2016020398, 8471679),
(2017020550, 8473434),
(2017020550, 8470320),
(2017020254, 8473503),
(2017020254, 8471239),
(2016020598, 8468685),
(2016020598, 8470147),
(2016020521, 8475215),
(2016020521, 8475852),
(2017021204, 8471734),
(2017021204, 8476434),
(2016020704, 8476914),
(2016020704, 8477237),
(2016020370, 8476434),
(2016020370, 8475660),
(2016020178, 8470140),
(2016020178, 8474152),
(2015020252, 8473553),
(2015020252, 8471239),
(2017021171, 8467950),
(2017021171, 8470320),
(2017020441, 8476876),
(2017020441, 8471469),
(2016020905, 8477293),
(2016020905, 8471239),
(2015020663, 8475831),
(2015020663, 8474651),
(2015020663, 8473434),
(2015020369, 8476343),
(2015020369, 8476945),
(2016020139, 8470880),
(2016020139, 8470645),
(2017020063, 8475883),
(2017020063, 8471679),
(2016020590, 8469608),
(2016020590, 8476434),
(2017020050, 8469608),
(2017020050, 8471734),
(2017020539, 8470880),
(2017020539, 8475215),
(2016020712, 8474889),
(2016020712, 8477484),
(2017020284, 8470880),
(2017020284, 8476945),
(2015021056, 8466141),
(2015021056, 8473541),
(2015020425, 8474152),
(2015020425, 8471469),
(2016020942, 8475717),
(2016020942, 8467950),
(2015020873, 8474593),
(2015020873, 8473972),
(2015020641, 8475195),
(2015020641, 8475839),
(2016020122, 8471469),
(2016020122, 8474889),
(2017020450, 8475883),
(2017020450, 8477465),
(2017020450, 8479193),
(2017020531, 8468011),
(2017020531, 8470860),
(2017020486, 8473503),
(2017020486, 8473575),
(2015020681, 8467950),
(2015020681, 8471774),
(2015020269, 8471734),
(2015020269, 8473461),
(2015020706, 8470860),
(2015020706, 8477202),
(2015020401, 8467950),
(2015020401, 8468685),
(2017020197, 8470147),
(2017020197, 8471734),
(2017020800, 8468685),
(2017020800, 8471469),
(2015020793, 8471219),
(2015020793, 8475852),
(2015020739, 8475717),
(2015020739, 8477914),
(2015020739, 8474889),
(2015020676, 8471734),
(2015020676, 8476434),
(2015020876, 8475852),
(2015020876, 8467950),
(2017020831, 8473575),
(2017020831, 8473541),
(2017020831, 8475622),
(2017020280, 8477293),
(2017020280, 8479292),
(2015021203, 8471750),
(2015021203, 8476234),
(2016020907, 8471679),
(2016020907, 8475883),
(2015020514, 8474636),
(2015020514, 8471403),
(2015021096, 8470140),
(2015021096, 8468038),
(2015021096, 8474152),
(2015020720, 8476899),
(2015020720, 8474651),
(2017020064, 8474596),
(2017020064, 8476883),
(2016021049, 8473503),
(2016021049, 8477293),
(2017020072, 8471418),
(2017020072, 8475839),
(2015020602, 8466141),
(2015020602, 8467950),
(2015020517, 8473434),
(2015020517, 8475361),
(2015020904, 8474889),
(2015020904, 8475717),
(2015021095, 8474593),
(2015021095, 8471715),
(2017020243, 8471418),
(2017020243, 8475883),
(2017020086, 8473575),
(2017020086, 8471469),
(2015020395, 8473575),
(2015020395, 8471227),
(2015020395, 8475311),
(2017020682, 8474593),
(2017020682, 8471227),
(2015020973, 8475831),
(2015020973, 8471695),
(2015021121, 8475883),
(2015021121, 8467950),
(2016020692, 8468038),
(2016020692, 8475683),
(2017021061, 8470140),
(2017021061, 8479193),
(2015020208, 8477293),
(2015020208, 8469608),
(2015020208, 8474765),
(2015020075, 8471239),
(2015020075, 8468685),
(2017020371, 8474152),
(2017020371, 8476914),
(2016021051, 8470140),
(2016021051, 8470880),
(2015020267, 8474889),
(2015020267, 8471695),
(2016021067, 8474092),
(2016021067, 8474152),
(2016020940, 8471227),
(2016020940, 8475683),
(2015020639, 8471469),
(2015020639, 8470645),
(2017020819, 8471227),
(2017020819, 8475622),
(2017020819, 8474596),
(2015020175, 8467950),
(2015020175, 8477237),
(2016020346, 8468685),
(2016020346, 8475195),
(2015020653, 8475660),
(2015020653, 8474889),
(2015021157, 8476234),
(2015021157, 8471219),
(2017020261, 8476316),
(2017020261, 8474651),
(2017020454, 8467950),
(2017020454, 8477180),
(2016020733, 8470880),
(2016020733, 8477237),
(2015020824, 8473972),
(2015020824, 8475839),
(2015020433, 8475311),
(2015020433, 8474765),
(2015020298, 8475717),
(2015020298, 8473499),
(2015020298, 8474651),
(2016021161, 8471239),
(2016021161, 8473607),
(2016021161, 8476932),
(2017021091, 8477225),
(2017021091, 8471734),
(2017020590, 8474152),
(2017020590, 8475622),
(2016020013, 8476434),
(2016020013, 8474550),
(2016020526, 8474889),
(2016020526, 8476434),
(2016021002, 8476914),
(2016021002, 8475215),
(2016021002, 8475195),
(2017020949, 8476883),
(2017020949, 8474550),
(2015020613, 8470880),
(2015020613, 8474596),
(2015020613, 8476434),
(2016020839, 8475215),
(2016020839, 8467950),
(2015020160, 8475831),
(2015020160, 8471219),
(2016021010, 8475831),
(2016021010, 8471734),
(2016021205, 8475660),
(2016021205, 8474889),
(2017021265, 8476914),
(2017021265, 8477424),
(2017021265, 8471469),
(2017021209, 8476945),
(2017021209, 8470147),
(2015020352, 8473972),
(2015020352, 8474889),
(2015020287, 8473503),
(2015020287, 8470320),
(2016020253, 8471239),
(2016020253, 8473541),
(2015020405, 8475622),
(2015020405, 8475361),
(2017020330, 8471750),
(2017020330, 8473541),
(2015020752, 8470645),
(2015020752, 8475717),
(2016020875, 8470147),
(2016020875, 8470320),
(2016020875, 8475663),
(2015020586, 8470320),
(2015020586, 8475660),
(2015020265, 8476883),
(2015020265, 8466141),
(2017020410, 8470140),
(2017020410, 8473575),
(2017020410, 8473541),
(2017020740, 8471734),
(2017020740, 8475311),
(2017020740, 8474593),
(2016020140, 8471469),
(2016020140, 8473575),
(2016021056, 8471679),
(2016021056, 8467950),
(2015020308, 8474596),
(2015020308, 8476999),
(2016020999, 8470594),
(2016020999, 8475660),
(2017020940, 8470140),
(2017020940, 8471734),
(2016020886, 8471306),
(2016020886, 8475852),
(2015020251, 8466141),
(2015020251, 8471750),
(2017020565, 8471750),
(2017020565, 8471774),
(2015020714, 8471750),
(2015020714, 8476883),
(2015020714, 8466141),
(2016020516, 8475660),
(2016020516, 8474889),
(2016020466, 8475195),
(2016020466, 8470320),
(2015020535, 8474651),
(2015020535, 8476999),
(2017020824, 8471418),
(2017020824, 8471715),
(2017020824, 8468685),
(2016020326, 8467950),
(2016020326, 8477293),
(2017020480, 8475215),
(2017020480, 8470880),
(2015020186, 8471695),
(2015020186, 8474651),
(2015020366, 8474550),
(2015020366, 8471403),
(2015020658, 8476945),
(2015020658, 8471227),
(2017020882, 8475215),
(2017020882, 8467950),
(2016020361, 8474152),
(2016020361, 8473461),
(2015021176, 8475299),
(2015021176, 8475660),
(2017021088, 8473575),
(2017021088, 8474596),
(2016020450, 8471227),
(2016020450, 8471469),
(2015020046, 8467950),
(2015020046, 8475683),
(2016020923, 8471469),
(2016020923, 8475215),
(2016020030, 8476434),
(2016020030, 8470860),
(2017020588, 8471679),
(2017020588, 8473503),
(2017020226, 8477293),
(2017020226, 8476899),
(2016021042, 8474152),
(2016021042, 8477237),
(2015020507, 8474596),
(2015020507, 8471695),
(2016021226, 8477465),
(2016021226, 8476433),
(2016020565, 8475195),
(2016020565, 8468685),
(2016020090, 8474636),
(2016020090, 8474550),
(2015020169, 8474550),
(2015020169, 8473503),
(2017020388, 8477465),
(2017020388, 8475215),
(2017020514, 8476899),
(2017020514, 8473575),
(2015020923, 8466141),
(2015020923, 8476914),
(2017020626, 8476434),
(2017020626, 8475660),
(2017020109, 8471679),
(2017020109, 8476434),
(2017020883, 8470657),
(2017020883, 8476883),
(2016020592, 8476883),
(2016020592, 8473607),
(2016021045, 8470140),
(2016021045, 8468011),
(2015020402, 8473434),
(2015020402, 8475195),
(2016020479, 8475660),
(2016020479, 8475622),
(2016020960, 8475852),
(2016020960, 8475660),
(2016021111, 8471418),
(2016021111, 8471306),
(2017021071, 8471695),
(2017021071, 8470320),
(2015020050, 8471469),
(2015020050, 8471306),
(2016020956, 8471679),
(2016020956, 8468685),
(2017020900, 8471679),
(2017020900, 8474550),
(2017020900, 8470594),
(2017021038, 8479292),
(2017021038, 8466141),
(2015020408, 8470860),
(2015020408, 8473607),
(2015020408, 8473461),
(2016020962, 8471306),
(2016020962, 8475234),
(2016020962, 8470880),
(2015020297, 8474889),
(2015020297, 8470594),
(2016020341, 8469608),
(2016020341, 8474889),
(2017021101, 8479292),
(2017021101, 8470147),
(2016021206, 8476883),
(2016021206, 8471679),
(2017020529, 8476945),
(2017020529, 8471695),
(2016021204, 8476903),
(2016021204, 8471750),
(2016020917, 8474596),
(2016020917, 8474152),
(2016020290, 8476899),
(2016020290, 8468685),
(2016020290, 8477293),
(2016020915, 8475660),
(2016020915, 8471469),
(2016020963, 8475683),
(2016020963, 8471239),
(2016020723, 8471227),
(2016020723, 8470140),
(2017020396, 8471695),
(2017020396, 8470880),
(2015020816, 8473541),
(2015020816, 8475660),
(2016020293, 8476945),
(2016020293, 8471227),
(2015021180, 8471227),
(2015021180, 8471715),
(2016020225, 8475311),
(2016020225, 8467950),
(2017020621, 8470594),
(2017020621, 8475622),
(2016021174, 8473541),
(2016021174, 8470880),
(2016021218, 8475660),
(2016021218, 8468011),
(2016020499, 8476434),
(2016020499, 8477237),
(2017020600, 8476945),
(2017020600, 8475660),
(2016020056, 8474651),
(2016020056, 8466141),
(2017020296, 8473503),
(2017020296, 8475311),
(2015021166, 8474593),
(2015021166, 8476434),
(2016020192, 8475839),
(2016020192, 8475717),
(2015020226, 8469608),
(2015020226, 8471734),
(2015020501, 8476914),
(2015020501, 8476899),
(2017020754, 8470147),
(2017020754, 8471750),
(2016021164, 8476434),
(2016021164, 8475660),
(2017020228, 8471469),
(2017020228, 8476914),
(2015020027, 8474550),
(2015020027, 8473575),
(2017020941, 8471227),
(2017020941, 8480382),
(2015020040, 8474889),
(2015020040, 8474651),
(2015020076, 8470880);

INSERT INTO Goalie_Stats_In_Game (gstatsid, gameid, playerid) VALUES 
(0, 2016020045, 8473607),
(1, 2016020045, 8473461),
(2, 2016020045, 8470645),
(3, 2017020812, 8468011),
(4, 2017020812, 8475215),
(5, 2015020314, 8473575),
(6, 2015020314, 8474636),
(7, 2015020849, 8471715),
(8, 2015020849, 8475663),
(9, 2017020586, 8469608),
(10, 2017020586, 8476434),
(11, 2016020610, 8474651),
(12, 2016020610, 8471679),
(13, 2015020606, 8473503),
(14, 2015020606, 8471734),
(15, 2017020240, 8474593),
(16, 2017020240, 8468011),
(17, 2017020240, 8473499),
(18, 2017020624, 8475683),
(19, 2017020624, 8473541),
(20, 2015020346, 8475195),
(21, 2015020346, 8473553),
(22, 2017020221, 8476945),
(23, 2017020221, 8471750),
(24, 2016020298, 8470860),
(25, 2016020298, 8469514),
(26, 2017020731, 8470860),
(27, 2017020731, 8477293),
(28, 2016020205, 8476945),
(29, 2016020205, 8475839),
(30, 2016020246, 8476945),
(31, 2016020246, 8473461),
(32, 2016020107, 8470645),
(33, 2016020107, 8476234),
(34, 2016021020, 8470594),
(35, 2016021020, 8470880),
(36, 2017020986, 8475839),
(37, 2017020986, 8471750),
(38, 2017021124, 8475660),
(39, 2017021124, 8474152),
(40, 2015020981, 8476899),
(41, 2015020981, 8476234),
(42, 2017020146, 8471306),
(43, 2017020146, 8471227),
(44, 2016020716, 8476914),
(45, 2016020716, 8475683),
(46, 2016020716, 8471306),
(47, 2017020001, 8475883),
(48, 2017020001, 8476945),
(49, 2017020001, 8473461),
(50, 2016020933, 8475883),
(51, 2016020933, 8474889),
(52, 2015021066, 8475361),
(53, 2015021066, 8475883),
(54, 2015020086, 8471750),
(55, 2015020086, 8471469),
(56, 2017020482, 8471239),
(57, 2017020482, 8471679),
(58, 2016021163, 8477237),
(59, 2016021163, 8476945),
(60, 2015020687, 8475195),
(61, 2015020687, 8476883),
(62, 2017020706, 8474550),
(63, 2017020706, 8475831),
(64, 2015020619, 8473541),
(65, 2015020619, 8474889),
(66, 2017021076, 8475660),
(67, 2017021076, 8469608),
(68, 2015020562, 8471734),
(69, 2015020562, 8471403),
(70, 2016020264, 8475883),
(71, 2016020264, 8471679),
(72, 2017021046, 8468011),
(73, 2017021046, 8470140),
(74, 2015020201, 8466141),
(75, 2015020201, 8471734),
(76, 2015020079, 8473499),
(77, 2015020079, 8471734),
(78, 2017020214, 8473541),
(79, 2017020214, 8471306),
(80, 2016020683, 8475717),
(81, 2016020683, 8476434),
(82, 2017020285, 8475831),
(83, 2017020285, 8473575),
(84, 2017020423, 8474152),
(85, 2017020423, 8474593),
(86, 2015020516, 8474889),
(87, 2015020516, 8471734),
(88, 2017020930, 8470860),
(89, 2017020930, 8475883),
(90, 2017020301, 8471774),
(91, 2017020301, 8474651),
(92, 2015021029, 8475831),
(93, 2015021029, 8474889),
(94, 2016020884, 8476899),
(95, 2016020884, 8470320),
(96, 2017021066, 8479292),
(97, 2017021066, 8475683),
(98, 2016020906, 8475831),
(99, 2016020906, 8477424),
(100, 2017021087, 8471418),
(101, 2017021087, 8473503),
(102, 2016020885, 8476945),
(103, 2016020885, 8475883),
(104, 2016020560, 8477237),
(105, 2016020560, 8474651),
(106, 2016020986, 8473607),
(107, 2016020986, 8475883),
(108, 2015020906, 8471227),
(109, 2015020906, 8473607),
(110, 2017020625, 8471734),
(111, 2017020625, 8469608),
(112, 2015020646, 8468685),
(113, 2015020646, 8470860),
(114, 2016020119, 8470140),
(115, 2016020119, 8471227),
(116, 2016020070, 8475663),
(117, 2016020070, 8473461),
(118, 2016020348, 8470860),
(119, 2016020348, 8474651),
(120, 2016021004, 8475883),
(121, 2016021004, 8470320),
(122, 2015020540, 8475717),
(123, 2015020540, 8474889),
(124, 2016020674, 8471695),
(125, 2016020674, 8475852),
(126, 2016020674, 8477225),
(127, 2017020138, 8474889),
(128, 2017020138, 8471418),
(129, 2016020602, 8475852),
(130, 2016020602, 8477225),
(131, 2016020602, 8474889),
(132, 2017020020, 8473434),
(133, 2017020020, 8475215),
(134, 2017020020, 8470860),
(135, 2015020227, 8471306),
(136, 2015020227, 8474889),
(137, 2015020227, 8471774),
(138, 2015020453, 8471239),
(139, 2015020453, 8476999),
(140, 2017021170, 8475831),
(141, 2017021170, 8471715),
(142, 2017021170, 8480382),
(143, 2017021025, 8470140),
(144, 2017021025, 8471469),
(145, 2016020531, 8469514),
(146, 2016020531, 8468011),
(147, 2017020540, 8471774),
(148, 2017020540, 8473503),
(149, 2016020438, 8466141),
(150, 2016020438, 8473503),
(151, 2016020438, 8471227),
(152, 2016020435, 8474889),
(153, 2016020435, 8475883),
(154, 2015021111, 8475660),
(155, 2015021111, 8473503),
(156, 2016020099, 8475839),
(157, 2016020099, 8473461),
(158, 2016020283, 8474596),
(159, 2016020283, 8471695),
(160, 2017020699, 8471750),
(161, 2017020699, 8476914),
(162, 2015020239, 8471715),
(163, 2015020239, 8470140),
(164, 2017020506, 8471469),
(165, 2017020506, 8469608),
(166, 2017021194, 8474889),
(167, 2017021194, 8477424),
(168, 2017020342, 8467950),
(169, 2017020342, 8475683),
(170, 2017021257, 8468685),
(171, 2017021257, 8470880),
(172, 2015020007, 8473461),
(173, 2015020007, 8471750),
(174, 2015020693, 8474593),
(175, 2015020693, 8471695),
(176, 2016020368, 8470147),
(177, 2016020368, 8469608),
(178, 2017021255, 8475622),
(179, 2017021255, 8475234),
(180, 2015020061, 8471403),
(181, 2015020061, 8471715),
(182, 2015020871, 8475215),
(183, 2015020871, 8476914),
(184, 2015020871, 8470147),
(185, 2015021099, 8477202),
(186, 2015021099, 8475234),
(187, 2015020971, 8471469),
(188, 2015020971, 8475717),
(189, 2017021010, 8475234),
(190, 2017021010, 8476341),
(191, 2017021010, 8476434),
(192, 2017020853, 8476899),
(193, 2017020853, 8474596),
(194, 2016020887, 8476316),
(195, 2016020887, 8471750),
(196, 2015020165, 8476883),
(197, 2015020165, 8470320),
(198, 2017020696, 8471418),
(199, 2017020696, 8470860),
(200, 2016020759, 8471679),
(201, 2016020759, 8473607),
(202, 2017020164, 8476899),
(203, 2017020164, 8471227),
(204, 2016020889, 8470645),
(205, 2016020889, 8471227),
(206, 2017020059, 8468685),
(207, 2017020059, 8475683),
(208, 2015020528, 8473541),
(209, 2015020528, 8471306),
(210, 2017020953, 8475215),
(211, 2017020953, 8475831),
(212, 2017020952, 8470860),
(213, 2017020952, 8476234),
(214, 2017020562, 8475683),
(215, 2017020562, 8476899),
(216, 2017021081, 8476234),
(217, 2017021081, 8476509),
(218, 2017021081, 8470594),
(219, 2017020955, 8474636),
(220, 2017020955, 8471750),
(221, 2017020955, 8470140),
(222, 2016020305, 8471306),
(223, 2016020305, 8477180),
(224, 2017021218, 8471418),
(225, 2017021218, 8475852),
(226, 2016020425, 8473575),
(227, 2016020425, 8477312),
(228, 2017020058, 8474651),
(229, 2017020058, 8471239),
(230, 2016020650, 8474636),
(231, 2016020650, 8469514),
(232, 2017020614, 8467950),
(233, 2017020614, 8470657),
(234, 2015020988, 8471695),
(235, 2015020988, 8471219),
(236, 2015020988, 8466141),
(237, 2015020975, 8475663),
(238, 2015020975, 8471750),
(239, 2015020629, 8471219),
(240, 2015020629, 8475660),
(241, 2017020728, 8477237),
(242, 2017020728, 8471774),
(243, 2016020678, 8477237),
(244, 2016020678, 8475683),
(245, 2015020797, 8475883),
(246, 2015020797, 8473461),
(247, 2015020909, 8475839),
(248, 2015020909, 8466141),
(249, 2015021069, 8468685),
(250, 2015021069, 8477293),
(251, 2015021069, 8474889),
(252, 2017020813, 8470594),
(253, 2017020813, 8476899),
(254, 2017020987, 8471469),
(255, 2017020987, 8475660),
(256, 2017020154, 8470140),
(257, 2017020154, 8469608),
(258, 2015021171, 8471239),
(259, 2015021171, 8471750),
(260, 2016020966, 8474596),
(261, 2016020966, 8474092),
(262, 2016021216, 8474092),
(263, 2016021216, 8470140),
(264, 2016020296, 8475660),
(265, 2016020296, 8473575),
(266, 2017020911, 8471750),
(267, 2017020911, 8470140),
(268, 2017020911, 8474889),
(269, 2016020573, 8468685),
(270, 2016020573, 8473461),
(271, 2015021050, 8471715),
(272, 2015021050, 8475299),
(273, 2015020341, 8471403),
(274, 2015020341, 8469608),
(275, 2015021204, 8471306),
(276, 2015021204, 8468685),
(277, 2015021204, 8477293),
(278, 2015020835, 8475717),
(279, 2015020835, 8473575),
(280, 2015020835, 8475215),
(281, 2016020603, 8476883),
(282, 2016020603, 8470594),
(283, 2016020679, 8468685),
(284, 2016020679, 8475883),
(285, 2016020143, 8468011),
(286, 2016020143, 8471679),
(287, 2016020231, 8477180),
(288, 2016020231, 8470320),
(289, 2016020163, 8468011),
(290, 2016020163, 8474593),
(291, 2016020163, 8473523),
(292, 2016020163, 8475883),
(293, 2016020811, 8476899),
(294, 2016020811, 8475717),
(295, 2015020028, 8473972),
(296, 2015020028, 8468011),
(297, 2015020022, 8476234),
(298, 2015020022, 8474651),
(299, 2017020065, 8476234),
(300, 2017020065, 8471715),
(301, 2017021065, 8476945),
(302, 2017021065, 8475831),
(303, 2016021029, 8470147),
(304, 2016021029, 8475883),
(305, 2016021029, 8473503),
(306, 2016020459, 8476883),
(307, 2016020459, 8468011),
(308, 2016020442, 8471695),
(309, 2016020442, 8476899),
(310, 2015020954, 8474152),
(311, 2015020954, 8471695),
(312, 2016020419, 8476945),
(313, 2016020419, 8474636),
(314, 2016020419, 8473434),
(315, 2016020874, 8477424),
(316, 2016020874, 8475683),
(317, 2016021083, 8473461),
(318, 2016021083, 8474636),
(319, 2015020060, 8470320),
(320, 2015020060, 8470657),
(321, 2016020647, 8473541),
(322, 2016020647, 8475839),
(323, 2016020611, 8473434),
(324, 2016020611, 8476945),
(325, 2015020390, 8470860),
(326, 2015020390, 8467950),
(327, 2015020440, 8474550),
(328, 2015020440, 8474596),
(329, 2016021065, 8471227),
(330, 2016021065, 8476945),
(331, 2016021065, 8474636),
(332, 2017020715, 8477293),
(333, 2017020715, 8475622),
(334, 2017020715, 8474596),
(335, 2017020067, 8473503),
(336, 2017020067, 8476899),
(337, 2016020366, 8474636),
(338, 2016020366, 8475622),
(339, 2016020991, 8477237),
(340, 2016020991, 8469608),
(341, 2015020881, 8470880),
(342, 2015020881, 8475839),
(343, 2015020881, 8478999),
(344, 2017020404, 8468011),
(345, 2017020404, 8471469),
(346, 2016020634, 8470645),
(347, 2016020634, 8474152),
(348, 2016020634, 8474651),
(349, 2017020118, 8474152),
(350, 2017020118, 8471750),
(351, 2015020869, 8470860),
(352, 2015020869, 8471239),
(353, 2016020172, 8470880),
(354, 2016020172, 8469514),
(355, 2016020857, 8473503),
(356, 2016020857, 8476434),
(357, 2016020488, 8473575),
(358, 2016020488, 8471227),
(359, 2016021019, 8476945),
(360, 2016021019, 8471469),
(361, 2016020347, 8474550),
(362, 2016020347, 8470594),
(363, 2016021093, 8476899),
(364, 2016021093, 8477237),
(365, 2015020454, 8466141),
(366, 2015020454, 8470860),
(367, 2015021138, 8475299),
(368, 2015021138, 8475839),
(369, 2015021199, 8475683),
(370, 2015021199, 8476343),
(371, 2015020170, 8471734),
(372, 2015020170, 8470645),
(373, 2016020660, 8474636),
(374, 2016020660, 8474889),
(375, 2015020768, 8470645),
(376, 2015020768, 8475839),
(377, 2015020210, 8471418),
(378, 2015020210, 8474889),
(379, 2015020427, 8473434),
(380, 2015020427, 8473972),
(381, 2015020657, 8470594),
(382, 2015020657, 8476883),
(383, 2017020161, 8475839),
(384, 2017020161, 8471239),
(385, 2017020046, 8471239),
(386, 2017020046, 8475883),
(387, 2017020582, 8470860),
(388, 2017020582, 8476945),
(389, 2015020976, 8470147),
(390, 2015020976, 8473461),
(391, 2016020627, 8471695),
(392, 2016020627, 8475876),
(393, 2016020627, 8477424),
(394, 2017020375, 8475809),
(395, 2017020375, 8475660),
(396, 2016020285, 8467950),
(397, 2016020285, 8471679),
(398, 2017020918, 8466141),
(399, 2017020918, 8475883),
(400, 2017020019, 8473541),
(401, 2017020019, 8471239),
(402, 2015020846, 8471227),
(403, 2015020846, 8474593),
(404, 2017020455, 8474152),
(405, 2017020455, 8471734),
(406, 2017020810, 8468685),
(407, 2017020810, 8471750),
(408, 2017020555, 8474651),
(409, 2017020555, 8470594),
(410, 2017021114, 8471750),
(411, 2017021114, 8470140),
(412, 2017021114, 8476945),
(413, 2016020801, 8470645),
(414, 2016020801, 8475311),
(415, 2015020009, 8470320),
(416, 2015020009, 8471469),
(417, 2015020380, 8470140),
(418, 2015020380, 8468011),
(419, 2017020671, 8470657),
(420, 2017020671, 8477465),
(421, 2015020487, 8470320),
(422, 2015020487, 8476899),
(423, 2017020239, 8475852),
(424, 2017020239, 8469608),
(425, 2017020811, 8475839),
(426, 2017020811, 8476883),
(427, 2017020811, 8475660),
(428, 2017020411, 8475809),
(429, 2017020411, 8476876),
(430, 2017020675, 8473541),
(431, 2017020675, 8471750),
(432, 2016020484, 8469514),
(433, 2016020484, 8470147),
(434, 2017020012, 8473607),
(435, 2017020012, 8471734),
(436, 2017020890, 8473607),
(437, 2017020890, 8475683),
(438, 2017020679, 8468685),
(439, 2017020679, 8477465),
(440, 2015021201, 8474593),
(441, 2015021201, 8475660),
(442, 2016020390, 8473434),
(443, 2016020390, 8470140),
(444, 2015020416, 8474889),
(445, 2015020416, 8471774),
(446, 2015020416, 8471403),
(447, 2016021078, 8470880),
(448, 2016021078, 8474651),
(449, 2017021014, 8475683),
(450, 2017021014, 8474889),
(451, 2017021014, 8477180),
(452, 2015020135, 8470594),
(453, 2015020135, 8474651),
(454, 2015020804, 8474593),
(455, 2015020804, 8473575),
(456, 2017021267, 8468011),
(457, 2017021267, 8477293),
(458, 2016020306, 8475195),
(459, 2016020306, 8475831),
(460, 2015020801, 8474651),
(461, 2015020801, 8471469),
(462, 2015020002, 8468685),
(463, 2015020002, 8470645),
(464, 2015021010, 8467950),
(465, 2015021010, 8466141),
(466, 2015020071, 8471774),
(467, 2015020071, 8470860),
(468, 2016020327, 8473434),
(469, 2016020327, 8476932),
(470, 2017020013, 8471306),
(471, 2017020013, 8470860),
(472, 2017020013, 8475683),
(473, 2015020810, 8475215),
(474, 2015020810, 8473461),
(475, 2016020150, 8474593),
(476, 2016020150, 8477237),
(477, 2016021209, 8475831),
(478, 2016021209, 8471418),
(479, 2016021209, 8471695),
(480, 2016020318, 8471227),
(481, 2016020318, 8474596),
(482, 2015020520, 8471239),
(483, 2015020520, 8470320),
(484, 2017021157, 8476883),
(485, 2017021157, 8476234),
(486, 2015020907, 8471239),
(487, 2015020907, 8476234),
(488, 2015020907, 8476914),
(489, 2015020832, 8475883),
(490, 2015020832, 8476434),
(491, 2015020832, 8470645),
(492, 2017020736, 8467950),
(493, 2017020736, 8475622),
(494, 2016020616, 8468011),
(495, 2016020616, 8471469),
(496, 2017020836, 8469608),
(497, 2017020836, 8471715),
(498, 2017020836, 8468685),
(499, 2017021226, 8474651),
(500, 2017021226, 8474596),
(501, 2015021032, 8473541),
(502, 2015021032, 8475852),
(503, 2015020109, 8474765),
(504, 2015020109, 8467950),
(505, 2017020432, 8479496),
(506, 2017020432, 8471679),
(507, 2016020699, 8476434),
(508, 2016020699, 8473541),
(509, 2016020699, 8471227),
(510, 2016020843, 8470147),
(511, 2016020843, 8476914),
(512, 2015020334, 8476883),
(513, 2015020334, 8474651),
(514, 2015021087, 8473972),
(515, 2015021087, 8473541),
(516, 2015020531, 8473553),
(517, 2015020531, 8476945),
(518, 2015020172, 8470140),
(519, 2015020172, 8471695),
(520, 2015020839, 8473461),
(521, 2015020839, 8468685),
(522, 2015020588, 8474651),
(523, 2015020588, 8471695),
(524, 2015020047, 8470645),
(525, 2015020047, 8473607),
(526, 2016020904, 8473541),
(527, 2016020904, 8471734),
(528, 2015021059, 8474889),
(529, 2015021059, 8469608),
(530, 2016020166, 8471239),
(531, 2016020166, 8471750),
(532, 2016020360, 8468038),
(533, 2016020360, 8468685),
(534, 2015020754, 8471734),
(535, 2015020754, 8475839),
(536, 2015020754, 8474765),
(537, 2016020411, 8470140),
(538, 2016020411, 8473461),
(539, 2016020586, 8475883),
(540, 2016020586, 8471239),
(541, 2016020586, 8476234),
(542, 2017020156, 8471734),
(543, 2017020156, 8471695),
(544, 2017020005, 8471469),
(545, 2017020005, 8471695),
(546, 2017020823, 8471469),
(547, 2017020823, 8475883),
(548, 2016020995, 8475215),
(549, 2016020995, 8475683),
(550, 2015020581, 8467950),
(551, 2015020581, 8470645),
(552, 2017020981, 8479496),
(553, 2017020981, 8473575),
(554, 2016021064, 8473503),
(555, 2016021064, 8470594),
(556, 2016020953, 8476883),
(557, 2016020953, 8475215),
(558, 2016021120, 8468011),
(559, 2016021120, 8474636),
(560, 2015020541, 8467950),
(561, 2015020541, 8471695),
(562, 2016021028, 8476883),
(563, 2016021028, 8477237),
(564, 2016020458, 8475683),
(565, 2016020458, 8473434),
(566, 2015020268, 8474550),
(567, 2015020268, 8476999),
(568, 2015020130, 8475660),
(569, 2015020130, 8471227),
(570, 2017020462, 8473541),
(571, 2017020462, 8477465),
(572, 2016020269, 8474889),
(573, 2016020269, 8469608),
(574, 2015020607, 8475852),
(575, 2015020607, 8474889),
(576, 2015020431, 8473607),
(577, 2015020431, 8474550),
(578, 2017021125, 8473503),
(579, 2017021125, 8467950),
(580, 2017021125, 8477237),
(581, 2017020465, 8474152),
(582, 2017020465, 8476434),
(583, 2016020728, 8476899),
(584, 2016020728, 8471695),
(585, 2015021001, 8471306),
(586, 2015021001, 8476343),
(587, 2016021082, 8474889),
(588, 2016021082, 8471227),
(589, 2016020868, 8466141),
(590, 2016020868, 8469514),
(591, 2016020398, 8471239),
(592, 2016020398, 8471679),
(593, 2017020550, 8473434),
(594, 2017020550, 8470320),
(595, 2017020254, 8473503),
(596, 2017020254, 8471239),
(597, 2016020598, 8468685),
(598, 2016020598, 8470147),
(599, 2016020521, 8475215),
(600, 2016020521, 8475852),
(601, 2017021204, 8471734),
(602, 2017021204, 8476434),
(603, 2016020704, 8476914),
(604, 2016020704, 8477237),
(605, 2016020370, 8476434),
(606, 2016020370, 8475660),
(607, 2016020178, 8470140),
(608, 2016020178, 8474152),
(609, 2015020252, 8473553),
(610, 2015020252, 8471239),
(611, 2017021171, 8467950),
(612, 2017021171, 8470320),
(613, 2017020441, 8476876),
(614, 2017020441, 8471469),
(615, 2016020905, 8477293),
(616, 2016020905, 8471239),
(617, 2015020663, 8475831),
(618, 2015020663, 8474651),
(619, 2015020663, 8473434),
(620, 2015020369, 8476343),
(621, 2015020369, 8476945),
(622, 2016020139, 8470880),
(623, 2016020139, 8470645),
(624, 2017020063, 8475883),
(625, 2017020063, 8471679),
(626, 2016020590, 8469608),
(627, 2016020590, 8476434),
(628, 2017020050, 8469608),
(629, 2017020050, 8471734),
(630, 2017020539, 8470880),
(631, 2017020539, 8475215),
(632, 2016020712, 8474889),
(633, 2016020712, 8477484),
(634, 2017020284, 8470880),
(635, 2017020284, 8476945),
(636, 2015021056, 8466141),
(637, 2015021056, 8473541),
(638, 2015020425, 8474152),
(639, 2015020425, 8471469),
(640, 2016020942, 8475717),
(641, 2016020942, 8467950),
(642, 2015020873, 8474593),
(643, 2015020873, 8473972),
(644, 2015020641, 8475195),
(645, 2015020641, 8475839),
(646, 2016020122, 8471469),
(647, 2016020122, 8474889),
(648, 2017020450, 8475883),
(649, 2017020450, 8477465),
(650, 2017020450, 8479193),
(651, 2017020531, 8468011),
(652, 2017020531, 8470860),
(653, 2017020486, 8473503),
(654, 2017020486, 8473575),
(655, 2015020681, 8467950),
(656, 2015020681, 8471774),
(657, 2015020269, 8471734),
(658, 2015020269, 8473461),
(659, 2015020706, 8470860),
(660, 2015020706, 8477202),
(661, 2015020401, 8467950),
(662, 2015020401, 8468685),
(663, 2017020197, 8470147),
(664, 2017020197, 8471734),
(665, 2017020800, 8468685),
(666, 2017020800, 8471469),
(667, 2015020793, 8471219),
(668, 2015020793, 8475852),
(669, 2015020739, 8475717),
(670, 2015020739, 8477914),
(671, 2015020739, 8474889),
(672, 2015020676, 8471734),
(673, 2015020676, 8476434),
(674, 2015020876, 8475852),
(675, 2015020876, 8467950),
(676, 2017020831, 8473575),
(677, 2017020831, 8473541),
(678, 2017020831, 8475622),
(679, 2017020280, 8477293),
(680, 2017020280, 8479292),
(681, 2015021203, 8471750),
(682, 2015021203, 8476234),
(683, 2016020907, 8471679),
(684, 2016020907, 8475883),
(685, 2015020514, 8474636),
(686, 2015020514, 8471403),
(687, 2015021096, 8470140),
(688, 2015021096, 8468038),
(689, 2015021096, 8474152),
(690, 2015020720, 8476899),
(691, 2015020720, 8474651),
(692, 2017020064, 8474596),
(693, 2017020064, 8476883),
(694, 2016021049, 8473503),
(695, 2016021049, 8477293),
(696, 2017020072, 8471418),
(697, 2017020072, 8475839),
(698, 2015020602, 8466141),
(699, 2015020602, 8467950),
(700, 2015020517, 8473434),
(701, 2015020517, 8475361),
(702, 2015020904, 8474889),
(703, 2015020904, 8475717),
(704, 2015021095, 8474593),
(705, 2015021095, 8471715),
(706, 2017020243, 8471418),
(707, 2017020243, 8475883),
(708, 2017020086, 8473575),
(709, 2017020086, 8471469),
(710, 2015020395, 8473575),
(711, 2015020395, 8471227),
(712, 2015020395, 8475311),
(713, 2017020682, 8474593),
(714, 2017020682, 8471227),
(715, 2015020973, 8475831),
(716, 2015020973, 8471695),
(717, 2015021121, 8475883),
(718, 2015021121, 8467950),
(719, 2016020692, 8468038),
(720, 2016020692, 8475683),
(721, 2017021061, 8470140),
(722, 2017021061, 8479193),
(723, 2015020208, 8477293),
(724, 2015020208, 8469608),
(725, 2015020208, 8474765),
(726, 2015020075, 8471239),
(727, 2015020075, 8468685),
(728, 2017020371, 8474152),
(729, 2017020371, 8476914),
(730, 2016021051, 8470140),
(731, 2016021051, 8470880),
(732, 2015020267, 8474889),
(733, 2015020267, 8471695),
(734, 2016021067, 8474092),
(735, 2016021067, 8474152),
(736, 2016020940, 8471227),
(737, 2016020940, 8475683),
(738, 2015020639, 8471469),
(739, 2015020639, 8470645),
(740, 2017020819, 8471227),
(741, 2017020819, 8475622),
(742, 2017020819, 8474596),
(743, 2015020175, 8467950),
(744, 2015020175, 8477237),
(745, 2016020346, 8468685),
(746, 2016020346, 8475195),
(747, 2015020653, 8475660),
(748, 2015020653, 8474889),
(749, 2015021157, 8476234),
(750, 2015021157, 8471219),
(751, 2017020261, 8476316),
(752, 2017020261, 8474651),
(753, 2017020454, 8467950),
(754, 2017020454, 8477180),
(755, 2016020733, 8470880),
(756, 2016020733, 8477237),
(757, 2015020824, 8473972),
(758, 2015020824, 8475839),
(759, 2015020433, 8475311),
(760, 2015020433, 8474765),
(761, 2015020298, 8475717),
(762, 2015020298, 8473499),
(763, 2015020298, 8474651),
(764, 2016021161, 8471239),
(765, 2016021161, 8473607),
(766, 2016021161, 8476932),
(767, 2017021091, 8477225),
(768, 2017021091, 8471734),
(769, 2017020590, 8474152),
(770, 2017020590, 8475622),
(771, 2016020013, 8476434),
(772, 2016020013, 8474550),
(773, 2016020526, 8474889),
(774, 2016020526, 8476434),
(775, 2016021002, 8476914),
(776, 2016021002, 8475215),
(777, 2016021002, 8475195),
(778, 2017020949, 8476883),
(779, 2017020949, 8474550),
(780, 2015020613, 8470880),
(781, 2015020613, 8474596),
(782, 2015020613, 8476434),
(783, 2016020839, 8475215),
(784, 2016020839, 8467950),
(785, 2015020160, 8475831),
(786, 2015020160, 8471219),
(787, 2016021010, 8475831),
(788, 2016021010, 8471734),
(789, 2016021205, 8475660),
(790, 2016021205, 8474889),
(791, 2017021265, 8476914),
(792, 2017021265, 8477424),
(793, 2017021265, 8471469),
(794, 2017021209, 8476945),
(795, 2017021209, 8470147),
(796, 2015020352, 8473972),
(797, 2015020352, 8474889),
(798, 2015020287, 8473503),
(799, 2015020287, 8470320),
(800, 2016020253, 8471239),
(801, 2016020253, 8473541),
(802, 2015020405, 8475622),
(803, 2015020405, 8475361),
(804, 2017020330, 8471750),
(805, 2017020330, 8473541),
(806, 2015020752, 8470645),
(807, 2015020752, 8475717),
(808, 2016020875, 8470147),
(809, 2016020875, 8470320),
(810, 2016020875, 8475663),
(811, 2015020586, 8470320),
(812, 2015020586, 8475660),
(813, 2015020265, 8476883),
(814, 2015020265, 8466141),
(815, 2017020410, 8470140),
(816, 2017020410, 8473575),
(817, 2017020410, 8473541),
(818, 2017020740, 8471734),
(819, 2017020740, 8475311),
(820, 2017020740, 8474593),
(821, 2016020140, 8471469),
(822, 2016020140, 8473575),
(823, 2016021056, 8471679),
(824, 2016021056, 8467950),
(825, 2015020308, 8474596),
(826, 2015020308, 8476999),
(827, 2016020999, 8470594),
(828, 2016020999, 8475660),
(829, 2017020940, 8470140),
(830, 2017020940, 8471734),
(831, 2016020886, 8471306),
(832, 2016020886, 8475852),
(833, 2015020251, 8466141),
(834, 2015020251, 8471750),
(835, 2017020565, 8471750),
(836, 2017020565, 8471774),
(837, 2015020714, 8471750),
(838, 2015020714, 8476883),
(839, 2015020714, 8466141),
(840, 2016020516, 8475660),
(841, 2016020516, 8474889),
(842, 2016020466, 8475195),
(843, 2016020466, 8470320),
(844, 2015020535, 8474651),
(845, 2015020535, 8476999),
(846, 2017020824, 8471418),
(847, 2017020824, 8471715),
(848, 2017020824, 8468685),
(849, 2016020326, 8467950),
(850, 2016020326, 8477293),
(851, 2017020480, 8475215),
(852, 2017020480, 8470880),
(853, 2015020186, 8471695),
(854, 2015020186, 8474651),
(855, 2015020366, 8474550),
(856, 2015020366, 8471403),
(857, 2015020658, 8476945),
(858, 2015020658, 8471227),
(859, 2017020882, 8475215),
(860, 2017020882, 8467950),
(861, 2016020361, 8474152),
(862, 2016020361, 8473461),
(863, 2015021176, 8475299),
(864, 2015021176, 8475660),
(865, 2017021088, 8473575),
(866, 2017021088, 8474596),
(867, 2016020450, 8471227),
(868, 2016020450, 8471469),
(869, 2015020046, 8467950),
(870, 2015020046, 8475683),
(871, 2016020923, 8471469),
(872, 2016020923, 8475215),
(873, 2016020030, 8476434),
(874, 2016020030, 8470860),
(875, 2017020588, 8471679),
(876, 2017020588, 8473503),
(877, 2017020226, 8477293),
(878, 2017020226, 8476899),
(879, 2016021042, 8474152),
(880, 2016021042, 8477237),
(881, 2015020507, 8474596),
(882, 2015020507, 8471695),
(883, 2016021226, 8477465),
(884, 2016021226, 8476433),
(885, 2016020565, 8475195),
(886, 2016020565, 8468685),
(887, 2016020090, 8474636),
(888, 2016020090, 8474550),
(889, 2015020169, 8474550),
(890, 2015020169, 8473503),
(891, 2017020388, 8477465),
(892, 2017020388, 8475215),
(893, 2017020514, 8476899),
(894, 2017020514, 8473575),
(895, 2015020923, 8466141),
(896, 2015020923, 8476914),
(897, 2017020626, 8476434),
(898, 2017020626, 8475660),
(899, 2017020109, 8471679),
(900, 2017020109, 8476434),
(901, 2017020883, 8470657),
(902, 2017020883, 8476883),
(903, 2016020592, 8476883),
(904, 2016020592, 8473607),
(905, 2016021045, 8470140),
(906, 2016021045, 8468011),
(907, 2015020402, 8473434),
(908, 2015020402, 8475195),
(909, 2016020479, 8475660),
(910, 2016020479, 8475622),
(911, 2016020960, 8475852),
(912, 2016020960, 8475660),
(913, 2016021111, 8471418),
(914, 2016021111, 8471306),
(915, 2017021071, 8471695),
(916, 2017021071, 8470320),
(917, 2015020050, 8471469),
(918, 2015020050, 8471306),
(919, 2016020956, 8471679),
(920, 2016020956, 8468685),
(921, 2017020900, 8471679),
(922, 2017020900, 8474550),
(923, 2017020900, 8470594),
(924, 2017021038, 8479292),
(925, 2017021038, 8466141),
(926, 2015020408, 8470860),
(927, 2015020408, 8473607),
(928, 2015020408, 8473461),
(929, 2016020962, 8471306),
(930, 2016020962, 8475234),
(931, 2016020962, 8470880),
(932, 2015020297, 8474889),
(933, 2015020297, 8470594),
(934, 2016020341, 8469608),
(935, 2016020341, 8474889),
(936, 2017021101, 8479292),
(937, 2017021101, 8470147),
(938, 2016021206, 8476883),
(939, 2016021206, 8471679),
(940, 2017020529, 8476945),
(941, 2017020529, 8471695),
(942, 2016021204, 8476903),
(943, 2016021204, 8471750),
(944, 2016020917, 8474596),
(945, 2016020917, 8474152),
(946, 2016020290, 8476899),
(947, 2016020290, 8468685),
(948, 2016020290, 8477293),
(949, 2016020915, 8475660),
(950, 2016020915, 8471469),
(951, 2016020963, 8475683),
(952, 2016020963, 8471239),
(953, 2016020723, 8471227),
(954, 2016020723, 8470140),
(955, 2017020396, 8471695),
(956, 2017020396, 8470880),
(957, 2015020816, 8473541),
(958, 2015020816, 8475660),
(959, 2016020293, 8476945),
(960, 2016020293, 8471227),
(961, 2015021180, 8471227),
(962, 2015021180, 8471715),
(963, 2016020225, 8475311),
(964, 2016020225, 8467950),
(965, 2017020621, 8470594),
(966, 2017020621, 8475622),
(967, 2016021174, 8473541),
(968, 2016021174, 8470880),
(969, 2016021218, 8475660),
(970, 2016021218, 8468011),
(971, 2016020499, 8476434),
(972, 2016020499, 8477237),
(973, 2017020600, 8476945),
(974, 2017020600, 8475660),
(975, 2016020056, 8474651),
(976, 2016020056, 8466141),
(977, 2017020296, 8473503),
(978, 2017020296, 8475311),
(979, 2015021166, 8474593),
(980, 2015021166, 8476434),
(981, 2016020192, 8475839),
(982, 2016020192, 8475717),
(983, 2015020226, 8469608),
(984, 2015020226, 8471734),
(985, 2015020501, 8476914),
(986, 2015020501, 8476899),
(987, 2017020754, 8470147),
(988, 2017020754, 8471750),
(989, 2016021164, 8476434),
(990, 2016021164, 8475660),
(991, 2017020228, 8471469),
(992, 2017020228, 8476914),
(993, 2015020027, 8474550),
(994, 2015020027, 8473575),
(995, 2017020941, 8471227),
(996, 2017020941, 8480382),
(997, 2015020040, 8474889),
(998, 2015020040, 8474651),
(999, 2015020076, 8470880);

INSERT INTO Hosts (venueid, year, teamid) VALUES 
(1, 2000, 1),
(2, 2000, 2),
(3, 2000, 3),
(4, 2000, 4),
(5, 2000, 5),
(6, 2000, 6),
(7, 2000, 7),
(8, 2000, 8),
(9, 2000, 9),
(10, 2000, 10),
(12, 2000, 12),
(13, 2000, 13),
(14, 2000, 14),
(15, 2000, 15),
(16, 2000, 16),
(17, 2000, 17),
(18, 2000, 18),
(19, 2000, 19),
(20, 2000, 20),
(21, 2000, 21),
(22, 2000, 22),
(23, 2000, 23),
(24, 2000, 24),
(25, 2000, 25),
(26, 2000, 26),
(28, 2000, 28),
(29, 2000, 29),
(30, 2000, 30),
(52, 2000, 52),
(53, 2000, 53),
(54, 2000, 54),
(55, 2000, 55),
(1, 2001, 1),
(2, 2001, 2),
(3, 2001, 3),
(4, 2001, 4),
(5, 2001, 5),
(6, 2001, 6),
(7, 2001, 7),
(8, 2001, 8),
(9, 2001, 9),
(10, 2001, 10),
(12, 2001, 12),
(13, 2001, 13),
(14, 2001, 14),
(15, 2001, 15),
(16, 2001, 16),
(17, 2001, 17),
(18, 2001, 18),
(19, 2001, 19),
(20, 2001, 20),
(21, 2001, 21),
(22, 2001, 22),
(23, 2001, 23),
(24, 2001, 24),
(25, 2001, 25),
(26, 2001, 26),
(28, 2001, 28),
(29, 2001, 29),
(30, 2001, 30),
(52, 2001, 52),
(53, 2001, 53),
(54, 2001, 54),
(55, 2001, 55),
(1, 2002, 1),
(2, 2002, 2),
(3, 2002, 3),
(4, 2002, 4),
(5, 2002, 5),
(6, 2002, 6),
(7, 2002, 7),
(8, 2002, 8),
(9, 2002, 9),
(10, 2002, 10),
(12, 2002, 12),
(13, 2002, 13),
(14, 2002, 14),
(15, 2002, 15),
(16, 2002, 16),
(17, 2002, 17),
(18, 2002, 18),
(19, 2002, 19),
(20, 2002, 20),
(21, 2002, 21),
(22, 2002, 22),
(23, 2002, 23),
(24, 2002, 24),
(25, 2002, 25),
(26, 2002, 26),
(28, 2002, 28),
(29, 2002, 29),
(30, 2002, 30),
(52, 2002, 52),
(53, 2002, 53),
(54, 2002, 54),
(55, 2002, 55),
(1, 2003, 1),
(2, 2003, 2),
(3, 2003, 3),
(4, 2003, 4),
(5, 2003, 5),
(6, 2003, 6),
(7, 2003, 7),
(8, 2003, 8),
(9, 2003, 9),
(10, 2003, 10),
(12, 2003, 12),
(13, 2003, 13),
(14, 2003, 14),
(15, 2003, 15),
(16, 2003, 16),
(17, 2003, 17),
(18, 2003, 18),
(19, 2003, 19),
(20, 2003, 20),
(21, 2003, 21),
(22, 2003, 22),
(23, 2003, 23),
(24, 2003, 24),
(25, 2003, 25),
(26, 2003, 26),
(28, 2003, 28),
(29, 2003, 29),
(30, 2003, 30),
(52, 2003, 52),
(53, 2003, 53),
(54, 2003, 54),
(55, 2003, 55),
(1, 2004, 1),
(2, 2004, 2),
(3, 2004, 3),
(4, 2004, 4),
(5, 2004, 5),
(6, 2004, 6),
(7, 2004, 7),
(8, 2004, 8),
(9, 2004, 9),
(10, 2004, 10),
(12, 2004, 12),
(13, 2004, 13),
(14, 2004, 14),
(15, 2004, 15),
(16, 2004, 16),
(17, 2004, 17),
(18, 2004, 18),
(19, 2004, 19),
(20, 2004, 20),
(21, 2004, 21),
(22, 2004, 22),
(23, 2004, 23),
(24, 2004, 24),
(25, 2004, 25),
(26, 2004, 26),
(28, 2004, 28),
(29, 2004, 29),
(30, 2004, 30),
(52, 2004, 52),
(53, 2004, 53),
(54, 2004, 54),
(55, 2004, 55),
(1, 2005, 1),
(2, 2005, 2),
(3, 2005, 3),
(4, 2005, 4),
(5, 2005, 5),
(6, 2005, 6),
(7, 2005, 7),
(8, 2005, 8),
(9, 2005, 9),
(10, 2005, 10),
(12, 2005, 12),
(13, 2005, 13),
(14, 2005, 14),
(15, 2005, 15),
(16, 2005, 16),
(17, 2005, 17),
(18, 2005, 18),
(19, 2005, 19),
(20, 2005, 20),
(21, 2005, 21),
(22, 2005, 22),
(23, 2005, 23),
(24, 2005, 24),
(25, 2005, 25),
(26, 2005, 26),
(28, 2005, 28),
(29, 2005, 29),
(30, 2005, 30),
(52, 2005, 52),
(53, 2005, 53),
(54, 2005, 54),
(55, 2005, 55),
(1, 2006, 1),
(2, 2006, 2),
(3, 2006, 3),
(4, 2006, 4),
(5, 2006, 5),
(6, 2006, 6),
(7, 2006, 7),
(8, 2006, 8),
(9, 2006, 9),
(10, 2006, 10),
(12, 2006, 12),
(13, 2006, 13),
(14, 2006, 14),
(15, 2006, 15),
(16, 2006, 16),
(17, 2006, 17),
(18, 2006, 18),
(19, 2006, 19),
(20, 2006, 20),
(21, 2006, 21),
(22, 2006, 22),
(23, 2006, 23),
(24, 2006, 24),
(25, 2006, 25),
(26, 2006, 26),
(28, 2006, 28),
(29, 2006, 29),
(30, 2006, 30),
(52, 2006, 52),
(53, 2006, 53),
(54, 2006, 54),
(55, 2006, 55),
(1, 2007, 1),
(2, 2007, 2),
(3, 2007, 3),
(4, 2007, 4),
(5, 2007, 5),
(6, 2007, 6),
(7, 2007, 7),
(8, 2007, 8),
(9, 2007, 9),
(10, 2007, 10),
(12, 2007, 12),
(13, 2007, 13),
(14, 2007, 14),
(15, 2007, 15),
(16, 2007, 16),
(17, 2007, 17),
(18, 2007, 18),
(19, 2007, 19),
(20, 2007, 20),
(21, 2007, 21),
(22, 2007, 22),
(23, 2007, 23),
(24, 2007, 24),
(25, 2007, 25),
(26, 2007, 26),
(28, 2007, 28),
(29, 2007, 29),
(30, 2007, 30),
(52, 2007, 52),
(53, 2007, 53),
(54, 2007, 54),
(55, 2007, 55),
(1, 2008, 1),
(2, 2008, 2),
(3, 2008, 3),
(4, 2008, 4),
(5, 2008, 5),
(6, 2008, 6),
(7, 2008, 7),
(8, 2008, 8),
(9, 2008, 9),
(10, 2008, 10),
(12, 2008, 12),
(13, 2008, 13),
(14, 2008, 14),
(15, 2008, 15),
(16, 2008, 16),
(17, 2008, 17),
(18, 2008, 18),
(19, 2008, 19),
(20, 2008, 20),
(21, 2008, 21),
(22, 2008, 22),
(23, 2008, 23),
(24, 2008, 24),
(25, 2008, 25),
(26, 2008, 26),
(28, 2008, 28),
(29, 2008, 29),
(30, 2008, 30),
(52, 2008, 52),
(53, 2008, 53),
(54, 2008, 54),
(55, 2008, 55),
(1, 2009, 1),
(2, 2009, 2),
(3, 2009, 3),
(4, 2009, 4),
(5, 2009, 5),
(6, 2009, 6),
(7, 2009, 7),
(8, 2009, 8),
(9, 2009, 9),
(10, 2009, 10),
(12, 2009, 12),
(13, 2009, 13),
(14, 2009, 14),
(15, 2009, 15),
(16, 2009, 16),
(17, 2009, 17),
(18, 2009, 18),
(19, 2009, 19),
(20, 2009, 20),
(21, 2009, 21),
(22, 2009, 22),
(23, 2009, 23),
(24, 2009, 24),
(25, 2009, 25),
(26, 2009, 26),
(28, 2009, 28),
(29, 2009, 29),
(30, 2009, 30),
(52, 2009, 52),
(53, 2009, 53),
(54, 2009, 54),
(55, 2009, 55),
(1, 2010, 1),
(2, 2010, 2),
(3, 2010, 3),
(4, 2010, 4),
(5, 2010, 5),
(6, 2010, 6),
(7, 2010, 7),
(8, 2010, 8),
(9, 2010, 9),
(10, 2010, 10),
(12, 2010, 12),
(13, 2010, 13),
(14, 2010, 14),
(15, 2010, 15),
(16, 2010, 16),
(17, 2010, 17),
(18, 2010, 18),
(19, 2010, 19),
(20, 2010, 20),
(21, 2010, 21),
(22, 2010, 22),
(23, 2010, 23),
(24, 2010, 24),
(25, 2010, 25),
(26, 2010, 26),
(28, 2010, 28),
(29, 2010, 29),
(30, 2010, 30),
(52, 2010, 52),
(53, 2010, 53),
(54, 2010, 54),
(55, 2010, 55),
(1, 2011, 1),
(2, 2011, 2),
(3, 2011, 3),
(4, 2011, 4),
(5, 2011, 5),
(6, 2011, 6),
(7, 2011, 7),
(8, 2011, 8),
(9, 2011, 9),
(10, 2011, 10),
(12, 2011, 12),
(13, 2011, 13),
(14, 2011, 14),
(15, 2011, 15),
(16, 2011, 16),
(17, 2011, 17),
(18, 2011, 18),
(19, 2011, 19),
(20, 2011, 20),
(21, 2011, 21),
(22, 2011, 22),
(23, 2011, 23),
(24, 2011, 24),
(25, 2011, 25),
(26, 2011, 26),
(28, 2011, 28),
(29, 2011, 29),
(30, 2011, 30),
(52, 2011, 52),
(53, 2011, 53),
(54, 2011, 54),
(55, 2011, 55),
(1, 2012, 1),
(2, 2012, 2),
(3, 2012, 3),
(4, 2012, 4),
(5, 2012, 5),
(6, 2012, 6),
(7, 2012, 7),
(8, 2012, 8),
(9, 2012, 9),
(10, 2012, 10),
(12, 2012, 12),
(13, 2012, 13),
(14, 2012, 14),
(15, 2012, 15),
(16, 2012, 16),
(17, 2012, 17),
(18, 2012, 18),
(19, 2012, 19),
(20, 2012, 20),
(21, 2012, 21),
(22, 2012, 22),
(23, 2012, 23),
(24, 2012, 24),
(25, 2012, 25),
(26, 2012, 26),
(28, 2012, 28),
(29, 2012, 29),
(30, 2012, 30),
(52, 2012, 52),
(53, 2012, 53),
(54, 2012, 54),
(55, 2012, 55),
(1, 2013, 1),
(2, 2013, 2),
(3, 2013, 3),
(4, 2013, 4),
(5, 2013, 5),
(6, 2013, 6),
(7, 2013, 7),
(8, 2013, 8),
(9, 2013, 9),
(10, 2013, 10),
(12, 2013, 12),
(13, 2013, 13),
(14, 2013, 14),
(15, 2013, 15),
(16, 2013, 16),
(17, 2013, 17),
(18, 2013, 18),
(19, 2013, 19),
(20, 2013, 20),
(21, 2013, 21),
(22, 2013, 22),
(23, 2013, 23),
(24, 2013, 24),
(25, 2013, 25),
(26, 2013, 26),
(28, 2013, 28),
(29, 2013, 29),
(30, 2013, 30),
(52, 2013, 52),
(53, 2013, 53),
(54, 2013, 54),
(55, 2013, 55),
(1, 2014, 1),
(2, 2014, 2),
(3, 2014, 3),
(4, 2014, 4),
(5, 2014, 5),
(6, 2014, 6),
(7, 2014, 7),
(8, 2014, 8),
(9, 2014, 9),
(10, 2014, 10),
(12, 2014, 12),
(13, 2014, 13),
(14, 2014, 14),
(15, 2014, 15),
(16, 2014, 16),
(17, 2014, 17),
(18, 2014, 18),
(19, 2014, 19),
(20, 2014, 20),
(21, 2014, 21),
(22, 2014, 22),
(23, 2014, 23),
(24, 2014, 24),
(25, 2014, 25),
(26, 2014, 26),
(28, 2014, 28),
(29, 2014, 29),
(30, 2014, 30),
(52, 2014, 52),
(53, 2014, 53),
(54, 2014, 54),
(55, 2014, 55),
(1, 2015, 1),
(2, 2015, 2),
(3, 2015, 3),
(4, 2015, 4),
(5, 2015, 5),
(6, 2015, 6),
(7, 2015, 7),
(8, 2015, 8),
(9, 2015, 9),
(10, 2015, 10),
(12, 2015, 12),
(13, 2015, 13),
(14, 2015, 14),
(15, 2015, 15),
(16, 2015, 16),
(17, 2015, 17),
(18, 2015, 18),
(19, 2015, 19),
(20, 2015, 20),
(21, 2015, 21),
(22, 2015, 22),
(23, 2015, 23),
(24, 2015, 24),
(25, 2015, 25),
(26, 2015, 26),
(28, 2015, 28),
(29, 2015, 29),
(30, 2015, 30),
(52, 2015, 52),
(53, 2015, 53),
(54, 2015, 54),
(55, 2015, 55),
(1, 2016, 1),
(2, 2016, 2),
(3, 2016, 3),
(4, 2016, 4),
(5, 2016, 5),
(6, 2016, 6),
(7, 2016, 7),
(8, 2016, 8),
(9, 2016, 9),
(10, 2016, 10),
(12, 2016, 12),
(13, 2016, 13),
(14, 2016, 14),
(15, 2016, 15),
(16, 2016, 16),
(17, 2016, 17),
(18, 2016, 18),
(19, 2016, 19),
(20, 2016, 20),
(21, 2016, 21),
(22, 2016, 22),
(23, 2016, 23),
(24, 2016, 24),
(25, 2016, 25),
(26, 2016, 26),
(28, 2016, 28),
(29, 2016, 29),
(30, 2016, 30),
(52, 2016, 52),
(53, 2016, 53),
(54, 2016, 54),
(55, 2016, 55),
(1, 2017, 1),
(2, 2017, 2),
(3, 2017, 3),
(4, 2017, 4),
(5, 2017, 5),
(6, 2017, 6),
(7, 2017, 7),
(8, 2017, 8),
(9, 2017, 9),
(10, 2017, 10),
(12, 2017, 12),
(13, 2017, 13),
(14, 2017, 14),
(15, 2017, 15),
(16, 2017, 16),
(17, 2017, 17),
(18, 2017, 18),
(19, 2017, 19),
(20, 2017, 20),
(21, 2017, 21),
(22, 2017, 22),
(23, 2017, 23),
(24, 2017, 24),
(25, 2017, 25),
(26, 2017, 26),
(28, 2017, 28),
(29, 2017, 29),
(30, 2017, 30),
(52, 2017, 52),
(53, 2017, 53),
(54, 2017, 54),
(55, 2017, 55),
(1, 2018, 1),
(2, 2018, 2),
(3, 2018, 3),
(4, 2018, 4),
(5, 2018, 5),
(6, 2018, 6),
(7, 2018, 7),
(8, 2018, 8),
(9, 2018, 9),
(10, 2018, 10),
(12, 2018, 12),
(13, 2018, 13),
(14, 2018, 14),
(15, 2018, 15),
(16, 2018, 16),
(17, 2018, 17),
(18, 2018, 18),
(19, 2018, 19),
(20, 2018, 20),
(21, 2018, 21),
(22, 2018, 22),
(23, 2018, 23),
(24, 2018, 24),
(25, 2018, 25),
(26, 2018, 26),
(28, 2018, 28),
(29, 2018, 29),
(30, 2018, 30),
(52, 2018, 52),
(53, 2018, 53),
(54, 2018, 54),
(55, 2018, 55),
(1, 2019, 1),
(2, 2019, 2),
(3, 2019, 3),
(4, 2019, 4),
(5, 2019, 5),
(6, 2019, 6),
(7, 2019, 7),
(8, 2019, 8),
(9, 2019, 9),
(10, 2019, 10),
(12, 2019, 12),
(13, 2019, 13),
(14, 2019, 14),
(15, 2019, 15),
(16, 2019, 16),
(17, 2019, 17),
(18, 2019, 18),
(19, 2019, 19),
(20, 2019, 20),
(21, 2019, 21),
(22, 2019, 22),
(23, 2019, 23),
(24, 2019, 24),
(25, 2019, 25),
(26, 2019, 26),
(28, 2019, 28),
(29, 2019, 29),
(30, 2019, 30),
(52, 2019, 52),
(53, 2019, 53),
(54, 2019, 54),
(55, 2019, 55),
(1, 2020, 1),
(2, 2020, 2),
(3, 2020, 3),
(4, 2020, 4),
(5, 2020, 5),
(6, 2020, 6),
(7, 2020, 7),
(8, 2020, 8),
(9, 2020, 9),
(10, 2020, 10),
(12, 2020, 12),
(13, 2020, 13),
(14, 2020, 14),
(15, 2020, 15),
(16, 2020, 16),
(17, 2020, 17),
(18, 2020, 18),
(19, 2020, 19),
(20, 2020, 20),
(21, 2020, 21),
(22, 2020, 22),
(23, 2020, 23),
(24, 2020, 24),
(25, 2020, 25),
(26, 2020, 26),
(28, 2020, 28),
(29, 2020, 29),
(30, 2020, 30),
(52, 2020, 52),
(53, 2020, 53),
(54, 2020, 54),
(55, 2020, 55),
(1, 2021, 1),
(2, 2021, 2),
(3, 2021, 3),
(4, 2021, 4),
(5, 2021, 5),
(6, 2021, 6),
(7, 2021, 7),
(8, 2021, 8),
(9, 2021, 9),
(10, 2021, 10),
(12, 2021, 12),
(13, 2021, 13),
(14, 2021, 14),
(15, 2021, 15),
(16, 2021, 16),
(17, 2021, 17),
(18, 2021, 18),
(19, 2021, 19),
(20, 2021, 20),
(21, 2021, 21),
(22, 2021, 22),
(23, 2021, 23),
(24, 2021, 24),
(25, 2021, 25),
(26, 2021, 26),
(28, 2021, 28),
(29, 2021, 29),
(30, 2021, 30),
(52, 2021, 52),
(53, 2021, 53),
(54, 2021, 54),
(55, 2021, 55),
(1, 2022, 1),
(2, 2022, 2),
(3, 2022, 3),
(4, 2022, 4),
(5, 2022, 5),
(6, 2022, 6),
(7, 2022, 7),
(8, 2022, 8),
(9, 2022, 9),
(10, 2022, 10),
(12, 2022, 12),
(13, 2022, 13),
(14, 2022, 14),
(15, 2022, 15),
(16, 2022, 16),
(17, 2022, 17),
(18, 2022, 18),
(19, 2022, 19),
(20, 2022, 20),
(21, 2022, 21),
(22, 2022, 22),
(23, 2022, 23),
(24, 2022, 24),
(25, 2022, 25),
(26, 2022, 26),
(28, 2022, 28),
(29, 2022, 29),
(30, 2022, 30),
(52, 2022, 52),
(53, 2022, 53),
(54, 2022, 54),
(55, 2022, 55),
(1, 2023, 1),
(2, 2023, 2),
(3, 2023, 3),
(4, 2023, 4),
(5, 2023, 5),
(6, 2023, 6),
(7, 2023, 7),
(8, 2023, 8),
(9, 2023, 9),
(10, 2023, 10),
(12, 2023, 12),
(13, 2023, 13),
(14, 2023, 14),
(15, 2023, 15),
(16, 2023, 16),
(17, 2023, 17),
(18, 2023, 18),
(19, 2023, 19),
(20, 2023, 20),
(21, 2023, 21),
(22, 2023, 22),
(23, 2023, 23),
(24, 2023, 24),
(25, 2023, 25),
(26, 2023, 26),
(28, 2023, 28),
(29, 2023, 29),
(30, 2023, 30),
(52, 2023, 52),
(53, 2023, 53),
(54, 2023, 54),
(55, 2023, 55),
(1, 2024, 1),
(2, 2024, 2),
(3, 2024, 3),
(4, 2024, 4),
(5, 2024, 5),
(6, 2024, 6),
(7, 2024, 7),
(8, 2024, 8),
(9, 2024, 9),
(10, 2024, 10),
(12, 2024, 12),
(13, 2024, 13),
(14, 2024, 14),
(15, 2024, 15),
(16, 2024, 16),
(17, 2024, 17),
(18, 2024, 18),
(19, 2024, 19),
(20, 2024, 20),
(21, 2024, 21),
(22, 2024, 22),
(23, 2024, 23),
(24, 2024, 24),
(25, 2024, 25),
(26, 2024, 26),
(28, 2024, 28),
(29, 2024, 29),
(30, 2024, 30),
(52, 2024, 52),
(53, 2024, 53),
(54, 2024, 54),
(55, 2024, 55),
(1, 2025, 1),
(2, 2025, 2),
(3, 2025, 3),
(4, 2025, 4),
(5, 2025, 5),
(6, 2025, 6),
(7, 2025, 7),
(8, 2025, 8),
(9, 2025, 9),
(10, 2025, 10),
(12, 2025, 12),
(13, 2025, 13),
(14, 2025, 14),
(15, 2025, 15),
(16, 2025, 16),
(17, 2025, 17),
(18, 2025, 18),
(19, 2025, 19),
(20, 2025, 20),
(21, 2025, 21),
(22, 2025, 22),
(23, 2025, 23),
(24, 2025, 24),
(25, 2025, 25),
(26, 2025, 26),
(28, 2025, 28),
(29, 2025, 29),
(30, 2025, 30),
(52, 2025, 52),
(53, 2025, 53),
(54, 2025, 54),
(55, 2025, 55);

INSERT INTO player (playerid, first_name, last_name, dateofbirth, nationality, position, number) VALUES 
(8466148, 'Marian', 'Hossa', '1979-01-12', 'SVK', 'RW', 28),
(8465058, 'Michal', 'Rozsival', '1978-09-03', 'CZE', 'D', 81),
(8476906, 'Shayne', 'Gostisbehere', '1993-04-20', 'USA', 'D', 75),
(8466285, 'Brian', 'Campbell', '1979-05-23', 'CAN', 'D', 27),
(8470607, 'Brent', 'Seabrook', '1985-04-20', 'CAN', 'D', 98),
(8474668, 'Dale', 'Weise', '1988-08-05', 'CAN', 'RW', 60),
(8473512, 'Claude', 'Giroux', '1988-01-12', 'CAN', 'C', 4),
(8470645, 'Corey', 'Crawford', '1984-12-31', 'CAN', 'G', 50),
(8476994, 'Vinnie', 'Hinostroza', '1994-04-03', 'USA', 'LW', 12),
(8475323, 'Marcus', 'Kruger', '1990-05-27', 'SWE', 'C', 51),
(8473584, 'Andrew', 'MacDonald', '1986-09-07', 'CAN', 'D', 38),
(8478055, 'Gustav', 'Forsling', '1996-06-12', 'SWE', 'D', 7),
(8478550, 'Artemi', 'Panarin', '1991-10-30', 'RUS', 'LW', 77),
(8476177, 'Matt', 'Read', '1986-06-14', 'CAN', 'RW', 81),
(8473461, 'Steve', 'Mason', '1988-05-29', 'CAN', 'G', 22),
(8475462, 'Radko', 'Gudas', '1990-06-05', 'CZE', 'D', 31),
(8476393, 'Nick', 'Cousins', '1993-07-20', 'CAN', 'C', 59),
(8479482, 'Michal', 'Kempny', '1990-09-08', 'CZE', 'D', 74),
(8469547, 'Jordin', 'Tootoo', '1983-02-02', 'CAN', 'RW', 49),
(8474190, 'Wayne', 'Simmonds', '1988-08-26', 'CAN', 'RW', 22),
(8468513, 'Nick', 'Schultz', '1982-08-25', 'CAN', 'D', 28),
(8473607, 'Michal', 'Neuvirth', '1988-03-23', 'CZE', 'G', 56),
(8471769, 'Niklas', 'Hjalmarsson', '1987-06-06', 'SWE', 'D', 98),
(8477929, 'Dennis', 'Rasmussen', '1990-07-03', 'SWE', 'C', 22),
(8471762, 'Chris', 'VandeVelde', '1987-03-15', 'USA', 'C', 27),
(8475209, 'Richard', 'Panik', '1991-02-07', 'SVK', 'RW', 52),
(8473604, 'Jonathan', 'Toews', '1988-04-29', 'CAN', 'C', 66),
(8478439, 'Travis', 'Konecny', '1997-03-11', 'CAN', 'C', 52),
(8479648, 'Roman', 'Lyubimov', '1992-01-06', 'RUS', 'LW', 25),
(8470159, 'Boyd', 'Gordon', '1983-10-19', 'CAN', 'C', 10),
(8477845, 'Trevor', 'van Riemsdyk', '1991-07-24', 'USA', 'D', 31),
(8478500, 'Ivan', 'Provorov', '1997-01-13', 'RUS', 'D', 17),
(8475430, 'Brandon', 'Manning', '1990-06-04', 'CAN', 'D', 33),
(8470281, 'Duncan', 'Keith', '1983-07-16', 'CAN', 'D', 57),
(8474141, 'Patrick', 'Kane', '1988-11-19', 'USA', 'RW', 63),
(8477930, 'Pierre-Edouard', 'Bellemare', '1985-03-06', 'FRA', 'LW', 60),
(8474161, 'Jakub', 'Voracek', '1989-08-15', 'CZE', 'RW', 80),
(8477951, 'Nick', 'Schmaltz', '1996-02-23', 'USA', 'C', 60),
(8477451, 'Ryan', 'Hartman', '1994-09-20', 'USA', 'RW', 5),
(8476461, 'Sean', 'Couturier', '1992-12-07', 'CAN', 'C', 79),
(8473573, 'Artem', 'Anisimov', '1988-05-24', 'RUS', 'C', 32),
(8477353, 'Tyler', 'Motte', '1995-03-10', 'USA', 'C', 99),
(8475170, 'Brayden', 'Schenn', '1991-08-22', 'CAN', 'C', 55),
(8468309, 'Mark', 'Streit', '1977-12-11', 'CHE', 'D', 82),
(8477290, 'Michael', 'Raffl', '1988-12-01', 'AUT', 'LW', 89),
(8476806, 'J.T.', 'Brown', '1990-07-02', 'USA', 'RW', 1),
(8471678, 'Benoit', 'Pouliot', '1986-09-29', 'CAN', 'LW', 65),
(8475215, 'Robin', 'Lehner', '1991-07-24', 'SWE', 'G', 27),
(8471699, 'Andrew', 'Cogliano', '1987-06-14', 'CAN', 'LW', 86),
(8470621, 'Corey', 'Perry', '1985-05-16', 'CAN', 'RW', 54),
(8477933, 'Sam', 'Reinhart', '1995-11-06', 'CAN', 'C', 11),
(8477941, 'Nick', 'Ritchie', '1995-12-05', 'CAN', 'LW', 57),
(8476312, 'Josh', 'Manson', '1991-10-07', 'CAN', 'D', 66),
(8475169, 'Evander', 'Kane', '1991-08-02', 'CAN', 'LW', 92),
(8479268, 'Casey', 'Nelson', '1992-07-18', 'USA', 'D', 48),
(8475185, 'Jacob', 'Josefson', '1991-03-02', 'SWE', 'C', 82),
(8475780, 'Chris', 'Wagner', '1991-05-27', 'USA', 'RW', 68),
(8475164, 'Jakob', 'Silfverberg', '1990-10-13', 'SWE', 'RW', 12),
(8473560, 'Korbinian', 'Holzer', '1988-02-16', 'DEU', 'D', 68),
(8478131, 'Ondrej', 'Kase', '1995-11-08', 'CZE', 'RW', 67),
(8476293, 'Scott', 'Wilson', '1992-04-24', 'CAN', 'C', 54),
(8476470, 'Nathan', 'Beaulieu', '1992-12-05', 'CAN', 'D', 80),
(8470616, 'Ryan', 'Kesler', '1984-08-31', 'USA', 'C', 77),
(8468535, 'Antoine', 'Vermette', '1982-07-20', 'CAN', 'C', 53),
(8469506, 'Jason', 'Pominville', '1982-11-30', 'USA', 'RW', 76),
(8467400, 'Francois', 'Beauchemin', '1980-06-04', 'CAN', 'D', 81),
(8474618, 'Marco', 'Scandella', '1990-02-23', 'CAN', 'D', 88),
(8468011, 'Ryan', 'Miller', '1980-07-17', 'USA', 'G', 18),
(8475764, 'Cam', 'Fowler', '1991-12-05', 'USA', 'D', 81),
(8470612, 'Ryan', 'Getzlaf', '1985-05-10', 'CAN', 'C', 8),
(8477986, 'Brandon', 'Montour', '1994-04-11', 'CAN', 'D', 69),
(8476854, 'Hampus', 'Lindholm', '1994-01-20', 'SWE', 'D', 82),
(8475325, 'Jordan', 'Nolan', '1989-06-23', 'CAN', 'C', 20),
(8476931, 'Jake', 'McCabe', '1993-10-12', 'USA', 'D', 78),
(8473449, 'Kyle', 'Okposo', '1988-04-16', 'USA', 'RW', 23),
(8476878, 'Zemgus', 'Girgensons', '1994-01-05', 'LVA', 'C', 91),
(8477499, 'Rasmus', 'Ristolainen', '1994-10-27', 'FIN', 'D', 30),
(8474683, 'Derek', 'Grant', '1990-04-20', 'CAN', 'C', 82),
(8478403, 'Jack', 'Eichel', '1996-10-28', 'USA', 'C', 80),
(8474641, 'Adam', 'Henrique', '1990-02-06', 'CAN', 'C', 36),
(8475158, 'Ryan', 'OReilly', '1991-02-07', 'CAN', 'C', 9),
(8473992, 'Justin', 'Falk', '1988-10-11', 'CAN', 'D', 45),
(8476483, 'Rickard', 'Rakell', '1993-05-05', 'SWE', 'C', 11),
(8478542, 'Evan', 'Rodrigues', '1993-07-28', 'CAN', 'LW', 42),
(8469598, 'Kevin', 'Bieksa', '1981-06-16', 'CAN', 'D', 26),
(8473618, 'Mathieu', 'Perreault', '1988-01-05', 'CAN', 'C', 84),
(8471218, 'Blake', 'Wheeler', '1986-08-31', 'USA', 'RW', 47),
(8470828, 'Toby', 'Enstrom', '1984-11-05', 'SWE', 'D', 28),
(8462042, 'Jarome', 'Iginla', '1977-07-01', 'CAN', 'RW', 38),
(8473412, 'Bryan', 'Little', '1987-11-12', 'CAN', 'C', 59),
(8475759, 'Brandon', 'Gormley', '1992-02-18', 'CAN', 'D', 58),
(8473575, 'Semyon', 'Varlamov', '1988-04-27', 'RUS', 'G', 90),
(8471657, 'Cody', 'McLeod', '1984-06-26', 'CAN', 'LW', 33),
(8471217, 'Andrew', 'Ladd', '1985-12-12', 'CAN', 'LW', 26),
(8476469, 'Joel', 'Armia', '1993-05-31', 'FIN', 'RW', 85),
(8474207, 'Nick', 'Holden', '1987-05-15', 'CAN', 'D', 53),
(8474743, 'Zach', 'Redmond', '1988-07-26', 'USA', 'D', 86),
(8476888, 'Mikhail', 'Grigorenko', '1994-05-16', 'RUS', 'C', 93),
(8471260, 'Blake', 'Comeau', '1986-02-18', 'CAN', 'LW', 80),
(8475168, 'Matt', 'Duchene', '1991-01-16', 'CAN', 'C', 73),
(8476455, 'Gabriel', 'Landeskog', '1992-11-23', 'SWE', 'LW', 90),
(8474574, 'Tyler', 'Myers', '1990-02-01', 'CAN', 'D', 18),
(8474074, 'Paul', 'Postma', '1989-02-22', 'CAN', 'D', 34),
(8477940, 'Nikolaj', 'Ehlers', '1996-02-14', 'DNK', 'LW', 43),
(8471681, 'Jack', 'Skille', '1987-05-19', 'USA', 'RW', 26),
(8471385, 'Adam', 'Pardy', '1984-03-29', 'CAN', 'D', 6),
(8471262, 'Carl', 'Soderberg', '1985-10-12', 'SWE', 'C', 15),
(8476392, 'Adam', 'Lowry', '1993-03-29', 'USA', 'C', 99),
(8469501, 'Chris', 'Thorburn', '1983-06-03', 'CAN', 'RW', 68),
(8470614, 'Mark', 'Stuart', '1984-04-27', 'USA', 'D', 28),
(8470834, 'Dustin', 'Byfuglien', '1985-03-27', 'USA', 'D', 60),
(8473446, 'Erik', 'Johnson', '1988-03-21', 'USA', 'D', 60),
(8477902, 'Dennis', 'Everberg', '1991-12-31', 'SWE', 'RW', 23),
(8477429, 'Andrew', 'Copp', '1994-07-08', 'USA', 'C', 71),
(8474636, 'Michael', 'Hutchinson', '1990-03-02', 'CAN', 'G', 23),
(8475788, 'Alexander', 'Burmistrov', '1991-10-21', 'RUS', 'C', 63),
(8471226, 'Drew', 'Stafford', '1985-10-30', 'USA', 'RW', 13),
(8476885, 'Jacob', 'Trouba', '1994-02-26', 'USA', 'D', 25),
(8475279, 'Ben', 'Chiarot', '1991-05-09', 'CAN', 'D', 54),
(8476460, 'Mark', 'Scheifele', '1993-03-15', 'CAN', 'C', 17),
(8478561, 'Andreas', 'Martinsen', '1990-06-13', 'NOR', 'LW', 82),
(8475197, 'Tyson', 'Barrie', '1991-07-26', 'CAN', 'D', 90),
(8477492, 'Nathan', 'MacKinnon', '1995-09-01', 'CAN', 'C', 37),
(8474061, 'Anthony', 'Peluso', '1989-04-18', 'CAN', 'RW', 3),
(8471715, 'Ondrej', 'Pavelec', '1987-08-31', 'CZE', 'G', 94),
(8473533, 'Jordan', 'Staal', '1988-09-10', 'CAN', 'C', 33),
(8470320, 'Cam', 'Ward', '1984-02-29', 'CAN', 'G', 42),
(8475753, 'Justin', 'Faulk', '1992-03-20', 'USA', 'D', 83),
(8477488, 'Brett', 'Pesce', '1994-11-15', 'USA', 'D', 90),
(8474052, 'Chris', 'Terry', '1989-04-07', 'CAN', 'LW', 58),
(8475784, 'Jeff', 'Skinner', '1992-05-16', 'CAN', 'LW', 23),
(8475663, 'Eddie', 'Lack', '1988-01-05', 'SWE', 'G', 31),
(8478396, 'Noah', 'Hanifin', '1997-01-25', 'USA', 'D', 65),
(8468639, 'John-Michael', 'Liles', '1980-11-25', 'USA', 'D', 52),
(8469508, 'Jay', 'McClement', '1983-03-02', 'CAN', 'C', 12),
(8475807, 'Joakim', 'Nordstrom', '1992-02-25', 'SWE', 'LW', 33),
(8476858, 'Phillip', 'Di Giuseppe', '1993-10-09', 'CAN', 'LW', 96),
(8468493, 'Ron', 'Hainsey', '1981-03-24', 'USA', 'D', 57),
(8476958, 'Jaccob', 'Slavin', '1994-05-01', 'USA', 'D', 70),
(8470595, 'Eric', 'Staal', '1984-10-29', 'CAN', 'C', 26),
(8471346, 'Kris', 'Versteeg', '1986-05-13', 'CAN', 'RW', 31),
(8476437, 'Victor', 'Rask', '1993-03-01', 'SWE', 'C', 53),
(8474661, 'Michal', 'Jordan', '1990-07-17', 'CZE', 'D', 51),
(8474062, 'Riley', 'Nash', '1989-05-09', 'CAN', 'C', 80),
(8475250, 'Andrej', 'Nestrasil', '1991-02-22', 'CZE', 'C', 12),
(8477496, 'Elias', 'Lindholm', '1994-12-02', 'SWE', 'C', 66),
(8470966, 'Mark', 'Giordano', '1983-10-03', 'CAN', 'D', 58),
(8474628, 'Michael', 'Stone', '1990-06-07', 'CAN', 'D', 92),
(8474749, 'Matt', 'Bartkowski', '1988-06-04', 'USA', 'D', 81),
(8477935, 'Sam', 'Bennett', '1996-06-20', 'CAN', 'C', 67),
(8476971, 'Kevin', 'Roy', '1993-05-20', 'CAN', 'LW', 43),
(8474673, 'TJ', 'Brodie', '1990-06-07', 'CAN', 'D', 45),
(8476873, 'Mark', 'Jankowski', '1994-09-13', 'CAN', 'C', 45),
(8474150, 'Mikael', 'Backlund', '1989-03-17', 'SWE', 'C', 48),
(8476434, 'John', 'Gibson', '1993-07-14', 'USA', 'G', 36),
(8448208, 'Jaromir', 'Jagr', '1972-02-15', 'CZE', 'RW', 9),
(8469608, 'Mike', 'Smith', '1982-03-22', 'CAN', 'G', 71),
(8475907, 'Micheal', 'Ferland', '1992-04-20', 'CAN', 'LW', 25),
(8477903, 'Garnet', 'Hathaway', '1991-11-23', 'USA', 'RW', 74),
(8477508, 'Curtis', 'Lazar', '1995-02-02', 'CAN', 'C', 23),
(8473564, 'Michael', 'Frolik', '1988-02-17', 'CZE', 'RW', 81),
(8471426, 'Troy', 'Brouwer', '1985-08-17', 'CAN', 'RW', 86),
(8474612, 'Travis', 'Hamonic', '1990-08-16', 'CAN', 'D', 85),
(8476400, 'Logan', 'Shaw', '1992-10-05', 'CAN', 'RW', 56),
(8476346, 'Johnny', 'Gaudreau', '1993-08-13', 'USA', 'LW', 24),
(8479314, 'Matthew', 'Tkachuk', '1997-12-11', 'USA', 'LW', 2),
(8477497, 'Sean', 'Monahan', '1994-10-12', 'CAN', 'C', 1),
(8476462, 'Dougie', 'Hamilton', '1993-06-17', 'CAN', 'D', 4),
(8470162, 'Matt', 'Stajan', '1983-12-19', 'CAN', 'C', 27),
(8476808, 'Brian', 'Flynn', '1988-07-26', 'USA', 'C', 59),
(8471476, 'Daniel', 'Winnik', '1985-03-06', 'CAN', 'LW', 17),
(8476769, 'Bobby', 'Farnham', '1989-01-21', 'USA', 'RW', 98),
(8477957, 'Nikita', 'Scherbak', '1995-12-30', 'RUS', 'RW', 21),
(8471338, 'Torrey', 'Mitchell', '1985-01-30', 'CAN', 'C', 48),
(8471679, 'Carey', 'Price', '1987-08-16', 'CAN', 'G', 45),
(8471214, 'Alex', 'Ovechkin', '1985-09-17', 'RUS', 'LW', 47),
(8470642, 'Shea', 'Weber', '1985-08-14', 'CAN', 'D', 96),
(8477444, 'Andre', 'Burakovsky', '1995-02-09', 'SWE', 'LW', 68),
(8475200, 'Dmitry', 'Orlov', '1991-07-23', 'RUS', 'D', 17),
(8474651, 'Braden', 'Holtby', '1989-09-16', 'CAN', 'G', 89),
(8477446, 'Michael', 'McCarron', '1995-03-07', 'USA', 'RW', 38),
(8473563, 'Nicklas', 'Backstrom', '1987-11-23', 'SWE', 'C', 18),
(8474590, 'John', 'Carlson', '1990-01-10', 'USA', 'D', 79),
(8477220, 'Nate', 'Schmidt', '1991-07-16', 'USA', 'D', 50),
(8474157, 'Max', 'Pacioretty', '1988-11-20', 'USA', 'LW', 56),
(8469521, 'Tomas', 'Plekanec', '1982-10-31', 'CZE', 'C', 9),
(8474291, 'Jay', 'Beagle', '1985-10-16', 'CAN', 'C', 95),
(8471702, 'Matt', 'Niskanen', '1986-12-06', 'USA', 'D', 51),
(8473507, 'Jeff', 'Petry', '1987-12-09', 'USA', 'D', 67),
(8468498, 'Brooks', 'Orpik', '1980-09-26', 'USA', 'D', 47),
(8474717, 'Mark', 'Barberio', '1990-03-23', 'CAN', 'D', 73),
(8474038, 'Paul', 'Byron', '1989-04-27', 'CAN', 'LW', 7),
(8476479, 'Phillip', 'Danault', '1993-02-24', 'CAN', 'C', 85),
(8475149, 'Marcus', 'Johansson', '1990-10-06', 'SWE', 'LW', 94),
(8471228, 'Alexander', 'Radulov', '1986-07-05', 'RUS', 'RW', 59),
(8475744, 'Evgeny', 'Kuznetsov', '1992-05-19', 'RUS', 'C', 30),
(8477901, 'Daniel', 'Carr', '1991-11-01', 'CAN', 'LW', 76),
(8477476, 'Artturi', 'Lehkonen', '1995-07-04', 'FIN', 'LW', 97),
(8477413, 'Sven', 'Andrighetto', '1993-03-21', 'CHE', 'RW', 41),
(8478963, 'Ryan', 'Johnston', '1992-02-14', 'CAN', 'D', 35),
(8471296, 'Alexei', 'Emelin', '1986-04-25', 'RUS', 'D', 58),
(8474189, 'Lars', 'Eller', '1989-05-08', 'DNK', 'C', 3),
(8473991, 'Karl', 'Alzner', '1988-09-24', 'CAN', 'D', 16),
(8476880, 'Tom', 'Wilson', '1994-03-29', 'CAN', 'RW', 76),
(8475792, 'Brett', 'Connolly', '1992-05-02', 'CAN', 'RW', 46),
(8468508, 'Justin', 'Williams', '1981-10-04', 'CAN', 'RW', 72),
(8477070, 'Liam', 'OBrien', '1994-07-29', 'CAN', 'C', 48),
(8470604, 'Jeff', 'Carter', '1985-01-01', 'CAN', 'C', 48),
(8470602, 'Dion', 'Phaneuf', '1985-04-10', 'CAN', 'D', 45),
(8470207, 'Joffrey', 'Lupul', '1983-09-23', 'CAN', 'LW', 76),
(8470606, 'Dustin', 'Brown', '1984-11-04', 'USA', 'RW', 42),
(8476406, 'Nick', 'Shore', '1992-09-26', 'USA', 'C', 16),
(8468483, 'Marian', 'Gaborik', '1982-02-14', 'SVK', 'RW', 51),
(8475716, 'Martin', 'Marincin', '1992-02-18', 'SVK', 'D', 37),
(8471436, 'Matt', 'Hunwick', '1985-05-21', 'USA', 'D', 28),
(8471734, 'Jonathan', 'Quick', '1986-01-21', 'USA', 'G', 17),
(8474568, 'Luke', 'Schenn', '1989-11-02', 'CAN', 'D', 5),
(8475188, 'Brayden', 'McNabb', '1991-01-21', 'CAN', 'D', 52),
(8476871, 'Tanner', 'Pearson', '1992-08-10', 'CAN', 'LW', 66),
(8473463, 'Leo', 'Komarov', '1987-01-23', 'FIN', 'C', 99),
(8476352, 'Michael', 'Mersch', '1992-10-02', 'USA', 'LW', 8),
(8475180, 'Peter', 'Holland', '1991-01-14', 'CAN', 'C', 28),
(8467329, 'Vincent', 'Lecavalier', '1980-04-21', 'CAN', 'C', 16),
(8469707, 'PA', 'Parenteau', '1983-03-24', 'CAN', 'RW', 25),
(8471685, 'Anze', 'Kopitar', '1987-08-24', 'SVN', 'C', 33),
(8475726, 'Tyler', 'Toffoli', '1992-04-24', 'CAN', 'C', 31),
(8474037, 'James', 'van Riemsdyk', '1989-05-04', 'USA', 'LW', 64),
(8476853, 'Morgan', 'Rielly', '1994-03-09', 'CAN', 'D', 19),
(8473503, 'James', 'Reimer', '1988-03-15', 'CAN', 'G', 41),
(8473546, 'Michael', 'Grabner', '1987-10-05', 'AUT', 'RW', 27),
(8477312, 'Antoine', 'Bibeau', '1994-05-01', 'CAN', 'G', 50),
(8471392, 'Roman', 'Polak', '1986-04-28', 'CZE', 'D', 29),
(8475278, 'Byron', 'Froese', '1991-03-12', 'CAN', 'C', 38),
(8474162, 'Jake', 'Muzzin', '1989-02-21', 'CAN', 'D', 20),
(8474563, 'Drew', 'Doughty', '1989-12-08', 'CAN', 'D', 50),
(8473574, 'Shawn', 'Matthias', '1988-02-19', 'CAN', 'LW', 64),
(8473453, 'Trevor', 'Lewis', '1987-01-08', 'USA', 'C', 40),
(8475098, 'Tyler', 'Bozak', '1986-03-19', 'CAN', 'C', 32),
(8474581, 'Jake', 'Gardiner', '1990-07-04', 'USA', 'D', 68),
(8473473, 'Milan', 'Lucic', '1988-06-07', 'CAN', 'LW', 5),
(8474166, 'Alec', 'Martinez', '1987-07-26', 'USA', 'D', 10),
(8474100, 'Dwight', 'King', '1989-07-05', 'CAN', 'LW', 96),
(8476062, 'Mark', 'Arcobello', '1988-08-12', 'USA', 'RW', 66),
(8475172, 'Nazem', 'Kadri', '1990-10-06', 'CAN', 'C', 14),
(8469555, 'Christian', 'Ehrhoff', '1982-07-06', 'DEU', 'D', 38),
(8468504, 'Brad', 'Boyes', '1982-04-17', 'CAN', 'RW', 93),
(8467876, 'Henrik', 'Sedin', '1980-09-26', 'SWE', 'C', 50),
(8467875, 'Daniel', 'Sedin', '1980-09-26', 'SWE', 'LW', 8),
(8473499, 'Reto', 'Berra', '1987-01-03', 'CHE', 'G', 24),
(8473432, 'Derek', 'Dorsett', '1986-12-20', 'CAN', 'RW', 65),
(8477937, 'Jake', 'Virtanen', '1996-08-17', 'CAN', 'RW', 10),
(8477018, 'Ben', 'Hutton', '1993-04-20', 'CAN', 'D', 99),
(8473415, 'Alex', 'Biega', '1988-04-04', 'CAN', 'D', 59),
(8476867, 'Brendan', 'Gaunce', '1994-03-25', 'CAN', 'C', 77),
(8475222, 'Sami', 'Vatanen', '1991-06-03', 'FIN', 'D', 57),
(8477500, 'Bo', 'Horvat', '1995-04-05', 'CAN', 'C', 25),
(8474593, 'Jacob', 'Markstrom', '1990-01-31', 'SWE', 'G', 33),
(8474091, 'Brandon', 'Sutter', '1989-02-14', 'CAN', 'C', 50),
(8470598, 'Thomas', 'Vanek', '1984-01-19', 'AUT', 'LW', 73),
(8471303, 'Alexander', 'Edler', '1986-04-21', 'SWE', 'D', 5),
(8474584, 'Michael', 'Del Zotto', '1990-06-24', 'CAN', 'D', 35),
(8478444, 'Brock', 'Boeser', '1997-02-25', 'USA', 'RW', 71),
(8476884, 'Derrick', 'Pouliot', '1994-01-16', 'CAN', 'D', 81),
(8476466, 'Sven', 'Baertschi', '1992-10-05', 'CHE', 'LW', 93),
(8474040, 'Sam', 'Gagner', '1989-08-10', 'CAN', 'C', 33),
(8476423, 'Reid', 'Boucher', '1993-09-08', 'USA', 'C', 89),
(8475790, 'Erik', 'Gudbranson', '1992-01-07', 'CAN', 'D', 67),
(8476440, 'Markus', 'Granlund', '1993-04-16', 'FIN', 'C', 41),
(8479290, 'Kalle', 'Kossila', '1993-04-14', 'FIN', 'C', 9),
(8474569, 'Colin', 'Wilson', '1989-10-20', 'USA', 'C', 44),
(8478906, 'Markus', 'Nutivaara', '1994-06-06', 'FIN', 'D', 21),
(8476449, 'Scott', 'Harrington', '1993-03-10', 'CAN', 'D', 11),
(8471677, 'Jack', 'Johnson', '1987-01-13', 'USA', 'D', 29),
(8477416, 'Oliver', 'Bjorkstrand', '1995-04-10', 'DNK', 'RW', 65),
(8476310, 'Lukas', 'Sedlak', '1993-02-25', 'CZE', 'C', 65),
(8475683, 'Sergei', 'Bobrovsky', '1988-09-20', 'RUS', 'G', 13),
(8476432, 'Boone', 'Jenner', '1993-06-15', 'CAN', 'C', 52),
(8475147, 'Jordan', 'Schroeder', '1990-09-29', 'USA', 'LW', 79),
(8475268, 'Gabriel', 'Bourque', '1990-09-23', 'CAN', 'LW', 3),
(8473541, 'Jonathan', 'Bernier', '1988-08-07', 'CAN', 'G', 44),
(8479400, 'Pierre-Luc', 'Dubois', '1998-06-24', 'CAN', 'C', 46),
(8477021, 'Alexander', 'Kerfoot', '1994-08-11', 'CAN', 'C', 97),
(8478073, 'Anton', 'Lindholm', '1994-11-29', 'SWE', 'D', 31),
(8477947, 'Sonny', 'Milano', '1996-05-12', 'USA', 'LW', 48),
(8477507, 'Nikita', 'Zadorov', '1995-04-16', 'RUS', 'D', 91),
(8475747, 'Patrik', 'Nemeth', '1992-02-08', 'SWE', 'D', 84),
(8473422, 'Nick', 'Foligno', '1987-10-31', 'USA', 'LW', 56),
(8476855, 'Nail', 'Yakupov', '1993-10-06', 'RUS', 'RW', 31),
(8476981, 'Josh', 'Anderson', '1994-05-07', 'CAN', 'RW', 54),
(8476442, 'Matt', 'Nieto', '1992-11-05', 'USA', 'LW', 87),
(8475233, 'David', 'Savard', '1990-10-22', 'CAN', 'D', 24),
(8474685, 'Matt', 'Calvert', '1989-12-24', 'CAN', 'LW', 49),
(8477495, 'Seth', 'Jones', '1994-10-03', 'USA', 'D', 95),
(8478421, 'A.J.', 'Greer', '1996-12-14', 'CAN', 'LW', 43),
(8478541, 'Markus', 'Hannikainen', '1993-03-26', 'FIN', 'LW', 94),
(8479398, 'Samuel', 'Girard', '1998-05-12', 'CAN', 'D', 93),
(8478420, 'Mikko', 'Rantanen', '1996-10-29', 'FIN', 'RW', 30),
(8478460, 'Zach', 'Werenski', '1997-07-19', 'USA', 'D', 6),
(8479370, 'Tyson', 'Jost', '1998-03-14', 'CAN', 'C', 10),
(8473914, 'Mark', 'Letestu', '1985-02-04', 'CAN', 'C', 40),
(8471816, 'Mark', 'Fayne', '1987-05-15', 'USA', 'D', 6),
(8467452, 'Rob', 'Scuderi', '1978-12-30', 'USA', 'D', 6),
(8474602, 'Justin', 'Schultz', '1990-07-06', 'CAN', 'D', 91),
(8471675, 'Sidney', 'Crosby', '1987-08-07', 'CAN', 'C', 32),
(8471232, 'Lauri', 'Korpikoski', '1986-07-28', 'FIN', 'LW', 52),
(8478928, 'Sergei', 'Plotnikov', '1990-06-03', 'RUS', 'LW', 33),
(8473553, 'Jeff', 'Zatkoff', '1987-06-09', 'USA', 'G', 35),
(8473933, 'Ben', 'Lovejoy', '1984-02-20', 'USA', 'D', 39),
(8477934, 'Leon', 'Draisaitl', '1995-10-27', 'DEU', 'C', 31),
(8474009, 'Nick', 'Bonino', '1988-04-20', 'USA', 'C', 20),
(8470543, 'Chris', 'Kunitz', '1979-09-26', 'CAN', 'LW', 77),
(8471215, 'Evgeni', 'Malkin', '1986-07-31', 'RUS', 'C', 19),
(8476431, 'Adam', 'Clendening', '1992-10-26', 'USA', 'D', 97),
(8476454, 'Ryan', 'Nugent-Hopkins', '1993-04-12', 'CAN', 'C', 79),
(8475761, 'Beau', 'Bennett', '1991-11-27', 'USA', 'RW', 41),
(8476874, 'Olli', 'Maatta', '1994-08-22', 'FIN', 'D', 4),
(8476472, 'Oscar', 'Klefbom', '1993-07-20', 'SWE', 'D', 45),
(8474013, 'Ian', 'Cole', '1989-02-21', 'USA', 'D', 26),
(8471284, 'Andrej', 'Sekera', '1986-06-08', 'SVK', 'D', 15),
(8475165, 'Anton', 'Lander', '1991-04-24', 'SWE', 'C', 51),
(8468611, 'Matt', 'Hendricks', '1981-06-17', 'USA', 'C', 5),
(8471724, 'Kris', 'Letang', '1987-04-24', 'CAN', 'D', 12),
(8466393, 'Pascal', 'Dupuis', '1979-04-07', 'CAN', 'RW', 98),
(8473962, 'Teddy', 'Purcell', '1985-09-08', 'CAN', 'LW', 52),
(8475208, 'Brian', 'Dumoulin', '1991-09-06', 'USA', 'D', 80),
(8475869, 'Brandon', 'Davidson', '1991-08-21', 'CAN', 'D', 36),
(8476915, 'Jujhar', 'Khaira', '1994-08-13', 'CAN', 'LW', 9),
(8476336, 'Iiro', 'Pakarinen', '1991-08-25', 'FIN', 'RW', 3),
(8470611, 'Eric', 'Fehr', '1985-09-07', 'CAN', 'C', 97),
(8471887, 'Patric', 'Hornqvist', '1987-01-01', 'SWE', 'RW', 32),
(8473548, 'Phil', 'Kessel', '1987-10-02', 'USA', 'RW', 42),
(8477498, 'Darnell', 'Nurse', '1995-02-04', 'CAN', 'D', 72),
(8474586, 'Jordan', 'Eberle', '1990-05-15', 'CAN', 'C', 7),
(8475195, 'Anders', 'Nilsson', '1990-03-19', 'SWE', 'G', 94),
(8474102, 'David', 'Perron', '1988-05-28', 'CAN', 'LW', 13),
(8475791, 'Taylor', 'Hall', '1991-11-14', 'CAN', 'LW', 89),
(8464989, 'Matt', 'Cullen', '1976-11-02', 'USA', 'C', 69),
(8474849, 'Antoine', 'Roussel', '1989-11-21', 'FRA', 'LW', 58),
(8476945, 'Connor', 'Hellebuyck', '1993-05-19', 'USA', 'G', 37),
(8476902, 'Esa', 'Lindell', '1994-05-23', 'FIN', 'D', 60),
(8473994, 'Jamie', 'Benn', '1989-07-18', 'CAN', 'LW', 22),
(8470760, 'Marc', 'Methot', '1985-06-21', 'CAN', 'D', 58),
(8471750, 'Ben', 'Bishop', '1986-11-21', 'USA', 'G', 20),
(8479339, 'Patrik', 'Laine', '1998-04-19', 'FIN', 'RW', 82),
(8474688, 'Greg', 'Pateryn', '1990-06-20', 'USA', 'D', 23),
(8476966, 'Gemel', 'Smith', '1994-04-16', 'CAN', 'C', 47),
(8476889, 'Radek', 'Faksa', '1994-01-09', 'CZE', 'C', 29),
(8477461, 'Remi', 'Elie', '1995-04-16', 'CAN', 'LW', 54),
(8478398, 'Kyle', 'Connor', '1996-12-09', 'USA', 'LW', 14),
(8469465, 'Dan', 'Hamhuis', '1982-12-13', 'CAN', 'D', 22),
(8475906, 'John', 'Klingberg', '1992-08-14', 'SWE', 'D', 38),
(8476913, 'Devin', 'Shore', '1994-07-19', 'CAN', 'C', 35),
(8477448, 'Marko', 'Dano', '1994-11-30', 'SVK', 'C', 33),
(8477406, 'Mattias', 'Janmark', '1992-12-08', 'SWE', 'C', 3),
(8477504, 'Josh', 'Morrissey', '1995-03-28', 'CAN', 'D', 58),
(8475794, 'Tyler', 'Seguin', '1992-01-31', 'CAN', 'C', 30),
(8475179, 'Dmitry', 'Kulikov', '1990-10-29', 'RUS', 'D', 13),
(8476467, 'Jamie', 'Oleksiak', '1992-12-21', 'CAN', 'D', 10),
(8475730, 'Stephen', 'Johns', '1992-04-18', 'USA', 'D', 54),
(8475752, 'Tyler', 'Pitlick', '1991-11-01', 'USA', 'C', 21),
(8477450, 'Jason', 'Dickinson', '1995-07-04', 'CAN', 'C', 65),
(8471691, 'Martin', 'Hanzal', '1987-02-20', 'CZE', 'C', 44),
(8469455, 'Jason', 'Spezza', '1983-06-13', 'CAN', 'C', 40),
(8479293, 'Brandon', 'Tanev', '1991-12-31', 'CAN', 'LW', 49),
(8470860, 'Jaroslav', 'Halak', '1985-05-13', 'SVK', 'G', 67),
(8476429, 'Scott', 'Mayfield', '1992-10-14', 'USA', 'D', 19),
(8475857, 'Kevin', 'Gravel', '1992-03-06', 'USA', 'D', 46),
(8470187, 'Johnny', 'Boychuk', '1984-01-19', 'CAN', 'D', 69),
(8470121, 'Matt', 'Greene', '1983-05-13', 'USA', 'D', 92),
(8476409, 'Alan', 'Quine', '1993-02-25', 'CAN', 'C', 4),
(8475314, 'Anders', 'Lee', '1990-07-03', 'USA', 'LW', 90),
(8475754, 'Brock', 'Nelson', '1991-10-15', 'USA', 'C', 56),
(8473579, 'Nikolay', 'Kulemin', '1986-07-14', 'RUS', 'LW', 78),
(8475166, 'John', 'Tavares', '1990-09-20', 'CAN', 'C', 86),
(8474573, 'Josh', 'Bailey', '1989-10-02', 'CAN', 'RW', 2),
(8475343, 'Nic', 'Dowd', '1990-05-27', 'USA', 'C', 29),
(8475762, 'Derek', 'Forbort', '1992-03-04', 'USA', 'D', 49),
(8471682, 'Devin', 'Setoguchi', '1987-01-01', 'CAN', 'RW', 39),
(8475181, 'Nick', 'Leddy', '1991-03-20', 'USA', 'D', 3),
(8475160, 'Kyle', 'Clifford', '1991-01-13', 'CAN', 'LW', 24),
(8471306, 'Thomas', 'Greiss', '1986-01-29', 'DEU', 'G', 78),
(8476917, 'Adam', 'Pelech', '1994-08-16', 'CAN', 'D', 94),
(8466251, 'Jason', 'Chimera', '1979-05-02', 'CAN', 'LW', 90),
(8476458, 'Ryan', 'Strome', '1993-07-11', 'CAN', 'C', 91),
(8473504, 'Cal', 'Clutterbuck', '1987-11-18', 'CAN', 'RW', 20),
(8475177, 'Calvin', 'de Haan', '1991-05-09', 'CAN', 'D', 36),
(8478463, 'Anthony', 'Beauvillier', '1997-06-08', 'CAN', 'C', 99),
(8476386, 'Shane', 'Prince', '1992-11-16', 'USA', 'LW', 61),
(8474066, 'Thomas', 'Hickey', '1989-02-08', 'CAN', 'D', 44),
(8475231, 'Casey', 'Cizikas', '1991-02-27', 'CAN', 'C', 7),
(8469514, 'Peter', 'Budaj', '1982-09-18', 'SVK', 'G', 72),
(8469619, 'Dennis', 'Seidenberg', '1981-07-18', 'DEU', 'D', 70),
(8476326, 'Josh', 'Archibald', '1992-10-06', 'CAN', 'RW', 51),
(8476921, 'Jordan', 'Martinook', '1992-07-25', 'CAN', 'LW', 51),
(8479206, 'Tanner', 'Fritz', '1991-08-20', 'CAN', 'C', 79),
(8476356, 'Tobias', 'Rieder', '1993-01-10', 'DEU', 'C', 55),
(8479345, 'Jakob', 'Chychrun', '1998-03-31', 'USA', 'D', 20),
(8478432, 'Christian', 'Fischer', '1997-04-15', 'USA', 'RW', 63),
(8479343, 'Clayton', 'Keller', '1998-07-29', 'USA', 'C', 38),
(8480222, 'Sebastian', 'Aho', '1996-02-17', 'SWE', 'D', 86),
(8474613, 'Derek', 'Stepan', '1990-06-18', 'USA', 'C', 93),
(8477506, 'Ryan', 'Pulock', '1994-10-06', 'CAN', 'D', 36),
(8474736, 'Zac', 'Rinaldo', '1990-06-15', 'CAN', 'C', 77),
(8477943, 'Brendan', 'Perlini', '1996-04-27', 'GBR', 'LW', 79),
(8477503, 'Max', 'Domi', '1995-03-02', 'CAN', 'LW', 83),
(8470755, 'Brad', 'Richardson', '1985-02-04', 'CAN', 'C', 6),
(8477527, 'Ross', 'Johnston', '1994-02-18', 'CAN', 'LW', 18),
(8477989, 'Christian', 'Dvorak', '1996-02-02', 'USA', 'C', 29),
(8474218, 'Jason', 'Demers', '1988-06-09', 'CAN', 'D', 63),
(8478445, 'Mathew', 'Barzal', '1997-05-26', 'CAN', 'C', 21),
(8471274, 'Alex', 'Goligoski', '1985-07-30', 'USA', 'D', 18),
(8477293, 'Antti', 'Raanta', '1989-05-12', 'FIN', 'G', 32),
(8475171, 'Oliver', 'Ekman-Larsson', '1991-07-17', 'SWE', 'D', 77),
(8475839, 'Louis', 'Domingue', '1992-03-06', 'CAN', 'G', 43),
(8468085, 'Radim', 'Vrbata', '1981-06-13', 'CZE', 'RW', 69),
(8478474, 'Lawson', 'Crouse', '1997-06-23', 'CAN', 'LW', 80),
(8477464, 'Nic', 'Petan', '1995-03-22', 'CAN', 'LW', 1),
(8476473, 'Connor', 'Murphy', '1993-03-26', 'USA', 'D', 27),
(8477460, 'Laurent', 'Dauphin', '1995-03-27', 'CAN', 'C', 9),
(8462038, 'Shane', 'Doan', '1976-10-10', 'CAN', 'RW', 95),
(8477407, 'Anthony', 'Duclair', '1995-08-26', 'CAN', 'LW', 24),
(8473466, 'Ryan', 'White', '1988-03-17', 'CAN', 'C', 94),
(8473465, 'Jamie', 'McGinn', '1988-08-05', 'CAN', 'LW', 53),
(8477950, 'Tony', 'DeAngelo', '1995-10-24', 'USA', 'D', 20),
(8475769, 'Quinton', 'Howden', '1992-01-21', 'CAN', 'C', 93),
(8469759, 'Vernon', 'Fiddler', '1980-05-09', 'CAN', 'C', 17),
(8470724, 'Kyle', 'Quincey', '1985-08-12', 'CAN', 'D', 24),
(8476923, 'Damon', 'Severson', '1994-08-07', 'CAN', 'D', 74),
(8475758, 'Devante', 'Smith-Pelly', '1992-06-14', 'CAN', 'RW', 97),
(8471233, 'Travis', 'Zajac', '1985-05-13', 'CAN', 'C', 8),
(8476234, 'Keith', 'Kinkaid', '1989-07-04', 'USA', 'G', 58),
(8475186, 'John', 'Moore', '1990-11-19', 'USA', 'D', 33),
(8479483, 'Yohann', 'Auvitu', '1989-07-27', 'FRA', 'D', 50),
(8469500, 'Michael', 'Cammalleri', '1982-06-08', 'CAN', 'LW', 7),
(8472382, 'Andy', 'Greene', '1982-10-30', 'USA', 'D', 78),
(8478401, 'Pavel', 'Zacha', '1997-04-06', 'CZE', 'C', 3),
(8478566, 'Sergey', 'Kalinin', '1991-03-17', 'RUS', 'C', 96),
(8475151, 'Kyle', 'Palmieri', '1991-02-01', 'USA', 'RW', 97),
(8479250, 'Nick', 'Lappin', '1992-11-01', 'USA', 'RW', 95),
(8477839, 'Conor', 'Sheary', '1992-06-08', 'USA', 'LW', 97),
(8470880, 'Brian', 'Elliott', '1985-04-09', 'CAN', 'G', 60),
(8474642, 'Lance', 'Bouma', '1990-03-25', 'CAN', 'LW', 98),
(8475832, 'Tom', 'Kuhnhackl', '1992-01-21', 'DEU', 'RW', 79),
(8475163, 'Alex', 'Chiasson', '1990-10-01', 'CAN', 'RW', 62),
(8477244, 'Chad', 'Ruhwedel', '1990-05-07', 'USA', 'D', 98),
(8477240, 'Carter', 'Rowney', '1989-05-10', 'CAN', 'RW', 86),
(8468674, 'Deryk', 'Engelland', '1982-04-03', 'CAN', 'D', 52),
(8470594, 'Marc-Andre', 'Fleury', '1984-11-28', 'CAN', 'G', 7),
(8473542, 'Tom', 'Sestito', '1987-09-28', 'USA', 'LW', 60),
(8476897, 'Oskar', 'Sundqvist', '1994-03-23', 'SWE', 'C', 3),
(8477404, 'Jake', 'Guentzel', '1994-10-06', 'USA', 'C', 85),
(8469770, 'Dennis', 'Wideman', '1983-03-20', 'CAN', 'D', 60),
(8471958, 'Dan', 'Girardi', '1984-04-29', 'CAN', 'D', 42),
(8471339, 'Ryan', 'Callahan', '1985-03-21', 'USA', 'RW', 16),
(8471873, 'Anton', 'Stralman', '1986-08-01', 'SWE', 'D', 29),
(8476826, 'Yanni', 'Gourde', '1991-12-15', 'CAN', 'C', 84),
(8476468, 'J.T.', 'Miller', '1993-03-14', 'USA', 'C', 93),
(8470601, 'Braydon', 'Coburn', '1985-02-27', 'CAN', 'D', 2),
(8476453, 'Nikita', 'Kucherov', '1993-06-17', 'RUS', 'RW', 27),
(8474870, 'Tyler', 'Johnson', '1990-07-29', 'USA', 'C', 87),
(8475167, 'Victor', 'Hedman', '1990-12-18', 'SWE', 'D', 66),
(8478010, 'Brayden', 'Point', '1996-03-13', 'CAN', 'C', 97),
(8476195, 'Cory', 'Conacher', '1989-12-14', 'CAN', 'C', 80),
(8478519, 'Anthony', 'Cirelli', '1997-07-15', 'CAN', 'C', 82),
(8476439, 'Brett', 'Ritchie', '1993-07-01', 'CAN', 'RW', 72),
(8476975, 'Cedric', 'Paquette', '1993-08-13', 'CAN', 'C', 42),
(8477205, 'Andrej', 'Sustr', '1990-11-29', 'CZE', 'D', 90),
(8473986, 'Alex', 'Killorn', '1989-09-14', 'CAN', 'LW', 52),
(8477454, 'Adam', 'Erne', '1995-04-20', 'USA', 'LW', 84),
(8474564, 'Steven', 'Stamkos', '1990-02-07', 'CAN', 'C', 53),
(8479410, 'Mikhail', 'Sergachev', '1998-06-25', 'RUS', 'D', 74),
(8470740, 'Lee', 'Stempniak', '1983-02-04', 'USA', 'RW', 67),
(8477938, 'Haydn', 'Fleury', '1996-07-08', 'CAN', 'D', 43),
(8477415, 'Anton', 'Slepyshev', '1994-05-13', 'RUS', 'LW', 84),
(8478427, 'Sebastian', 'Aho', '1997-07-26', 'FIN', 'RW', 92),
(8476403, 'Klas', 'Dahlbeck', '1991-07-06', 'SWE', 'D', 89),
(8477458, 'Valentin', 'Zykov', '1995-05-15', 'RUS', 'LW', 20),
(8476427, 'Ty', 'Rattie', '1993-02-05', 'CAN', 'RW', 22),
(8476988, 'Matt', 'Benning', '1994-05-25', 'CAN', 'D', 46),
(8474152, 'Scott', 'Darling', '1988-12-22', 'USA', 'G', 27),
(8479465, 'Drake', 'Caggiula', '1994-06-20', 'CAN', 'LW', 66),
(8479344, 'Jesse', 'Puljujarvi', '1998-05-07', 'FIN', 'RW', 92),
(8478451, 'Ethan', 'Bear', '1997-06-26', 'CAN', 'D', 48),
(8475660, 'Cam', 'Talbot', '1987-07-05', 'CAN', 'G', 40),
(8471729, 'Kris', 'Russell', '1987-05-02', 'CAN', 'D', 4),
(8476857, 'Pontus', 'Aberg', '1993-09-23', 'SWE', 'LW', 71),
(8476934, 'Brock', 'McGinn', '1994-02-02', 'CAN', 'LW', 76),
(8476457, 'Adam', 'Larsson', '1992-11-12', 'SWE', 'D', 23),
(8476882, 'Teuvo', 'Teravainen', '1994-09-11', 'FIN', 'LW', 20),
(8478402, 'Connor', 'McDavid', '1997-01-13', 'CAN', 'C', 78),
(8478585, 'Derek', 'Ryan', '1986-12-29', 'USA', 'C', 7),
(8471311, 'Tyler', 'Kennedy', '1986-07-15', 'CAN', 'C', 39),
(8471239, 'Cory', 'Schneider', '1986-03-18', 'USA', 'G', 78),
(8475810, 'Bryan', 'Rust', '1992-05-11', 'USA', 'RW', 91),
(8469462, 'Tuomo', 'Ruutu', '1983-02-16', 'FIN', 'LW', 97),
(8470110, 'Trevor', 'Daley', '1983-10-09', 'CAN', 'D', 59),
(8472410, 'Stephen', 'Gionta', '1983-10-09', 'USA', 'RW', 2),
(8476899, 'Matt', 'Murray', '1994-05-25', 'CAN', 'G', 77),
(8475750, 'Jon', 'Merrill', '1992-02-03', 'USA', 'D', 76),
(8473673, 'David', 'Schlemko', '1987-05-07', 'CAN', 'D', 94),
(8477010, 'Joseph', 'Blandisi', '1994-07-18', 'CAN', 'LW', 9),
(8470600, 'Ryan', 'Suter', '1985-01-21', 'USA', 'D', 90),
(8475798, 'Mikael', 'Granlund', '1992-02-26', 'FIN', 'RW', 47),
(8474589, 'Tyler', 'Ennis', '1989-10-06', 'CAN', 'LW', 3),
(8473485, 'Chris', 'Stewart', '1987-10-30', 'CAN', 'RW', 14),
(8475220, 'Marcus', 'Foligno', '1991-08-10', 'CAN', 'LW', 30),
(8478493, 'Joel', 'Eriksson Ek', '1997-01-29', 'SWE', 'C', 53),
(8474716, 'Jared', 'Spurgeon', '1989-11-29', 'CAN', 'D', 12),
(8476619, 'Zack', 'Mitchell', '1993-01-07', 'CAN', 'RW', 9),
(8471227, 'Devan', 'Dubnyk', '1986-05-04', 'CAN', 'G', 49),
(8475722, 'Jason', 'Zucker', '1992-01-16', 'USA', 'LW', 92),
(8476856, 'Matt', 'Dumba', '1994-07-25', 'CAN', 'D', 47),
(8479316, 'Luke', 'Kunin', '1997-12-04', 'USA', 'C', 57),
(8476422, 'Mike', 'Reilly', '1993-07-13', 'USA', 'D', 85),
(8475157, 'Landon', 'Ferraro', '1991-08-08', 'CAN', 'C', 93),
(8476463, 'Jonas', 'Brodin', '1993-07-12', 'SWE', 'D', 56),
(8469459, 'Mikko', 'Koivu', '1983-03-12', 'FIN', 'C', 96),
(8468486, 'Scott', 'Hartnell', '1982-04-18', 'CAN', 'LW', 96),
(8476448, 'William', 'Karlsson', '1993-01-08', 'SWE', 'C', 52),
(8476850, 'Ryan', 'Murray', '1993-09-27', 'CAN', 'D', 33),
(8476914, 'Joonas', 'Korpisalo', '1994-04-28', 'FIN', 'G', 75),
(8474715, 'Cam', 'Atkinson', '1989-06-05', 'USA', 'RW', 71),
(8474774, 'Dalton', 'Prout', '1990-03-13', 'CAN', 'D', 74),
(8477505, 'Alexander', 'Wennberg', '1994-09-22', 'SWE', 'C', 5),
(8476438, 'Brandon', 'Saad', '1992-10-27', 'USA', 'LW', 57),
(8471273, 'Brandon', 'Dubinsky', '1986-04-29', 'USA', 'C', 95),
(8474709, 'Matt', 'Martin', '1989-05-08', 'CAN', 'LW', 45),
(8477939, 'William', 'Nylander', '1996-05-01', 'SWE', 'C', 91),
(8476941, 'Connor', 'Carrick', '1994-04-13', 'USA', 'D', 36),
(8479318, 'Auston', 'Matthews', '1997-09-17', 'USA', 'C', 72),
(8476410, 'Josh', 'Leivo', '1993-05-26', 'CAN', 'LW', 10),
(8475883, 'Frederik', 'Andersen', '1989-10-02', 'DNK', 'G', 55),
(8466139, 'Patrick', 'Marleau', '1979-09-15', 'CAN', 'C', 22),
(8475786, 'Zach', 'Hyman', '1992-06-09', 'CAN', 'C', 88),
(8479458, 'Nikita', 'Zaitsev', '1991-10-29', 'RUS', 'D', 97),
(8477015, 'Connor', 'Brown', '1994-01-14', 'CAN', 'RW', 72),
(8478483, 'Mitchell', 'Marner', '1997-05-05', 'CAN', 'C', 95),
(8480158, 'Andreas', 'Borgman', '1995-06-18', 'SWE', 'D', 6),
(8468542, 'Paul', 'Martin', '1981-03-05', 'USA', 'D', 23),
(8475834, 'Marcus', 'Sorensen', '1992-04-07', 'SWE', 'LW', 84),
(8474889, 'Martin', 'Jones', '1990-01-10', 'CAN', 'G', 17),
(8474027, 'Justin', 'Braun', '1987-02-10', 'USA', 'D', 35),
(8474230, 'Micheal', 'Haley', '1986-03-30', 'CAN', 'C', 34),
(8474053, 'Logan', 'Couture', '1989-03-28', 'CAN', 'C', 54),
(8478099, 'Kevin', 'Labanc', '1995-12-12', 'USA', 'RW', 88),
(8474571, 'Mikkel', 'Boedker', '1989-12-16', 'DNK', 'LW', 90),
(8466138, 'Joe', 'Thornton', '1979-07-02', 'CAN', 'C', 29),
(8470613, 'Brent', 'Burns', '1985-03-09', 'CAN', 'D', 39),
(8470619, 'Brian', 'Boyle', '1984-12-18', 'USA', 'C', 46),
(8471709, 'Marc-Edouard', 'Vlasic', '1987-03-30', 'CAN', 'D', 66),
(8476919, 'Chris', 'Tierney', '1994-07-01', 'CAN', 'C', 21),
(8470794, 'Joe', 'Pavelski', '1984-07-11', 'USA', 'C', 4),
(8477922, 'Melker', 'Karlsson', '1990-07-18', 'SWE', 'C', 8),
(8476289, 'Alexey', 'Marchenko', '1992-01-02', 'RUS', 'D', 43),
(8475455, 'Brenden', 'Dillon', '1990-11-13', 'CAN', 'D', 7),
(8476881, 'Tomas', 'Hertl', '1993-11-12', 'CZE', 'C', 24),
(8468208, 'Joel', 'Ward', '1980-12-02', 'CAN', 'RW', 12),
(8470626, 'Loui', 'Eriksson', '1985-07-17', 'SWE', 'LW', 49),
(8473419, 'Brad', 'Marchand', '1988-05-11', 'CAN', 'LW', 37),
(8471717, 'Adam', 'McQuaid', '1986-10-12', 'CAN', 'D', 92),
(8474625, 'Jimmy', 'Hayes', '1989-11-21', 'USA', 'RW', 22),
(8471276, 'David', 'Krejci', '1986-04-28', 'CZE', 'C', 27),
(8470886, 'Clayton', 'Stoner', '1985-02-19', 'CAN', 'D', 96),
(8478569, 'Noel', 'Acciari', '1991-12-01', 'USA', 'C', 64),
(8477956, 'David', 'Pastrnak', '1996-05-25', 'CZE', 'RW', 11),
(8476476, 'Joe', 'Morrow', '1992-12-09', 'CAN', 'D', 71),
(8475361, 'Jonas', 'Gustavsson', '1984-10-24', 'SWE', 'G', 92),
(8476792, 'Torey', 'Krug', '1991-04-12', 'USA', 'D', 72),
(8465009, 'Zdeno', 'Chara', '1977-03-18', 'SVK', 'D', 45),
(8476191, 'Kevan', 'Miller', '1987-11-15', 'USA', 'D', 90),
(8470638, 'Patrice', 'Bergeron', '1985-07-24', 'CAN', 'C', 81),
(8467423, 'Shawn', 'Horcoff', '1978-09-17', 'CAN', 'C', 58),
(8475727, 'Ryan', 'Spooner', '1992-01-30', 'CAN', 'C', 41),
(8476116, 'Ryan', 'Garbutt', '1985-08-12', 'CAN', 'C', 10),
(8475204, 'Brandon', 'Pirri', '1991-04-10', 'CAN', 'RW', 79),
(8475155, 'Simon', 'Despres', '1991-07-27', 'CAN', 'D', 90),
(8473492, 'Matt', 'Beleskey', '1988-06-07', 'CAN', 'LW', 94),
(8475292, 'Tyler', 'Randell', '1991-06-15', 'CAN', 'RW', 65),
(8468700, 'Paul', 'Gaustad', '1982-02-03', 'USA', 'C', 19),
(8470640, 'Matt', 'Carle', '1984-09-25', 'USA', 'D', 7),
(8475218, 'Mattias', 'Ekholm', '1990-05-24', 'SWE', 'D', 7),
(8470047, 'Valtteri', 'Filppula', '1984-03-20', 'FIN', 'C', 54),
(8475714, 'Calle', 'Jarnkrok', '1991-09-25', 'SWE', 'C', 69),
(8467371, 'Mike', 'Ribeiro', '1980-02-10', 'CAN', 'C', 25),
(8467370, 'Mike', 'Fisher', '1980-06-05', 'CAN', 'C', 2),
(8476887, 'Filip', 'Forsberg', '1994-08-13', 'SWE', 'LW', 34),
(8473658, 'Victor', 'Bartley', '1988-02-17', 'CAN', 'D', 70),
(8474600, 'Roman', 'Josi', '1990-06-01', 'CHE', 'D', 14),
(8474570, 'Cody', 'Hodgson', '1990-02-18', 'CAN', 'C', 29),
(8476292, 'Ondrej', 'Palat', '1991-03-28', 'CZE', 'LW', 39),
(8471707, 'James', 'Neal', '1987-09-03', 'CAN', 'LW', 21),
(8473588, 'Erik', 'Condra', '1986-08-06', 'USA', 'RW', 80),
(8475868, 'Anthony', 'Bitetto', '1990-07-15', 'USA', 'D', 90),
(8475225, 'Craig', 'Smith', '1989-09-05', 'USA', 'RW', 67),
(8471469, 'Pekka', 'Rinne', '1982-11-03', 'FIN', 'G', 26),
(8474520, 'Jason', 'Garrison', '1984-11-13', 'CAN', 'D', 39),
(8470180, 'Eric', 'Nystrom', '1983-02-14', 'USA', 'LW', 44),
(8477494, 'Jonathan', 'Drouin', '1995-03-28', 'CAN', 'LW', 41),
(8476480, 'Vladislav', 'Namestnikov', '1992-11-22', 'RUS', 'C', 23),
(8478042, 'Viktor', 'Arvidsson', '1993-04-08', 'SWE', 'LW', 85),
(8476948, 'Charles', 'Hudon', '1994-06-23', 'CAN', 'LW', 77),
(8476207, 'Brian', 'Gibbons', '1988-02-26', 'USA', 'LW', 19),
(8476399, 'Blake', 'Coleman', '1991-11-28', 'USA', 'C', 62),
(8476851, 'Alex', 'Galchenyuk', '1994-02-12', 'USA', 'LW', 22),
(8477463, 'Steven', 'Santini', '1995-03-07', 'USA', 'D', 60),
(8476474, 'Stefan', 'Noesen', '1993-02-12', 'USA', 'RW', 63),
(8480002, 'Nico', 'Hischier', '1999-01-04', 'CHE', 'C', 23),
(8474818, 'Jordie', 'Benn', '1987-07-26', 'CAN', 'D', 59),
(8475848, 'Brendan', 'Gallagher', '1992-05-06', 'CAN', 'RW', 63),
(8479407, 'Jesper', 'Bratt', '1998-07-30', 'SWE', 'LW', 22),
(8477425, 'Miles', 'Wood', '1995-09-13', 'USA', 'LW', 22),
(8477355, 'Will', 'Butcher', '1995-01-06', 'USA', 'D', 49),
(8475235, 'Nicolas', 'Deslauriers', '1991-02-22', 'CAN', 'LW', 67),
(8476381, 'Andrew', 'Shaw', '1991-07-20', 'CAN', 'RW', 87),
(8475913, 'Mark', 'Stone', '1992-05-13', 'CAN', 'RW', 98),
(8475815, 'Julian', 'Melchiori', '1991-12-06', 'CAN', 'D', 42),
(8474884, 'Mike', 'Hoffman', '1989-11-24', 'CAN', 'LW', 91),
(8473537, 'Viktor', 'Stalberg', '1986-01-17', 'SWE', 'LW', 54),
(8471676, 'Bobby', 'Ryan', '1987-03-17', 'USA', 'RW', 88),
(8476279, 'Jyrki', 'Jokipakka', '1991-08-20', 'FIN', 'D', 29),
(8478031, 'Nelson', 'Nogier', '1996-05-27', 'CAN', 'D', 18),
(8467967, 'Chris', 'Kelly', '1980-11-11', 'CAN', 'C', 96),
(8471768, 'Tom', 'Pyatt', '1987-02-14', 'CAN', 'LW', 55),
(8474739, 'Tommy', 'Wingels', '1988-04-12', 'USA', 'C', 69),
(8476879, 'Cody', 'Ceci', '1993-12-21', 'CAN', 'D', 49),
(8473544, 'Derick', 'Brassard', '1987-09-22', 'CAN', 'C', 25),
(8476419, 'Jean-Gabriel', 'Pageau', '1992-11-11', 'CAN', 'C', 98),
(8470358, 'Alexandre', 'Burrows', '1981-04-11', 'CAN', 'RW', 89),
(8474697, 'Mark', 'Borowiecki', '1989-07-12', 'CAN', 'D', 12),
(8475227, 'Chris', 'Wideman', '1990-01-07', 'USA', 'D', 37),
(8476288, 'Ryan', 'Dzingel', '1992-03-09', 'USA', 'LW', 1),
(8477237, 'Mike', 'Condon', '1990-04-27', 'USA', 'G', 44),
(8476368, 'Fredrik', 'Claesson', '1992-11-24', 'SWE', 'D', 18),
(8474068, 'Kyle', 'Turris', '1989-08-14', 'CAN', 'C', 16),
(8476883, 'Andrei', 'Vasilevskiy', '1994-07-25', 'RUS', 'G', 49),
(8475831, 'Philipp', 'Grubauer', '1991-11-25', 'DEU', 'G', 96),
(8474550, 'Antti', 'Niemi', '1983-08-29', 'FIN', 'G', 67),
(8471403, 'Karri', 'Ramo', '1986-07-01', 'FIN', 'G', 2),
(8470140, 'Kari', 'Lehtonen', '1983-11-16', 'FIN', 'G', 92),
(8466141, 'Roberto', 'Luongo', '1979-04-04', 'CAN', 'G', 49),
(8475717, 'Calvin', 'Pickard', '1992-04-15', 'CAN', 'G', 46),
(8471774, 'Alex', 'Stalock', '1987-07-28', 'USA', 'G', 64),
(8479292, 'Charlie', 'Lindgren', '1993-12-18', 'USA', 'G', 41),
(8477424, 'Juuse', 'Saros', '1995-04-19', 'FIN', 'G', 7),
(8471418, 'Anton', 'Khudobin', '1986-05-07', 'RUS', 'G', 11),
(8468685, 'Henrik', 'Lundqvist', '1982-03-02', 'SWE', 'G', 92),
(8471695, 'Tuukka', 'Rask', '1987-03-10', 'FIN', 'G', 59),
(8475852, 'Petr', 'Mrazek', '1992-02-14', 'CZE', 'G', 62),
(8477225, 'Jared', 'Coreau', '1991-11-05', 'CAN', 'G', 84),
(8473434, 'Chad', 'Johnson', '1986-06-10', 'CAN', 'G', 52),
(8476999, 'Linus', 'Ullmark', '1993-07-31', 'SWE', 'G', 43),
(8480382, 'Alexandar', 'Georgiev', '1996-02-10', 'RUS', 'G', 51),
(8474596, 'Jake', 'Allen', '1990-08-07', 'CAN', 'G', 55),
(8467950, 'Craig', 'Anderson', '1981-05-21', 'USA', 'G', 24),
(8470147, 'Curtis', 'McElhinney', '1983-05-23', 'CAN', 'G', 96),
(8476341, 'Anton', 'Forsberg', '1992-11-27', 'SWE', 'G', 68),
(8475622, 'Carter', 'Hutton', '1985-12-19', 'CAN', 'G', 46),
(8475234, 'J-F', 'Berube', '1991-07-13', 'CAN', 'G', 68),
(8475299, 'Joni', 'Ortio', '1991-04-16', 'FIN', 'G', 25),
(8477202, 'Andrew', 'Hammond', '1988-02-11', 'CAN', 'G', 63),
(8476316, 'Laurent', 'Brossoit', '1993-03-23', 'CAN', 'G', 94),
(8476343, 'Garret', 'Sparks', '1993-06-28', 'USA', 'G', 48),
(8476509, 'Maxime', 'Lagace', '1993-01-12', 'CAN', 'G', 8),
(8477180, 'Aaron', 'Dell', '1989-05-04', 'CAN', 'G', 16),
(8470657, 'Jimmy', 'Howard', '1984-03-26', 'USA', 'G', 10),
(8471219, 'Al', 'Montoya', '1985-02-13', 'USA', 'G', 75),
(8474092, 'Jeremy', 'Smith', '1989-04-13', 'USA', 'G', 88),
(8473523, 'Jhonas', 'Enroth', '1988-06-25', 'SWE', 'G', 75),
(8473972, 'Jonas', 'Hiller', '1982-02-12', 'CHE', 'G', 74),
(8478999, 'Niklas', 'Treutle', '1991-04-29', 'DEU', 'G', 21),
(8475876, 'Zane', 'McIntyre', '1992-08-20', 'USA', 'G', 33),
(8475809, 'Scott', 'Wedgewood', '1992-08-14', 'CAN', 'G', 84),
(8475311, 'Darcy', 'Kuemper', '1990-05-05', 'CAN', 'G', 73),
(8477465, 'Tristan', 'Jarry', '1995-04-29', 'CAN', 'G', 39),
(8476876, 'Malcolm', 'Subban', '1993-12-21', 'CAN', 'G', 87),
(8476932, 'Anthony', 'Stolarz', '1994-01-20', 'USA', 'G', 77),
(8474765, 'Anders', 'Lindback', '1988-05-03', 'SWE', 'G', 50),
(8479496, 'David', 'Rittich', '1992-08-19', 'CZE', 'G', 22),
(8468038, 'Michael', 'Leighton', '1981-05-19', 'CAN', 'G', 46),
(8477484, 'Spencer', 'Martin', '1995-06-08', 'CAN', 'G', 3),
(8479193, 'Casey', 'DeSmith', '1991-08-13', 'USA', 'G', 78),
(8477914, 'Roman', 'Will', '1992-05-22', 'CZE', 'G', 96),
(8476903, 'Jon', 'Gillies', '1994-01-22', 'USA', 'G', 83),
(8476433, 'Magnus', 'Hellberg', '1991-04-04', 'SWE', 'G', 16);

INSERT INTO plays_for (year, playerid, teamid) VALUES 
(2017, 8468513, 4),
(2017, 8476906, 4),
(2017, 8474668, 4),
(2017, 8473512, 4),
(2017, 8471762, 4),
(2017, 8478439, 4),
(2017, 8479648, 4),
(2017, 8470159, 4),
(2017, 8478500, 4),
(2017, 8475430, 4),
(2017, 8477930, 4),
(2017, 8474161, 4),
(2017, 8476461, 4),
(2017, 8473584, 4),
(2017, 8476177, 4),
(2017, 8468309, 5),
(2017, 8477290, 4),
(2017, 8474190, 4),
(2017, 8466148, 16),
(2017, 8471769, 16),
(2017, 8477929, 16),
(2017, 8466285, 16),
(2017, 8470607, 16),
(2017, 8475209, 16),
(2017, 8473604, 16),
(2017, 8470281, 16),
(2017, 8474141, 16),
(2017, 8476994, 16),
(2017, 8477951, 16),
(2017, 8475323, 16),
(2017, 8473573, 16),
(2017, 8478055, 16),
(2017, 8478550, 16),
(2017, 8477353, 16),
(2017, 8479482, 16),
(2016, 8469547, 1),
(2016, 8470616, 24),
(2018, 8476806, 24),
(2016, 8475764, 24),
(2016, 8470612, 24),
(2018, 8477986, 24),
(2016, 8476854, 24),
(2016, 8471699, 24),
(2016, 8470621, 24),
(2018, 8474683, 24),
(2016, 8477941, 24),
(2016, 8476312, 24),
(2016, 8474641, 1),
(2016, 8476483, 24),
(2018, 8475780, 24),
(2016, 8475164, 24),
(2018, 8473560, 24),
(2016, 8469598, 24),
(2018, 8478131, 24),
(2018, 8469506, 7),
(2018, 8474618, 7),
(2016, 8471678, 22),
(2017, 8475325, 26),
(2018, 8476931, 7),
(2018, 8473449, 7),
(2018, 8477933, 7),
(2018, 8476878, 7),
(2018, 8477499, 7),
(2018, 8478403, 7),
(2018, 8475169, 7),
(2018, 8475158, 7),
(2018, 8473992, 7),
(2018, 8479268, 7),
(2018, 8475185, 7),
(2018, 8478542, 7),
(2016, 8476293, 5),
(2017, 8476470, 8),
(2018, 8467400, 24),
(2016, 8462042, 21),
(2018, 8473446, 21),
(2016, 8477902, 21),
(2016, 8475759, 21),
(2016, 8471657, 21),
(2016, 8474207, 21),
(2016, 8474743, 21),
(2016, 8476888, 21),
(2018, 8471260, 21),
(2016, 8475168, 21),
(2018, 8476455, 21),
(2016, 8471681, 21),
(2016, 8478561, 21),
(2016, 8475197, 21),
(2018, 8471262, 21),
(2018, 8477492, 21),
(2017, 8473618, 52),
(2017, 8471218, 52),
(2016, 8470614, 52),
(2018, 8470834, 52),
(2018, 8470828, 52),
(2018, 8477429, 52),
(2017, 8473412, 52),
(2017, 8471217, 2),
(2017, 8475788, 52),
(2018, 8471226, 1),
(2018, 8474574, 52),
(2018, 8476885, 52),
(2017, 8477940, 52),
(2018, 8476460, 52),
(2016, 8471385, 52),
(2017, 8476392, 52),
(2016, 8474061, 52),
(2017, 8469501, 52),
(2017, 8476469, 52),
(2017, 8475279, 52),
(2016, 8469508, 12),
(2016, 8475807, 12),
(2018, 8473533, 12),
(2018, 8476858, 12),
(2018, 8468493, 10),
(2018, 8476958, 12),
(2018, 8470595, 30),
(2017, 8471346, 20),
(2018, 8476437, 12),
(2018, 8477488, 12),
(2016, 8474661, 12),
(2016, 8474052, 12),
(2018, 8475784, 12),
(2016, 8474062, 12),
(2016, 8475250, 12),
(2016, 8478396, 12),
(2018, 8477496, 12),
(2016, 8468639, 6),
(2017, 8470966, 20),
(2018, 8474628, 20),
(2017, 8474749, 20),
(2017, 8475907, 20),
(2018, 8477903, 20),
(2017, 8477935, 20),
(2018, 8477508, 20),
(2017, 8471426, 20),
(2017, 8474612, 2),
(2017, 8474673, 20),
(2018, 8476873, 20),
(2017, 8474150, 20),
(2017, 8476346, 20),
(2017, 8479314, 20),
(2017, 8477497, 20),
(2017, 8476462, 20),
(2017, 8470162, 20),
(2018, 8448208, 20),
(2018, 8468535, 24),
(2018, 8476971, 24),
(2018, 8476400, 24),
(2017, 8471702, 15),
(2017, 8468498, 15),
(2018, 8471476, 30),
(2017, 8475149, 15),
(2017, 8471214, 15),
(2017, 8475744, 15),
(2017, 8477444, 15),
(2017, 8475200, 15),
(2017, 8473563, 15),
(2017, 8474590, 15),
(2017, 8477220, 15),
(2017, 8474189, 15),
(2018, 8473991, 8),
(2017, 8476880, 15),
(2016, 8475792, 6),
(2018, 8468508, 12),
(2017, 8474291, 15),
(2017, 8477070, 15),
(2018, 8473507, 8),
(2018, 8474717, 21),
(2017, 8476808, 8),
(2016, 8476769, 1),
(2017, 8477957, 8),
(2018, 8474038, 8),
(2018, 8476479, 8),
(2017, 8471338, 8),
(2018, 8471228, 25),
(2018, 8470642, 8),
(2017, 8477476, 8),
(2017, 8477446, 8),
(2017, 8477413, 8),
(2017, 8478963, 8),
(2018, 8474157, 8),
(2017, 8471296, 8),
(2018, 8469521, 8),
(2017, 8470602, 9),
(2016, 8470207, 10),
(2017, 8469707, 1),
(2017, 8474037, 10),
(2016, 8475716, 10),
(2017, 8471436, 10),
(2017, 8476853, 10),
(2016, 8473546, 10),
(2017, 8471392, 10),
(2018, 8473574, 52),
(2017, 8473463, 10),
(2017, 8475098, 10),
(2017, 8474581, 10),
(2016, 8475180, 10),
(2016, 8476062, 10),
(2017, 8475172, 10),
(2016, 8468504, 10),
(2017, 8470604, 26),
(2017, 8470606, 26),
(2017, 8471685, 26),
(2016, 8468483, 26),
(2017, 8475726, 26),
(2017, 8474568, 53),
(2016, 8475188, 26),
(2017, 8476871, 26),
(2017, 8474162, 26),
(2017, 8474563, 26),
(2017, 8473453, 26),
(2018, 8473473, 22),
(2017, 8474166, 26),
(2016, 8476352, 26),
(2017, 8474100, 26),
(2016, 8469555, 26),
(2016, 8467329, 26),
(2018, 8467876, 23),
(2018, 8467875, 23),
(2018, 8473432, 23),
(2018, 8477937, 23),
(2018, 8477018, 23),
(2018, 8470598, 23),
(2018, 8473415, 23),
(2018, 8471303, 23),
(2018, 8476867, 23),
(2017, 8474584, 4),
(2018, 8478444, 23),
(2018, 8476884, 23),
(2018, 8476466, 23),
(2018, 8477500, 23),
(2017, 8474040, 29),
(2018, 8475790, 23),
(2018, 8476440, 23),
(2018, 8474091, 23),
(2018, 8475222, 1),
(2018, 8479290, 24),
(2018, 8477947, 29),
(2018, 8478906, 29),
(2017, 8473422, 29),
(2017, 8476449, 29),
(2017, 8471677, 29),
(2018, 8477416, 29),
(2017, 8476310, 29),
(2017, 8476981, 29),
(2017, 8476432, 29),
(2018, 8475233, 29),
(2017, 8474685, 29),
(2018, 8475147, 29),
(2016, 8477495, 18),
(2018, 8479400, 29),
(2018, 8478541, 29),
(2017, 8478460, 29),
(2018, 8477507, 21),
(2016, 8474569, 18),
(2018, 8475747, 21),
(2018, 8476855, 21),
(2018, 8476442, 21),
(2016, 8475268, 18),
(2018, 8477021, 21),
(2018, 8478421, 21),
(2018, 8479398, 21),
(2018, 8478420, 21),
(2018, 8478073, 21),
(2018, 8479370, 21),
(2018, 8468611, 52),
(2016, 8473914, 22),
(2016, 8471816, 22),
(2016, 8474602, 5),
(2016, 8473962, 22),
(2016, 8471232, 22),
(2016, 8475869, 22),
(2018, 8476915, 22),
(2018, 8476336, 22),
(2018, 8477934, 22),
(2018, 8477498, 22),
(2018, 8476454, 22),
(2018, 8474586, 2),
(2016, 8476472, 22),
(2017, 8475791, 1),
(2016, 8471284, 22),
(2016, 8475165, 22),
(2016, 8471724, 5),
(2016, 8467452, 5),
(2016, 8466393, 5),
(2016, 8475208, 5),
(2016, 8471675, 5),
(2016, 8478928, 5),
(2018, 8470611, 10),
(2016, 8471887, 5),
(2017, 8473933, 1),
(2016, 8473548, 5),
(2016, 8474009, 5),
(2016, 8470543, 5),
(2016, 8471215, 5),
(2016, 8476431, 5),
(2017, 8475761, 1),
(2016, 8474102, 24),
(2016, 8474013, 5),
(2018, 8464989, 30),
(2017, 8479339, 52),
(2018, 8477504, 52),
(2018, 8475179, 52),
(2017, 8478398, 52),
(2018, 8479293, 52),
(2018, 8474849, 25),
(2018, 8475906, 25),
(2018, 8476913, 25),
(2018, 8476902, 25),
(2018, 8473994, 25),
(2018, 8470760, 25),
(2018, 8477406, 25),
(2018, 8474688, 25),
(2018, 8476966, 25),
(2018, 8475794, 25),
(2018, 8476467, 25),
(2018, 8475730, 25),
(2018, 8477450, 25),
(2018, 8477461, 25),
(2018, 8471691, 25),
(2018, 8469465, 25),
(2018, 8469455, 25),
(2017, 8476917, 2),
(2017, 8466251, 2),
(2017, 8470187, 2),
(2017, 8476409, 2),
(2017, 8476458, 2),
(2018, 8475314, 2),
(2017, 8475754, 2),
(2017, 8473579, 2),
(2017, 8475177, 2),
(2017, 8475166, 2),
(2017, 8474573, 2),
(2018, 8478463, 2),
(2017, 8476386, 2),
(2017, 8474066, 2),
(2017, 8475231, 2),
(2017, 8475181, 2),
(2017, 8476406, 26),
(2017, 8475857, 26),
(2017, 8470121, 26),
(2017, 8475343, 26),
(2017, 8475762, 26),
(2017, 8471682, 26),
(2017, 8475160, 26),
(2018, 8477506, 2),
(2018, 8476429, 2),
(2017, 8473504, 2),
(2018, 8477527, 2),
(2018, 8478445, 2),
(2018, 8479206, 2),
(2018, 8480222, 2),
(2018, 8474613, 53),
(2018, 8474736, 53),
(2018, 8477943, 53),
(2017, 8477503, 53),
(2017, 8470755, 53),
(2017, 8477989, 53),
(2017, 8476921, 53),
(2018, 8474218, 53),
(2017, 8476356, 53),
(2017, 8471274, 53),
(2017, 8479345, 53),
(2018, 8478432, 53),
(2018, 8479343, 53),
(2017, 8475171, 53),
(2017, 8476393, 4),
(2018, 8477448, 52),
(2017, 8474074, 52),
(2017, 8477464, 52),
(2017, 8477407, 53),
(2017, 8473466, 53),
(2017, 8468085, 53),
(2016, 8473465, 24),
(2017, 8477950, 53),
(2017, 8478474, 53),
(2017, 8476473, 53),
(2017, 8477460, 53),
(2017, 8462038, 53),
(2017, 8475769, 52),
(2017, 8475462, 4),
(2017, 8475170, 4),
(2017, 8465058, 16),
(2017, 8477451, 16),
(2017, 8469759, 1),
(2018, 8470724, 30),
(2018, 8476923, 1),
(2016, 8475758, 1),
(2018, 8471233, 1),
(2018, 8472382, 1),
(2018, 8478401, 1),
(2016, 8478566, 1),
(2016, 8475151, 1),
(2018, 8475186, 1),
(2018, 8479483, 22),
(2018, 8479250, 1),
(2017, 8469500, 1),
(2016, 8477839, 5),
(2017, 8476897, 5),
(2017, 8477404, 5),
(2017, 8476326, 5),
(2016, 8475832, 5),
(2017, 8477244, 5),
(2017, 8477240, 5),
(2017, 8468674, 20),
(2017, 8473564, 20),
(2017, 8474642, 20),
(2017, 8475163, 20),
(2017, 8469770, 20),
(2018, 8471958, 14),
(2016, 8471339, 14),
(2018, 8478519, 14),
(2016, 8471873, 14),
(2018, 8476826, 14),
(2018, 8476468, 14),
(2016, 8476975, 14),
(2016, 8470601, 14),
(2016, 8477205, 14),
(2016, 8473986, 14),
(2016, 8474870, 14),
(2018, 8477454, 14),
(2016, 8475167, 14),
(2016, 8474564, 14),
(2018, 8479410, 14),
(2018, 8478010, 14),
(2018, 8476195, 14),
(2018, 8476439, 25),
(2018, 8476889, 25),
(2018, 8475752, 25),
(2018, 8471729, 22),
(2018, 8476857, 22),
(2016, 8476457, 1),
(2018, 8477415, 22),
(2018, 8476427, 22),
(2018, 8476988, 22),
(2018, 8478402, 22),
(2018, 8479465, 22),
(2018, 8479344, 22),
(2018, 8478451, 22),
(2018, 8476934, 12),
(2016, 8470740, 6),
(2018, 8477938, 12),
(2018, 8478427, 12),
(2018, 8475753, 12),
(2018, 8476403, 12),
(2018, 8477458, 12),
(2018, 8477845, 12),
(2018, 8476882, 12),
(2018, 8478585, 12),
(2016, 8470110, 5),
(2016, 8473542, 5),
(2016, 8475810, 5),
(2016, 8476874, 5),
(2016, 8471311, 1),
(2017, 8472410, 2),
(2016, 8475750, 1),
(2016, 8476423, 1),
(2018, 8473673, 8),
(2016, 8477010, 1),
(2016, 8469462, 1),
(2018, 8474716, 30),
(2018, 8476619, 30),
(2018, 8470600, 30),
(2018, 8475798, 30),
(2018, 8475722, 30),
(2018, 8474589, 30),
(2018, 8476856, 30),
(2018, 8479316, 30),
(2018, 8476422, 30),
(2018, 8473485, 30),
(2018, 8475220, 30),
(2018, 8476463, 30),
(2018, 8478493, 30),
(2018, 8469459, 30),
(2017, 8468486, 29),
(2017, 8474715, 29),
(2017, 8474774, 29),
(2017, 8477505, 29),
(2017, 8476448, 29),
(2017, 8476438, 29),
(2017, 8476850, 29),
(2017, 8471273, 29),
(2016, 8469619, 6),
(2017, 8474709, 10),
(2017, 8477939, 10),
(2018, 8476941, 10),
(2017, 8475786, 10),
(2017, 8479318, 10),
(2017, 8479458, 10),
(2017, 8477015, 10),
(2017, 8478483, 10),
(2018, 8480158, 10),
(2017, 8466139, 28),
(2018, 8470619, 1),
(2017, 8476289, 10),
(2017, 8476410, 10),
(2017, 8466138, 28),
(2017, 8470613, 28),
(2017, 8468542, 28),
(2017, 8471709, 28),
(2017, 8476919, 28),
(2017, 8470794, 28),
(2017, 8475834, 28),
(2017, 8474027, 28),
(2017, 8477922, 28),
(2017, 8474230, 28),
(2017, 8474053, 28),
(2017, 8475455, 28),
(2017, 8478099, 28),
(2017, 8476881, 28),
(2017, 8474571, 28),
(2017, 8468208, 28),
(2016, 8470626, 6),
(2016, 8470638, 6),
(2016, 8473419, 6),
(2016, 8471717, 6),
(2016, 8471276, 6),
(2016, 8475727, 6),
(2016, 8478569, 6),
(2016, 8477956, 6),
(2016, 8473492, 6),
(2016, 8475157, 6),
(2016, 8476792, 6),
(2016, 8475292, 6),
(2016, 8465009, 6),
(2016, 8476191, 6),
(2016, 8467423, 24),
(2016, 8470886, 24),
(2016, 8476116, 24),
(2016, 8475204, 24),
(2016, 8475155, 24),
(2016, 8470640, 14),
(2016, 8473588, 14),
(2016, 8470047, 14),
(2016, 8476453, 14),
(2016, 8474520, 14),
(2018, 8477494, 8),
(2016, 8476292, 14),
(2016, 8476480, 14),
(2016, 8468700, 18),
(2016, 8471707, 18),
(2016, 8475218, 18),
(2016, 8475868, 18),
(2016, 8475714, 18),
(2016, 8467371, 18),
(2016, 8467370, 18),
(2016, 8475225, 18),
(2016, 8476887, 18),
(2016, 8473658, 18),
(2016, 8474600, 18),
(2016, 8470180, 18),
(2016, 8474570, 18),
(2016, 8478042, 18),
(2018, 8474625, 1),
(2018, 8479407, 1),
(2018, 8477425, 1),
(2018, 8476207, 1),
(2018, 8477355, 1),
(2018, 8476399, 1),
(2018, 8477463, 1),
(2018, 8476474, 1),
(2018, 8480002, 1),
(2018, 8474818, 8),
(2018, 8475848, 8),
(2018, 8476948, 8),
(2018, 8477901, 8),
(2018, 8476476, 8),
(2018, 8476851, 8),
(2018, 8475278, 8),
(2018, 8475235, 8),
(2018, 8476381, 8),
(2017, 8471768, 9),
(2017, 8474739, 9),
(2017, 8476879, 9),
(2017, 8473544, 9),
(2017, 8476419, 9),
(2017, 8475913, 9),
(2017, 8470358, 9),
(2017, 8474884, 9),
(2017, 8474697, 9),
(2017, 8473537, 9),
(2017, 8475227, 9),
(2017, 8471676, 9),
(2017, 8476288, 9),
(2017, 8476279, 9),
(2017, 8476368, 9),
(2017, 8474068, 9),
(2017, 8467967, 9),
(2017, 8475815, 52),
(2017, 8478031, 52),
(2016, 8473607, 4),
(2016, 8473461, 4),
(2016, 8470645, 16),
(2017, 8468011, 23),
(2018, 8475215, 7),
(2016, 8473575, 21),
(2017, 8474636, 52),
(2016, 8471715, 52),
(2017, 8475663, 12),
(2016, 8469608, 53),
(2017, 8476434, 24),
(2016, 8474651, 15),
(2017, 8471679, 8),
(2018, 8473503, 13),
(2016, 8471734, 26),
(2016, 8474593, 23),
(2016, 8473499, 21),
(2017, 8475683, 29),
(2017, 8473541, 24),
(2016, 8475195, 22),
(2016, 8473553, 5),
(2018, 8476945, 52),
(2018, 8471750, 25),
(2016, 8470860, 2),
(2017, 8469514, 26),
(2017, 8477293, 3),
(2017, 8475839, 53),
(2016, 8476234, 1),
(2018, 8470594, 54),
(2016, 8470880, 19),
(2017, 8475660, 22),
(2017, 8474152, 16),
(2016, 8476899, 5),
(2017, 8471306, 2),
(2018, 8471227, 30),
(2018, 8476914, 29),
(2016, 8475883, 24),
(2016, 8474889, 28),
(2016, 8475361, 6),
(2018, 8471469, 18),
(2017, 8471239, 1),
(2017, 8477237, 9),
(2017, 8476883, 14),
(2016, 8474550, 25),
(2017, 8475831, 15),
(2016, 8471403, 20),
(2017, 8470140, 25),
(2017, 8466141, 13),
(2017, 8475717, 21),
(2018, 8471774, 30),
(2018, 8470320, 12),
(2018, 8479292, 8),
(2018, 8477424, 18),
(2017, 8471418, 6),
(2017, 8468685, 3),
(2018, 8471695, 6),
(2017, 8475852, 17),
(2018, 8477225, 17),
(2016, 8473434, 7),
(2016, 8476999, 7),
(2018, 8480382, 3),
(2017, 8474596, 19),
(2017, 8467950, 9),
(2018, 8470147, 10),
(2018, 8475622, 19),
(2017, 8475234, 2),
(2016, 8477202, 9),
(2018, 8476341, 16),
(2018, 8476316, 22),
(2018, 8476509, 54),
(2018, 8477180, 28),
(2017, 8477312, 10),
(2018, 8470657, 17),
(2016, 8471219, 13),
(2017, 8474092, 21),
(2016, 8475299, 20),
(2017, 8473523, 10),
(2016, 8473972, 20),
(2016, 8478999, 53),
(2016, 8476343, 10),
(2017, 8475876, 6),
(2018, 8475809, 53),
(2018, 8475311, 26),
(2018, 8477465, 5),
(2018, 8476876, 54),
(2017, 8476932, 4),
(2016, 8474765, 53),
(2018, 8479496, 20),
(2017, 8468038, 12),
(2017, 8477484, 21),
(2018, 8479193, 5),
(2016, 8477914, 21),
(2017, 8476433, 3),
(2017, 8476903, 20);

INSERT INTO Plays_Season (teamid, year) VALUES 
(1, 2010),
(2, 2010),
(3, 2010),
(4, 2010),
(5, 2010),
(6, 2010),
(7, 2010),
(8, 2010),
(9, 2010),
(10, 2010),
(12, 2010),
(13, 2010),
(14, 2010),
(15, 2010),
(16, 2010),
(17, 2010),
(18, 2010),
(19, 2010),
(20, 2010),
(21, 2010),
(22, 2010),
(23, 2010),
(24, 2010),
(25, 2010),
(26, 2010),
(28, 2010),
(29, 2010),
(30, 2010),
(52, 2010),
(53, 2010),
(54, 2010),
(55, 2010),
(1, 2011),
(2, 2011),
(3, 2011),
(4, 2011),
(5, 2011),
(6, 2011),
(7, 2011),
(8, 2011),
(9, 2011),
(10, 2011),
(12, 2011),
(13, 2011),
(14, 2011),
(15, 2011),
(16, 2011),
(17, 2011),
(18, 2011),
(19, 2011),
(20, 2011),
(21, 2011),
(22, 2011),
(23, 2011),
(24, 2011),
(25, 2011),
(26, 2011),
(28, 2011),
(29, 2011),
(30, 2011),
(52, 2011),
(53, 2011),
(54, 2011),
(55, 2011),
(1, 2012),
(2, 2012),
(3, 2012),
(4, 2012),
(5, 2012),
(6, 2012),
(7, 2012),
(8, 2012),
(9, 2012),
(10, 2012),
(12, 2012),
(13, 2012),
(14, 2012),
(15, 2012),
(16, 2012),
(17, 2012),
(18, 2012),
(19, 2012),
(20, 2012),
(21, 2012),
(22, 2012),
(23, 2012),
(24, 2012),
(25, 2012),
(26, 2012),
(28, 2012),
(29, 2012),
(30, 2012),
(52, 2012),
(53, 2012),
(54, 2012),
(55, 2012),
(1, 2013),
(2, 2013),
(3, 2013),
(4, 2013),
(5, 2013),
(6, 2013),
(7, 2013),
(8, 2013),
(9, 2013),
(10, 2013),
(12, 2013),
(13, 2013),
(14, 2013),
(15, 2013),
(16, 2013),
(17, 2013),
(18, 2013),
(19, 2013),
(20, 2013),
(21, 2013),
(22, 2013),
(23, 2013),
(24, 2013),
(25, 2013),
(26, 2013),
(28, 2013),
(29, 2013),
(30, 2013),
(52, 2013),
(53, 2013),
(54, 2013),
(55, 2013),
(1, 2014),
(2, 2014),
(3, 2014),
(4, 2014),
(5, 2014),
(6, 2014),
(7, 2014),
(8, 2014),
(9, 2014),
(10, 2014),
(12, 2014),
(13, 2014),
(14, 2014),
(15, 2014),
(16, 2014),
(17, 2014),
(18, 2014),
(19, 2014),
(20, 2014),
(21, 2014),
(22, 2014),
(23, 2014),
(24, 2014),
(25, 2014),
(26, 2014),
(28, 2014),
(29, 2014),
(30, 2014),
(52, 2014),
(53, 2014),
(54, 2014),
(55, 2014),
(1, 2015),
(2, 2015),
(3, 2015),
(4, 2015),
(5, 2015),
(6, 2015),
(7, 2015),
(8, 2015),
(9, 2015),
(10, 2015),
(12, 2015),
(13, 2015),
(14, 2015),
(15, 2015),
(16, 2015),
(17, 2015),
(18, 2015),
(19, 2015),
(20, 2015),
(21, 2015),
(22, 2015),
(23, 2015),
(24, 2015),
(25, 2015),
(26, 2015),
(28, 2015),
(29, 2015),
(30, 2015),
(52, 2015),
(53, 2015),
(54, 2015),
(55, 2015),
(1, 2016),
(2, 2016),
(3, 2016),
(4, 2016),
(5, 2016),
(6, 2016),
(7, 2016),
(8, 2016),
(9, 2016),
(10, 2016),
(12, 2016),
(13, 2016),
(14, 2016),
(15, 2016),
(16, 2016),
(17, 2016),
(18, 2016),
(19, 2016),
(20, 2016),
(21, 2016),
(22, 2016),
(23, 2016),
(24, 2016),
(25, 2016),
(26, 2016),
(28, 2016),
(29, 2016),
(30, 2016),
(52, 2016),
(53, 2016),
(54, 2016),
(55, 2016),
(1, 2017),
(2, 2017),
(3, 2017),
(4, 2017),
(5, 2017),
(6, 2017),
(7, 2017),
(8, 2017),
(9, 2017),
(10, 2017),
(12, 2017),
(13, 2017),
(14, 2017),
(15, 2017),
(16, 2017),
(17, 2017),
(18, 2017),
(19, 2017),
(20, 2017),
(21, 2017),
(22, 2017),
(23, 2017),
(24, 2017),
(25, 2017),
(26, 2017),
(28, 2017),
(29, 2017),
(30, 2017),
(52, 2017),
(53, 2017),
(54, 2017),
(55, 2017),
(1, 2018),
(2, 2018),
(3, 2018),
(4, 2018),
(5, 2018),
(6, 2018),
(7, 2018),
(8, 2018),
(9, 2018),
(10, 2018),
(12, 2018),
(13, 2018),
(14, 2018),
(15, 2018),
(16, 2018),
(17, 2018),
(18, 2018),
(19, 2018),
(20, 2018),
(21, 2018),
(22, 2018),
(23, 2018),
(24, 2018),
(25, 2018),
(26, 2018),
(28, 2018),
(29, 2018),
(30, 2018),
(52, 2018),
(53, 2018),
(54, 2018),
(55, 2018),
(1, 2019),
(2, 2019),
(3, 2019),
(4, 2019),
(5, 2019),
(6, 2019),
(7, 2019),
(8, 2019),
(9, 2019),
(10, 2019),
(12, 2019),
(13, 2019),
(14, 2019),
(15, 2019),
(16, 2019),
(17, 2019),
(18, 2019),
(19, 2019),
(20, 2019),
(21, 2019),
(22, 2019),
(23, 2019),
(24, 2019),
(25, 2019),
(26, 2019),
(28, 2019),
(29, 2019),
(30, 2019),
(52, 2019),
(53, 2019),
(54, 2019),
(55, 2019),
(1, 2020),
(2, 2020),
(3, 2020),
(4, 2020),
(5, 2020),
(6, 2020),
(7, 2020),
(8, 2020),
(9, 2020),
(10, 2020),
(12, 2020),
(13, 2020),
(14, 2020),
(15, 2020),
(16, 2020),
(17, 2020),
(18, 2020),
(19, 2020),
(20, 2020),
(21, 2020),
(22, 2020),
(23, 2020),
(24, 2020),
(25, 2020),
(26, 2020),
(28, 2020),
(29, 2020),
(30, 2020),
(52, 2020),
(53, 2020),
(54, 2020),
(55, 2020),
(1, 2021),
(2, 2021),
(3, 2021),
(4, 2021),
(5, 2021),
(6, 2021),
(7, 2021),
(8, 2021),
(9, 2021),
(10, 2021),
(12, 2021),
(13, 2021),
(14, 2021),
(15, 2021),
(16, 2021),
(17, 2021),
(18, 2021),
(19, 2021),
(20, 2021),
(21, 2021),
(22, 2021),
(23, 2021),
(24, 2021),
(25, 2021),
(26, 2021),
(28, 2021),
(29, 2021),
(30, 2021),
(52, 2021),
(53, 2021),
(54, 2021),
(55, 2021),
(1, 2022),
(2, 2022),
(3, 2022),
(4, 2022),
(5, 2022),
(6, 2022),
(7, 2022),
(8, 2022),
(9, 2022),
(10, 2022),
(12, 2022),
(13, 2022),
(14, 2022),
(15, 2022),
(16, 2022),
(17, 2022),
(18, 2022),
(19, 2022),
(20, 2022),
(21, 2022),
(22, 2022),
(23, 2022),
(24, 2022),
(25, 2022),
(26, 2022),
(28, 2022),
(29, 2022),
(30, 2022),
(52, 2022),
(53, 2022),
(54, 2022),
(55, 2022),
(1, 2023),
(2, 2023),
(3, 2023),
(4, 2023),
(5, 2023),
(6, 2023),
(7, 2023),
(8, 2023),
(9, 2023),
(10, 2023),
(12, 2023),
(13, 2023),
(14, 2023),
(15, 2023),
(16, 2023),
(17, 2023),
(18, 2023),
(19, 2023),
(20, 2023),
(21, 2023),
(22, 2023),
(23, 2023),
(24, 2023),
(25, 2023),
(26, 2023),
(28, 2023),
(29, 2023),
(30, 2023),
(52, 2023),
(53, 2023),
(54, 2023),
(55, 2023),
(1, 2024),
(2, 2024),
(3, 2024),
(4, 2024),
(5, 2024),
(6, 2024),
(7, 2024),
(8, 2024),
(9, 2024),
(10, 2024),
(12, 2024),
(13, 2024),
(14, 2024),
(15, 2024),
(16, 2024),
(17, 2024),
(18, 2024),
(19, 2024),
(20, 2024),
(21, 2024),
(22, 2024),
(23, 2024),
(24, 2024),
(25, 2024),
(26, 2024),
(28, 2024),
(29, 2024),
(30, 2024),
(52, 2024),
(53, 2024),
(54, 2024),
(55, 2024),
(1, 2025),
(2, 2025),
(3, 2025),
(4, 2025),
(5, 2025),
(6, 2025),
(7, 2025),
(8, 2025),
(9, 2025),
(10, 2025),
(12, 2025),
(13, 2025),
(14, 2025),
(15, 2025),
(16, 2025),
(17, 2025),
(18, 2025),
(19, 2025),
(20, 2025),
(21, 2025),
(22, 2025),
(23, 2025),
(24, 2025),
(25, 2025),
(26, 2025),
(28, 2025),
(29, 2025),
(30, 2025),
(52, 2025),
(53, 2025),
(54, 2025),
(55, 2025);

INSERT INTO Coaches (coachid, teamid, year) VALUES 
(81, 24, 2024),
(264, 6, 2024),
(346, 7, 2024),
(175, 20, 2024),
(40, 12, 2024),
(220, 16, 2024),
(19, 21, 2024),
(108, 29, 2024),
(90, 25, 2024),
(371, 17, 2024),
(204, 22, 2024),
(248, 13, 2024),
(163, 26, 2024),
(176, 30, 2024),
(376, 8, 2024),
(43, 18, 2024),
(192, 1, 2024),
(344, 2, 2024),
(216, 3, 2024),
(143, 9, 2024),
(402, 4, 2024),
(386, 5, 2024),
(414, 28, 2024),
(12, 19, 2024),
(48, 55, 2024),
(76, 14, 2024),
(25, 10, 2024),
(432, 53, 2024),
(400, 23, 2024),
(59, 54, 2024),
(52, 15, 2024),
(10, 52, 2024),
(81, 24, 2023),
(264, 6, 2023),
(346, 7, 2023),
(175, 20, 2023),
(40, 12, 2023),
(220, 16, 2023),
(19, 21, 2023),
(108, 29, 2023),
(90, 25, 2023),
(371, 17, 2023),
(204, 22, 2023),
(248, 13, 2023),
(163, 26, 2023),
(176, 30, 2023),
(376, 8, 2023),
(43, 18, 2023),
(277, 1, 2023),
(344, 2, 2023),
(216, 3, 2023),
(143, 9, 2023),
(402, 4, 2023),
(386, 5, 2023),
(414, 28, 2023),
(424, 19, 2023),
(48, 55, 2023),
(76, 14, 2023),
(25, 10, 2023),
(432, 53, 2023),
(400, 23, 2023),
(59, 54, 2023),
(52, 15, 2023),
(10, 52, 2023),
(81, 24, 2022),
(264, 6, 2022),
(346, 7, 2022),
(175, 20, 2022),
(40, 12, 2022),
(220, 16, 2022),
(19, 21, 2022),
(108, 29, 2022),
(90, 25, 2022),
(371, 17, 2022),
(204, 22, 2022),
(248, 13, 2022),
(163, 26, 2022),
(176, 30, 2022),
(376, 8, 2022),
(43, 18, 2022),
(55, 1, 2022),
(233, 2, 2022),
(216, 3, 2022),
(143, 9, 2022),
(402, 4, 2022),
(386, 5, 2022),
(414, 28, 2022),
(424, 19, 2022),
(48, 55, 2022),
(76, 14, 2022),
(25, 10, 2022),
(432, 53, 2022),
(400, 23, 2022),
(59, 54, 2022),
(52, 15, 2022),
(10, 52, 2022),
(81, 24, 2021),
(264, 6, 2021),
(346, 7, 2021),
(175, 20, 2021),
(40, 12, 2021),
(220, 16, 2021),
(19, 21, 2021),
(108, 29, 2021),
(90, 25, 2021),
(371, 17, 2021),
(204, 22, 2021),
(248, 13, 2021),
(163, 26, 2021),
(176, 30, 2021),
(376, 8, 2021),
(43, 18, 2021),
(55, 1, 2021),
(233, 2, 2021),
(216, 3, 2021),
(153, 9, 2021),
(402, 4, 2021),
(386, 5, 2021),
(414, 28, 2021),
(424, 19, 2021),
(226, 55, 2021),
(76, 14, 2021),
(25, 10, 2021),
(432, 53, 2021),
(400, 23, 2021),
(59, 54, 2021),
(52, 15, 2021),
(10, 52, 2021),
(81, 24, 2020),
(264, 6, 2020),
(346, 7, 2020),
(175, 20, 2020),
(40, 12, 2020),
(220, 16, 2020),
(19, 21, 2020),
(108, 29, 2020),
(90, 25, 2020),
(371, 17, 2020),
(204, 22, 2020),
(248, 13, 2020),
(163, 26, 2020),
(176, 30, 2020),
(111, 8, 2020),
(43, 18, 2020),
(55, 1, 2020),
(233, 2, 2020),
(216, 3, 2020),
(153, 9, 2020),
(402, 4, 2020),
(386, 5, 2020),
(414, 28, 2020),
(424, 19, 2020),
(226, 55, 2020),
(76, 14, 2020),
(25, 10, 2020),
(432, 53, 2020),
(400, 23, 2020),
(59, 54, 2020),
(52, 15, 2020),
(363, 52, 2020),
(81, 24, 2019),
(201, 6, 2019),
(346, 7, 2019),
(175, 20, 2019),
(40, 12, 2019),
(220, 16, 2019),
(19, 21, 2019),
(108, 29, 2019),
(90, 25, 2019),
(371, 17, 2019),
(204, 22, 2019),
(248, 13, 2019),
(163, 26, 2019),
(176, 30, 2019),
(111, 8, 2019),
(43, 18, 2019),
(55, 1, 2019),
(233, 2, 2019),
(406, 3, 2019),
(153, 9, 2019),
(402, 4, 2019),
(386, 5, 2019),
(414, 28, 2019),
(424, 19, 2019),
(226, 55, 2019),
(76, 14, 2019),
(25, 10, 2019),
(432, 53, 2019),
(400, 23, 2019),
(59, 54, 2019),
(52, 15, 2019),
(363, 52, 2019),
(81, 24, 2018),
(201, 6, 2018),
(346, 7, 2018),
(300, 20, 2018),
(40, 12, 2018),
(220, 16, 2018),
(19, 21, 2018),
(108, 29, 2018),
(90, 25, 2018),
(371, 17, 2018),
(204, 22, 2018),
(248, 13, 2018),
(163, 26, 2018),
(176, 30, 2018),
(111, 8, 2018),
(43, 18, 2018),
(55, 1, 2018),
(233, 2, 2018),
(406, 3, 2018),
(153, 9, 2018),
(402, 4, 2018),
(386, 5, 2018),
(414, 28, 2018),
(424, 19, 2018),
(226, 55, 2018),
(76, 14, 2018),
(25, 10, 2018),
(432, 53, 2018),
(258, 23, 2018),
(59, 54, 2018),
(52, 15, 2018),
(363, 52, 2018),
(81, 24, 2017),
(203, 6, 2017),
(346, 7, 2017),
(300, 20, 2017),
(40, 12, 2017),
(220, 16, 2017),
(19, 21, 2017),
(108, 29, 2017),
(90, 25, 2017),
(371, 17, 2017),
(204, 22, 2017),
(248, 13, 2017),
(163, 26, 2017),
(176, 30, 2017),
(111, 8, 2017),
(43, 18, 2017),
(55, 1, 2017),
(233, 2, 2017),
(406, 3, 2017),
(153, 9, 2017),
(402, 4, 2017),
(386, 5, 2017),
(414, 28, 2017),
(424, 19, 2017),
(226, 55, 2017),
(76, 14, 2017),
(25, 10, 2017),
(432, 53, 2017),
(258, 23, 2017),
(59, 54, 2017),
(52, 15, 2017),
(165, 52, 2017),
(81, 24, 2016),
(203, 6, 2016),
(346, 7, 2016),
(300, 20, 2016),
(263, 12, 2016),
(220, 16, 2016),
(19, 21, 2016),
(108, 29, 2016),
(90, 25, 2016),
(371, 17, 2016),
(204, 22, 2016),
(248, 13, 2016),
(163, 26, 2016),
(176, 30, 2016),
(111, 8, 2016),
(43, 18, 2016),
(55, 1, 2016),
(233, 2, 2016),
(406, 3, 2016),
(153, 9, 2016),
(177, 4, 2016),
(386, 5, 2016),
(414, 28, 2016),
(424, 19, 2016),
(226, 55, 2016),
(76, 14, 2016),
(25, 10, 2016),
(432, 53, 2016),
(258, 23, 2016),
(59, 54, 2016),
(52, 15, 2016),
(165, 52, 2016),
(81, 24, 2015),
(203, 6, 2015),
(346, 7, 2015),
(300, 20, 2015),
(263, 12, 2015),
(220, 16, 2015),
(19, 21, 2015),
(108, 29, 2015),
(90, 25, 2015),
(371, 17, 2015),
(204, 22, 2015),
(248, 13, 2015),
(163, 26, 2015),
(176, 30, 2015),
(111, 8, 2015),
(43, 18, 2015),
(55, 1, 2015),
(233, 2, 2015),
(406, 3, 2015),
(153, 9, 2015),
(177, 4, 2015),
(386, 5, 2015),
(414, 28, 2015),
(424, 19, 2015),
(196, 55, 2015),
(76, 14, 2015),
(25, 10, 2015),
(432, 53, 2015),
(258, 23, 2015),
(59, 54, 2015),
(394, 15, 2015),
(165, 52, 2015),
(81, 24, 2014),
(203, 6, 2014),
(346, 7, 2014),
(300, 20, 2014),
(263, 12, 2014),
(220, 16, 2014),
(408, 21, 2014),
(108, 29, 2014),
(90, 25, 2014),
(371, 17, 2014),
(204, 22, 2014),
(248, 13, 2014),
(163, 26, 2014),
(176, 30, 2014),
(111, 8, 2014),
(43, 18, 2014),
(55, 1, 2014),
(233, 2, 2014),
(406, 3, 2014),
(153, 9, 2014),
(247, 4, 2014),
(386, 5, 2014),
(414, 28, 2014),
(424, 19, 2014),
(196, 55, 2014),
(76, 14, 2014),
(25, 10, 2014),
(432, 53, 2014),
(258, 23, 2014),
(59, 54, 2014),
(394, 15, 2014),
(165, 52, 2014),
(81, 24, 2013),
(203, 6, 2013),
(346, 7, 2013),
(300, 20, 2013),
(263, 12, 2013),
(220, 16, 2013),
(408, 21, 2013),
(108, 29, 2013),
(90, 25, 2013),
(371, 17, 2013),
(204, 22, 2013),
(248, 13, 2013),
(163, 26, 2013),
(176, 30, 2013),
(111, 8, 2013),
(43, 18, 2013),
(86, 1, 2013),
(233, 2, 2013),
(406, 3, 2013),
(153, 9, 2013),
(247, 4, 2013),
(0, 5, 2013),
(414, 28, 2013),
(424, 19, 2013),
(196, 55, 2013),
(76, 14, 2013),
(25, 10, 2013),
(432, 53, 2013),
(258, 23, 2013),
(59, 54, 2013),
(394, 15, 2013),
(165, 52, 2013),
(81, 24, 2012),
(203, 6, 2012),
(346, 7, 2012),
(300, 20, 2012),
(263, 12, 2012),
(220, 16, 2012),
(408, 21, 2012),
(108, 29, 2012),
(90, 25, 2012),
(371, 17, 2012),
(204, 22, 2012),
(248, 13, 2012),
(163, 26, 2012),
(176, 30, 2012),
(111, 8, 2012),
(309, 18, 2012),
(86, 1, 2012),
(233, 2, 2012),
(406, 3, 2012),
(153, 9, 2012),
(420, 4, 2012),
(0, 5, 2012),
(414, 28, 2012),
(424, 19, 2012),
(196, 55, 2012),
(76, 14, 2012),
(25, 10, 2012),
(432, 53, 2012),
(258, 23, 2012),
(59, 54, 2012),
(394, 15, 2012),
(165, 52, 2012),
(81, 24, 2011),
(203, 6, 2011),
(346, 7, 2011),
(300, 20, 2011),
(227, 12, 2011),
(220, 16, 2011),
(408, 21, 2011),
(108, 29, 2011),
(90, 25, 2011),
(371, 17, 2011),
(204, 22, 2011),
(248, 13, 2011),
(163, 26, 2011),
(176, 30, 2011),
(111, 8, 2011),
(309, 18, 2011),
(86, 1, 2011),
(233, 2, 2011),
(10, 3, 2011),
(153, 9, 2011),
(420, 4, 2011),
(0, 5, 2011),
(414, 28, 2011),
(424, 19, 2011),
(196, 55, 2011),
(76, 14, 2011),
(25, 10, 2011),
(432, 53, 2011),
(258, 23, 2011),
(59, 54, 2011),
(394, 15, 2011),
(165, 52, 2011),
(81, 24, 2010),
(203, 6, 2010),
(346, 7, 2010),
(300, 20, 2010),
(227, 12, 2010),
(220, 16, 2010),
(408, 21, 2010),
(108, 29, 2010),
(90, 25, 2010),
(371, 17, 2010),
(204, 22, 2010),
(248, 13, 2010),
(163, 26, 2010),
(176, 30, 2010),
(111, 8, 2010),
(309, 18, 2010),
(86, 1, 2010),
(233, 2, 2010),
(10, 3, 2010),
(153, 9, 2010),
(420, 4, 2010),
(0, 5, 2010),
(414, 28, 2010),
(424, 19, 2010),
(378, 55, 2010),
(76, 14, 2010),
(187, 10, 2010),
(432, 53, 2010),
(258, 23, 2010),
(59, 54, 2010),
(394, 15, 2010),
(165, 52, 2010);

INSERT INTO Skater (playerid, tot_shots, tot_goals, tot_assists, tot_hits, tot_blocks) VALUES 
(8466148, 6, 2, 0, 1.0, 1.0),
(8465058, 1, 0, 0, 4.0, 1.0),
(8476906, 4, 0, 1, 2.0, 2.0),
(8466285, 1, 0, 1, 2.0, 1.0),
(8470607, 0, 0, 4, 5.0, 1.0),
(8474668, 3, 0, 0, 2.0, 1.0),
(8473512, 2, 0, 4, 2.0, 0.0),
(8473584, 0, 0, 1, 4.0, 5.0),
(8478550, 12, 3, 2, 1.0, 1.0),
(8476177, 4, 2, 1, 4.0, 1.0),
(8475462, 1, 0, 2, 6.0, 3.0),
(8476393, 5, 2, 1, 1.0, 1.0),
(8479482, 2, 0, 0, 4.0, 0.0),
(8469547, 3, 0, 0, 2.0, 0.0),
(8474190, 7, 2, 0, 6.0, 2.0),
(8468513, 0, 0, 1, 2.0, 1.0),
(8471769, 3, 0, 0, 1.0, 4.0),
(8477929, 3, 1, 0, 4.0, 1.0),
(8471762, 3, 0, 0, 3.0, 0.0),
(8475209, 4, 0, 1, 8.0, 0.0),
(8473604, 4, 0, 1, 2.0, 0.0),
(8478439, 2, 0, 2, 1.0, 0.0),
(8478500, 1, 0, 1, 3.0, 4.0),
(8475430, 3, 1, 0, 6.0, 3.0),
(8470281, 7, 0, 2, 1.0, 2.0),
(8474141, 11, 1, 4, 2.0, 0.0),
(8477930, 3, 0, 0, 6.0, 3.0),
(8474161, 3, 0, 2, 2.0, 0.0),
(8477451, 2, 0, 0, 1.0, 1.0),
(8476461, 3, 2, 0, 0.0, 1.0),
(8473573, 6, 3, 2, 1.0, 0.0),
(8477353, 4, 0, 0, 4.0, 2.0),
(8475170, 0, 0, 1, 1.0, 0.0),
(8468309, 2, 1, 0, 2.0, 1.0),
(8477290, 3, 1, 0, 4.0, 2.0),
(8476806, 1, 0, 0, 0.0, 0.0),
(8471678, 5, 0, 0, 1.0, 0.0),
(8471699, 10, 0, 2, 1.0, 0.0),
(8470621, 5, 1, 3, 0.0, 2.0),
(8477933, 2, 0, 2, 0.0, 0.0),
(8477941, 9, 0, 1, 6.0, 1.0),
(8476312, 10, 0, 2, 5.0, 6.0),
(8475169, 3, 0, 0, 1.0, 0.0),
(8479268, 2, 0, 1, 0.0, 2.0),
(8475185, 1, 0, 0, 1.0, 1.0),
(8475780, 6, 0, 0, 9.0, 2.0),
(8475164, 10, 2, 2, 5.0, 4.0),
(8478131, 6, 1, 1, 0.0, 0.0),
(8476293, 3, 1, 0, 5.0, 0.0),
(8476470, 1, 0, 0, 5.0, 7.0),
(8470616, 4, 1, 0, 5.0, 2.0),
(8468535, 1, 0, 0, 1.0, 0.0),
(8469506, 1, 0, 0, 0.0, 0.0),
(8467400, 4, 0, 2, 0.0, 6.0),
(8475764, 7, 1, 1, 2.0, 5.0),
(8470612, 10, 0, 5, 4.0, 3.0),
(8477986, 8, 1, 1, 2.0, 2.0),
(8476854, 12, 2, 1, 1.0, 5.0),
(8475325, 3, 0, 0, 4.0, 1.0),
(8473449, 2, 0, 1, 0.0, 1.0),
(8476878, 5, 1, 0, 1.0, 0.0),
(8477499, 3, 0, 0, 5.0, 1.0),
(8474683, 1, 0, 0, 0.0, 0.0),
(8478403, 6, 1, 1, 0.0, 1.0),
(8474641, 7, 1, 0, 2.0, 7.0),
(8475158, 4, 1, 0, 1.0, 0.0),
(8476483, 9, 3, 4, 3.0, 2.0),
(8478542, 1, 0, 0, 0.0, 0.0),
(8469598, 4, 0, 0, 5.0, 10.0),
(8473618, 7, 2, 0, 4.0, 0.0),
(8471218, 22, 4, 5, 7.0, 7.0),
(8470828, 5, 1, 1, 1.0, 9.0),
(8473412, 11, 0, 3, 4.0, 1.0),
(8475759, 1, 0, 0, 0.0, 0.0),
(8471657, 3, 1, 0, 1.0, 1.0),
(8471217, 9, 0, 1, 9.0, 2.0),
(8476469, 1, 0, 0, 3.0, 4.0),
(8474207, 1, 0, 0, 4.0, 2.0),
(8474743, 1, 0, 1, 2.0, 0.0),
(8476888, 0, 0, 1, 0.0, 3.0),
(8471260, 6, 1, 1, 5.0, 1.0),
(8475168, 2, 1, 0, 1.0, 0.0),
(8476455, 4, 0, 1, 2.0, 0.0),
(8474574, 11, 0, 2, 5.0, 7.0),
(8474074, 2, 0, 0, 3.0, 0.0),
(8477940, 16, 2, 1, 3.0, 2.0),
(8471385, 2, 0, 0, 2.0, 4.0),
(8471262, 5, 1, 1, 2.0, 2.0),
(8476392, 10, 1, 0, 20.0, 2.0),
(8469501, 4, 0, 0, 11.0, 2.0),
(8470834, 15, 1, 1, 12.0, 8.0),
(8473446, 4, 0, 0, 1.0, 2.0),
(8477429, 6, 1, 0, 5.0, 3.0),
(8475788, 2, 0, 0, 4.0, 2.0),
(8471226, 7, 0, 0, 3.0, 0.0),
(8476885, 11, 0, 2, 10.0, 14.0),
(8476460, 15, 3, 3, 3.0, 4.0),
(8478561, 1, 0, 0, 2.0, 0.0),
(8475197, 1, 0, 1, 0.0, 2.0),
(8477492, 11, 0, 1, 0.0, 0.0),
(8474061, 1, 0, 0, 3.0, 0.0),
(8473533, 9, 1, 1, 4.0, 0.0),
(8475753, 2, 0, 1, 1.0, 3.0),
(8477488, 6, 0, 0, 2.0, 2.0),
(8475784, 4, 0, 0, 0.0, 0.0),
(8478396, 2, 0, 1, 0.0, 1.0),
(8468639, 5, 0, 0, 4.0, 4.0),
(8476858, 3, 0, 0, 8.0, 1.0),
(8468493, 2, 0, 0, 2.0, 5.0),
(8476958, 2, 0, 0, 1.0, 5.0),
(8470595, 4, 1, 1, 2.0, 1.0),
(8471346, 2, 0, 2, 0.0, 1.0),
(8476437, 3, 0, 0, 0.0, 0.0),
(8474661, 1, 0, 0, 0.0, 1.0),
(8474062, 1, 1, 1, 3.0, 0.0),
(8475250, 6, 0, 0, 1.0, 0.0),
(8477496, 2, 0, 3, 3.0, 0.0),
(8470966, 4, 0, 0, 1.0, 4.0),
(8474628, 1, 0, 0, 2.0, 1.0),
(8474749, 1, 0, 1, 8.0, 2.0),
(8477935, 2, 0, 1, 4.0, 1.0),
(8476971, 1, 0, 0, 0.0, 1.0),
(8474673, 2, 0, 0, 0.0, 1.0),
(8476873, 1, 0, 0, 2.0, 0.0),
(8474150, 1, 0, 0, 0.0, 0.0),
(8475907, 3, 1, 0, 4.0, 4.0),
(8477903, 3, 0, 0, 1.0, 0.0),
(8473564, 2, 0, 0, 1.0, 1.0),
(8471426, 2, 0, 0, 1.0, 0.0),
(8474612, 1, 0, 1, 5.0, 1.0),
(8476400, 5, 0, 0, 0.0, 1.0),
(8476346, 8, 1, 0, 0.0, 0.0),
(8479314, 5, 0, 0, 0.0, 1.0),
(8477497, 5, 0, 0, 1.0, 0.0),
(8476462, 2, 0, 0, 2.0, 1.0),
(8470162, 2, 0, 1, 2.0, 0.0),
(8471476, 5, 0, 1, 1.0, 4.0),
(8476769, 2, 0, 0, 6.0, 0.0),
(8477957, 2, 0, 0, 0.0, 0.0),
(8471214, 5, 1, 2, 1.0, 0.0),
(8470642, 6, 1, 1, 4.0, 6.0),
(8477444, 3, 0, 0, 0.0, 1.0),
(8475200, 1, 0, 0, 2.0, 2.0),
(8473563, 2, 1, 1, 1.0, 1.0),
(8474590, 4, 0, 0, 2.0, 4.0),
(8477220, 1, 0, 0, 0.0, 0.0),
(8474157, 5, 0, 0, 2.0, 0.0),
(8469521, 9, 2, 0, 2.0, 1.0),
(8474291, 1, 0, 0, 1.0, 0.0),
(8471702, 2, 0, 0, 1.0, 3.0),
(8473507, 3, 0, 0, 4.0, 3.0),
(8468498, 2, 0, 0, 1.0, 1.0),
(8474717, 5, 0, 0, 4.0, 3.0),
(8474038, 1, 0, 1, 3.0, 1.0),
(8476479, 4, 0, 1, 4.0, 2.0),
(8475149, 1, 0, 1, 0.0, 3.0),
(8471228, 3, 0, 2, 1.0, 1.0),
(8475744, 4, 1, 1, 0.0, 0.0),
(8477476, 1, 0, 1, 3.0, 0.0),
(8477413, 2, 0, 0, 1.0, 1.0),
(8471296, 2, 0, 0, 2.0, 1.0),
(8474189, 2, 0, 0, 1.0, 0.0),
(8473991, 4, 0, 1, 3.0, 8.0),
(8476880, 3, 0, 0, 3.0, 0.0),
(8475792, 1, 1, 0, 7.0, 0.0),
(8468508, 5, 0, 1, 0.0, 2.0),
(8470604, 4, 1, 0, 1.0, 2.0),
(8470602, 5, 0, 0, 4.0, 1.0),
(8470207, 3, 0, 0, 0.0, 0.0),
(8470606, 8, 0, 0, 5.0, 0.0),
(8468483, 5, 0, 1, 0.0, 1.0),
(8474568, 5, 0, 1, 10.0, 2.0),
(8475188, 2, 0, 0, 0.0, 2.0),
(8476871, 3, 0, 1, 4.0, 1.0),
(8473463, 3, 0, 1, 12.0, 4.0),
(8476352, 3, 0, 1, 0.0, 0.0),
(8475180, 1, 1, 0, 1.0, 0.0),
(8467329, 1, 0, 1, 1.0, 0.0),
(8469707, 3, 1, 0, 2.0, 0.0),
(8471685, 4, 0, 1, 1.0, 1.0),
(8475726, 3, 0, 0, 5.0, 0.0),
(8474037, 9, 1, 2, 0.0, 2.0),
(8476853, 7, 0, 1, 3.0, 3.0),
(8474162, 8, 2, 1, 3.0, 2.0),
(8474563, 1, 0, 1, 1.0, 5.0),
(8473574, 4, 0, 0, 2.0, 0.0),
(8473453, 3, 0, 2, 4.0, 1.0),
(8475098, 2, 0, 2, 2.0, 1.0),
(8474581, 2, 0, 2, 1.0, 4.0),
(8473473, 4, 0, 1, 7.0, 0.0),
(8474166, 4, 1, 0, 4.0, 6.0),
(8474100, 7, 2, 0, 2.0, 0.0),
(8475172, 12, 1, 2, 3.0, 2.0),
(8469555, 1, 0, 0, 0.0, 0.0),
(8468504, 2, 0, 0, 0.0, 0.0),
(8473432, 1, 0, 0, 0.0, 1.0),
(8473415, 1, 0, 0, 4.0, 3.0),
(8475222, 1, 0, 1, 6.0, 4.0),
(8477500, 3, 0, 0, 0.0, 0.0),
(8474091, 1, 0, 0, 1.0, 0.0),
(8470598, 2, 0, 0, 0.0, 0.0),
(8474584, 5, 0, 0, 5.0, 2.0),
(8476884, 3, 0, 0, 0.0, 2.0),
(8476466, 1, 1, 0, 0.0, 0.0),
(8474040, 5, 0, 0, 1.0, 1.0),
(8476423, 4, 0, 1, 2.0, 0.0),
(8475790, 2, 0, 0, 1.0, 1.0),
(8476440, 2, 0, 0, 0.0, 2.0),
(8479290, 1, 0, 0, 1.0, 2.0),
(8474569, 3, 0, 1, 0.0, 2.0),
(8478906, 2, 0, 0, 0.0, 0.0),
(8476449, 1, 0, 0, 0.0, 2.0),
(8477416, 2, 0, 0, 0.0, 0.0),
(8476310, 1, 0, 0, 1.0, 2.0),
(8476432, 4, 0, 0, 3.0, 2.0),
(8475268, 3, 0, 0, 1.0, 3.0),
(8479400, 2, 0, 0, 2.0, 0.0),
(8477021, 1, 0, 0, 1.0, 1.0),
(8478073, 1, 0, 0, 3.0, 0.0),
(8477947, 3, 0, 0, 0.0, 0.0),
(8477507, 2, 0, 0, 3.0, 1.0),
(8475747, 1, 0, 0, 1.0, 3.0),
(8473422, 2, 1, 0, 3.0, 4.0),
(8476855, 2, 0, 0, 0.0, 1.0),
(8476981, 4, 0, 0, 3.0, 2.0),
(8476442, 2, 1, 0, 0.0, 0.0),
(8475233, 3, 0, 0, 0.0, 1.0),
(8477495, 12, 0, 0, 2.0, 4.0),
(8478541, 2, 0, 0, 0.0, 1.0),
(8479398, 1, 0, 1, 0.0, 1.0),
(8478420, 3, 1, 1, 0.0, 0.0),
(8478460, 5, 0, 0, 2.0, 0.0),
(8479370, 0, 0, 1, 1.0, 0.0),
(8473914, 4, 0, 0, 0.0, 1.0),
(8474602, 6, 0, 1, 1.0, 2.0),
(8471675, 9, 1, 4, 0.0, 1.0),
(8471232, 3, 1, 0, 2.0, 1.0),
(8478928, 1, 0, 0, 3.0, 0.0),
(8473933, 2, 0, 0, 3.0, 5.0),
(8477934, 5, 2, 3, 0.0, 0.0),
(8474009, 3, 1, 1, 0.0, 2.0),
(8470543, 4, 0, 2, 14.0, 1.0),
(8471215, 19, 5, 0, 0.0, 2.0),
(8476431, 1, 0, 0, 1.0, 0.0),
(8476454, 7, 0, 2, 1.0, 0.0),
(8475761, 2, 0, 0, 10.0, 0.0),
(8476472, 2, 0, 0, 0.0, 3.0),
(8474013, 3, 0, 0, 2.0, 3.0),
(8471284, 1, 0, 1, 2.0, 3.0),
(8475165, 3, 0, 0, 0.0, 0.0),
(8471724, 6, 0, 2, 1.0, 1.0),
(8466393, 3, 0, 0, 7.0, 1.0),
(8473962, 1, 0, 1, 0.0, 2.0),
(8475208, 5, 0, 0, 2.0, 2.0),
(8475869, 3, 0, 0, 5.0, 1.0),
(8476915, 2, 0, 0, 6.0, 3.0),
(8476336, 1, 0, 0, 6.0, 0.0),
(8470611, 4, 0, 0, 2.0, 3.0),
(8471887, 7, 0, 0, 2.0, 1.0),
(8473548, 9, 0, 2, 0.0, 3.0),
(8477498, 2, 0, 0, 6.0, 2.0),
(8474586, 3, 0, 0, 4.0, 0.0),
(8474102, 5, 0, 1, 1.0, 1.0),
(8475791, 10, 0, 2, 3.0, 4.0),
(8464989, 2, 1, 0, 0.0, 3.0),
(8474849, 1, 0, 0, 5.0, 1.0),
(8476902, 7, 0, 1, 4.0, 5.0),
(8473994, 16, 1, 1, 7.0, 0.0),
(8470760, 1, 0, 0, 3.0, 2.0),
(8479339, 7, 1, 3, 4.0, 3.0),
(8474688, 1, 0, 0, 4.0, 4.0),
(8476966, 1, 0, 0, 2.0, 1.0),
(8476889, 0, 0, 1, 2.0, 0.0),
(8477461, 2, 0, 1, 1.0, 1.0),
(8478398, 3, 1, 1, 0.0, 0.0),
(8469465, 2, 0, 0, 2.0, 2.0),
(8475906, 3, 0, 2, 0.0, 6.0),
(8476913, 2, 0, 0, 0.0, 0.0),
(8477448, 6, 0, 1, 3.0, 0.0),
(8477406, 2, 1, 0, 0.0, 1.0),
(8477504, 4, 0, 0, 9.0, 10.0),
(8475794, 13, 2, 1, 5.0, 0.0),
(8475179, 1, 0, 0, 2.0, 0.0),
(8475730, 5, 0, 0, 7.0, 3.0),
(8477450, 1, 0, 1, 5.0, 0.0),
(8471691, 3, 0, 0, 1.0, 1.0),
(8469455, 2, 0, 0, 0.0, 1.0),
(8479293, 1, 0, 0, 10.0, 2.0),
(8476429, 1, 0, 0, 1.0, 1.0),
(8470187, 7, 0, 2, 7.0, 6.0),
(8470121, 1, 0, 0, 3.0, 5.0),
(8476409, 2, 0, 1, 2.0, 2.0),
(8475314, 10, 3, 0, 8.0, 3.0),
(8475754, 7, 1, 0, 2.0, 2.0),
(8473579, 4, 1, 0, 4.0, 1.0),
(8475166, 9, 0, 2, 1.0, 1.0),
(8474573, 10, 1, 4, 1.0, 3.0),
(8475343, 2, 0, 0, 2.0, 1.0),
(8475762, 2, 0, 1, 3.0, 2.0),
(8475181, 18, 1, 2, 4.0, 3.0),
(8475160, 1, 0, 0, 3.0, 0.0),
(8476917, 8, 0, 2, 5.0, 4.0),
(8466251, 2, 1, 1, 5.0, 2.0),
(8476458, 10, 1, 1, 1.0, 0.0),
(8473504, 6, 0, 1, 10.0, 1.0),
(8475177, 3, 0, 1, 3.0, 6.0),
(8478463, 6, 3, 0, 4.0, 1.0),
(8474066, 4, 0, 1, 7.0, 4.0),
(8475231, 5, 0, 0, 6.0, 4.0),
(8469619, 2, 0, 0, 4.0, 5.0),
(8476326, 1, 0, 0, 0.0, 0.0),
(8476921, 2, 0, 1, 2.0, 0.0),
(8476356, 3, 1, 0, 1.0, 0.0),
(8479345, 4, 0, 0, 3.0, 1.0),
(8478432, 5, 0, 1, 1.0, 0.0),
(8479343, 1, 0, 0, 0.0, 1.0),
(8474613, 2, 0, 0, 0.0, 0.0),
(8477506, 2, 0, 0, 1.0, 2.0),
(8477943, 5, 1, 0, 2.0, 0.0),
(8477503, 1, 0, 1, 3.0, 0.0),
(8477989, 6, 0, 0, 3.0, 2.0),
(8474218, 1, 0, 0, 1.0, 0.0),
(8478445, 2, 1, 2, 0.0, 0.0),
(8471274, 1, 0, 0, 1.0, 3.0),
(8475171, 3, 0, 1, 4.0, 2.0),
(8468085, 5, 1, 0, 1.0, 1.0),
(8478474, 2, 0, 0, 0.0, 0.0),
(8477464, 3, 0, 2, 0.0, 0.0),
(8476473, 1, 0, 0, 5.0, 1.0),
(8477460, 3, 0, 0, 2.0, 0.0),
(8462038, 0, 0, 1, 0.0, 0.0),
(8477407, 1, 0, 0, 2.0, 0.0),
(8473465, 1, 1, 1, 3.0, 0.0),
(8477950, 1, 0, 0, 0.0, 0.0),
(8475769, 2, 0, 0, 2.0, 0.0),
(8469759, 4, 0, 0, 1.0, 1.0),
(8470724, 2, 0, 0, 5.0, 3.0),
(8476923, 8, 0, 0, 6.0, 4.0),
(8475758, 2, 0, 1, 2.0, 0.0),
(8471233, 3, 0, 0, 3.0, 1.0),
(8475186, 3, 1, 0, 8.0, 5.0),
(8479483, 5, 1, 2, 1.0, 1.0),
(8469500, 1, 0, 0, 0.0, 0.0),
(8472382, 5, 0, 1, 1.0, 7.0),
(8478401, 5, 0, 0, 1.0, 0.0),
(8478566, 1, 0, 0, 9.0, 2.0),
(8475151, 5, 1, 1, 3.0, 1.0),
(8479250, 3, 0, 0, 2.0, 0.0),
(8477839, 7, 1, 1, 2.0, 0.0),
(8474642, 1, 0, 0, 1.0, 1.0),
(8475832, 4, 0, 1, 1.0, 0.0),
(8475163, 1, 0, 1, 0.0, 0.0),
(8477244, 1, 0, 0, 0.0, 2.0),
(8468674, 3, 1, 0, 2.0, 1.0),
(8476897, 1, 0, 0, 0.0, 0.0),
(8477404, 3, 0, 2, 0.0, 0.0),
(8469770, 4, 1, 0, 0.0, 1.0),
(8471958, 2, 0, 0, 0.0, 1.0),
(8471339, 5, 1, 0, 4.0, 2.0),
(8471873, 3, 0, 1, 1.0, 1.0),
(8476826, 1, 0, 0, 0.0, 0.0),
(8476468, 2, 0, 2, 2.0, 1.0),
(8470601, 4, 0, 1, 1.0, 4.0),
(8476453, 2, 1, 0, 0.0, 2.0),
(8474870, 6, 0, 0, 1.0, 0.0),
(8475167, 4, 0, 3, 2.0, 4.0),
(8478010, 2, 1, 0, 0.0, 2.0),
(8476195, 1, 1, 0, 0.0, 2.0),
(8478519, 1, 1, 1, 2.0, 0.0),
(8476439, 5, 1, 0, 6.0, 1.0),
(8476975, 0, 0, 1, 2.0, 2.0),
(8477205, 1, 0, 0, 0.0, 1.0),
(8473986, 3, 1, 0, 3.0, 0.0),
(8474564, 5, 2, 0, 3.0, 1.0),
(8479410, 1, 0, 0, 3.0, 0.0),
(8470740, 2, 0, 0, 2.0, 0.0),
(8477938, 2, 0, 0, 2.0, 0.0),
(8478427, 2, 1, 1, 2.0, 0.0),
(8476403, 1, 0, 0, 3.0, 1.0),
(8477458, 2, 0, 0, 0.0, 0.0),
(8476988, 3, 1, 0, 5.0, 2.0),
(8479465, 1, 1, 0, 1.0, 0.0),
(8479344, 4, 1, 1, 1.0, 2.0),
(8471729, 1, 0, 0, 0.0, 2.0),
(8476857, 1, 1, 2, 0.0, 0.0),
(8476934, 0, 1, 0, 2.0, 0.0),
(8476882, 4, 1, 0, 3.0, 0.0),
(8478402, 1, 0, 1, 0.0, 0.0),
(8478585, 1, 0, 0, 0.0, 0.0),
(8475810, 1, 1, 2, 0.0, 2.0),
(8469462, 1, 0, 0, 4.0, 0.0),
(8470110, 1, 0, 0, 0.0, 1.0),
(8472410, 3, 0, 0, 1.0, 0.0),
(8473673, 5, 0, 0, 3.0, 5.0),
(8470600, 2, 0, 0, 1.0, 3.0),
(8475798, 3, 0, 1, 0.0, 0.0),
(8473485, 2, 0, 0, 1.0, 1.0),
(8475220, 2, 1, 1, 5.0, 1.0),
(8478493, 2, 0, 1, 0.0, 0.0),
(8474716, 3, 0, 2, 0.0, 1.0),
(8476619, 1, 1, 0, 0.0, 0.0),
(8475722, 3, 1, 0, 0.0, 0.0),
(8476856, 2, 0, 1, 0.0, 2.0),
(8479316, 2, 1, 0, 2.0, 1.0),
(8475157, 2, 0, 0, 3.0, 1.0),
(8476463, 1, 1, 0, 0.0, 4.0),
(8469459, 4, 0, 0, 0.0, 1.0),
(8468486, 1, 0, 0, 2.0, 0.0),
(8476448, 1, 0, 0, 0.0, 0.0),
(8476850, 2, 0, 1, 0.0, 0.0),
(8474715, 2, 1, 0, 0.0, 0.0),
(8477505, 1, 0, 1, 1.0, 1.0),
(8476438, 1, 0, 0, 0.0, 2.0),
(8471273, 2, 0, 0, 6.0, 1.0),
(8474709, 1, 0, 0, 11.0, 1.0),
(8477939, 6, 1, 1, 1.0, 0.0),
(8476941, 1, 0, 1, 0.0, 0.0),
(8479318, 4, 2, 2, 0.0, 2.0),
(8476410, 1, 0, 1, 0.0, 1.0),
(8466139, 9, 2, 1, 2.0, 1.0),
(8479458, 1, 0, 0, 5.0, 9.0),
(8478483, 3, 1, 1, 0.0, 4.0),
(8480158, 1, 0, 1, 1.0, 1.0),
(8475834, 3, 0, 0, 2.0, 0.0),
(8474027, 1, 0, 0, 5.0, 2.0),
(8474053, 4, 0, 1, 0.0, 1.0),
(8478099, 2, 0, 1, 1.0, 0.0),
(8474571, 2, 0, 0, 0.0, 0.0),
(8466138, 0, 0, 1, 1.0, 0.0),
(8470613, 3, 0, 1, 0.0, 1.0),
(8470619, 5, 0, 1, 2.0, 3.0),
(8471709, 3, 0, 0, 0.0, 1.0),
(8470794, 3, 1, 1, 1.0, 2.0),
(8477922, 2, 0, 0, 2.0, 1.0),
(8476289, 1, 0, 0, 1.0, 2.0),
(8475455, 4, 1, 0, 3.0, 2.0),
(8476881, 2, 1, 0, 1.0, 1.0),
(8468208, 2, 0, 0, 0.0, 0.0),
(8470626, 3, 0, 0, 1.0, 0.0),
(8473419, 2, 0, 0, 1.0, 0.0),
(8471276, 2, 0, 0, 1.0, 2.0),
(8478569, 4, 0, 0, 0.0, 0.0),
(8477956, 5, 0, 0, 1.0, 0.0),
(8465009, 2, 0, 0, 1.0, 1.0),
(8476191, 3, 0, 0, 2.0, 0.0),
(8470638, 7, 0, 0, 1.0, 1.0),
(8475727, 1, 0, 0, 1.0, 0.0),
(8476116, 1, 0, 0, 0.0, 2.0),
(8475204, 3, 0, 0, 2.0, 1.0),
(8473492, 2, 0, 0, 4.0, 0.0),
(8475292, 2, 0, 0, 3.0, 0.0),
(8470640, 2, 0, 0, 2.0, 0.0),
(8475218, 1, 0, 0, 0.0, 3.0),
(8470047, 0, 0, 1, 0.0, 0.0),
(8467371, 0, 0, 1, 2.0, 1.0),
(8467370, 2, 1, 1, 2.0, 1.0),
(8476887, 1, 0, 2, 1.0, 0.0),
(8474600, 3, 0, 0, 0.0, 1.0),
(8474570, 3, 0, 0, 0.0, 0.0),
(8476292, 0, 0, 1, 1.0, 1.0),
(8471707, 8, 2, 1, 1.0, 0.0),
(8473588, 1, 1, 0, 1.0, 1.0),
(8475868, 1, 0, 0, 1.0, 1.0),
(8475225, 3, 0, 0, 0.0, 0.0),
(8474520, 2, 0, 0, 2.0, 2.0),
(8477494, 4, 0, 0, 4.0, 0.0),
(8476480, 1, 0, 0, 0.0, 0.0),
(8478042, 1, 0, 0, 1.0, 1.0),
(8476948, 1, 0, 1, 0.0, 0.0),
(8476399, 3, 0, 0, 2.0, 2.0),
(8476851, 3, 0, 1, 0.0, 0.0),
(8477463, 2, 0, 0, 3.0, 3.0),
(8476474, 3, 1, 0, 2.0, 1.0),
(8480002, 2, 0, 0, 0.0, 3.0),
(8474818, 4, 0, 1, 3.0, 3.0),
(8475848, 2, 0, 0, 1.0, 2.0),
(8479407, 2, 0, 1, 0.0, 0.0),
(8477425, 1, 0, 0, 1.0, 0.0),
(8477355, 2, 0, 0, 1.0, 1.0),
(8475235, 2, 0, 0, 5.0, 2.0),
(8476381, 4, 1, 0, 2.0, 0.0),
(8475913, 2, 0, 0, 0.0, 0.0),
(8475815, 1, 0, 0, 0.0, 1.0),
(8474884, 7, 2, 0, 0.0, 0.0),
(8473537, 2, 0, 0, 1.0, 0.0),
(8471676, 4, 0, 0, 0.0, 1.0),
(8471768, 1, 0, 1, 0.0, 2.0),
(8474739, 1, 0, 0, 0.0, 0.0),
(8476879, 0, 0, 1, 0.0, 2.0),
(8473544, 3, 0, 1, 0.0, 1.0),
(8476419, 2, 0, 0, 0.0, 0.0),
(8470358, 2, 0, 0, 0.0, 1.0),
(8474697, 1, 0, 0, 4.0, 4.0),
(8475227, 1, 0, 0, 2.0, 2.0),
(8476368, 2, 0, 0, 0.0, 0.0),
(8474068, 1, 0, 0, 1.0, 0.0);

INSERT INTO Skater_Played_In (gameid, playerid) VALUES 
(2016020045, 8468513),
(2016020045, 8476906),
(2016020045, 8474668),
(2016020045, 8473512),
(2016020045, 8471762),
(2016020045, 8478439),
(2016020045, 8479648),
(2016020045, 8470159),
(2016020045, 8478500),
(2016020045, 8475430),
(2016020045, 8477930),
(2016020045, 8474161),
(2016020045, 8476461),
(2016020045, 8473584),
(2016020045, 8476177),
(2016020045, 8468309),
(2016020045, 8477290),
(2016020045, 8474190),
(2016020045, 8466148),
(2016020045, 8471769),
(2016020045, 8477929),
(2016020045, 8466285),
(2016020045, 8470607),
(2016020045, 8475209),
(2016020045, 8473604),
(2016020045, 8470281),
(2016020045, 8474141),
(2016020045, 8476994),
(2016020045, 8477951),
(2016020045, 8475323),
(2016020045, 8473573),
(2016020045, 8478055),
(2016020045, 8478550),
(2016020045, 8477353),
(2016020045, 8479482),
(2016020045, 8469547),
(2017020812, 8470616),
(2017020812, 8476806),
(2017020812, 8475764),
(2017020812, 8470612),
(2017020812, 8477986),
(2017020812, 8476854),
(2017020812, 8471699),
(2017020812, 8470621),
(2017020812, 8474683),
(2017020812, 8477941),
(2017020812, 8476312),
(2017020812, 8474641),
(2017020812, 8476483),
(2017020812, 8475780),
(2017020812, 8475164),
(2017020812, 8473560),
(2017020812, 8469598),
(2017020812, 8478131),
(2017020812, 8469506),
(2017020812, 8474618),
(2017020812, 8471678),
(2017020812, 8475325),
(2017020812, 8476931),
(2017020812, 8473449),
(2017020812, 8477933),
(2017020812, 8476878),
(2017020812, 8477499),
(2017020812, 8478403),
(2017020812, 8475169),
(2017020812, 8475158),
(2017020812, 8473992),
(2017020812, 8479268),
(2017020812, 8475185),
(2017020812, 8478542),
(2017020812, 8476293),
(2017020812, 8476470),
(2015020314, 8467400),
(2015020314, 8462042),
(2015020314, 8473446),
(2015020314, 8477902),
(2015020314, 8475759),
(2015020314, 8471657),
(2015020314, 8474207),
(2015020314, 8474743),
(2015020314, 8476888),
(2015020314, 8471260),
(2015020314, 8475168),
(2015020314, 8476455),
(2015020314, 8471681),
(2015020314, 8478561),
(2015020314, 8475197),
(2015020314, 8475780),
(2015020314, 8471262),
(2015020314, 8477492),
(2015020314, 8473618),
(2015020314, 8471218),
(2015020314, 8470614),
(2015020314, 8470834),
(2015020314, 8470828),
(2015020314, 8477429),
(2015020314, 8473412),
(2015020314, 8471217),
(2015020314, 8475788),
(2015020314, 8471226),
(2015020314, 8474574),
(2015020314, 8476885),
(2015020314, 8477940),
(2015020314, 8476460),
(2015020314, 8471385),
(2015020314, 8476392),
(2015020314, 8474061),
(2015020314, 8469501),
(2015020849, 8473618),
(2015020849, 8471218),
(2015020849, 8470834),
(2015020849, 8470828),
(2015020849, 8477429),
(2015020849, 8473412),
(2015020849, 8471217),
(2015020849, 8476469),
(2015020849, 8475788),
(2015020849, 8471226),
(2015020849, 8474574),
(2015020849, 8475279),
(2015020849, 8476885),
(2015020849, 8477940),
(2015020849, 8476460),
(2015020849, 8471385),
(2015020849, 8476392),
(2015020849, 8469501),
(2015020849, 8469508),
(2015020849, 8475807),
(2015020849, 8473533),
(2015020849, 8476858),
(2015020849, 8468493),
(2015020849, 8476958),
(2015020849, 8470595),
(2015020849, 8471346),
(2015020849, 8476437),
(2015020849, 8477488),
(2015020849, 8474661),
(2015020849, 8474052),
(2015020849, 8475784),
(2015020849, 8474062),
(2015020849, 8475250),
(2015020849, 8478396),
(2015020849, 8477496),
(2015020849, 8468639),
(2017020586, 8470966),
(2017020586, 8474628),
(2017020586, 8474749),
(2017020586, 8475907),
(2017020586, 8477903),
(2017020586, 8477935),
(2017020586, 8477508),
(2017020586, 8471426),
(2017020586, 8474612),
(2017020586, 8474673),
(2017020586, 8476873),
(2017020586, 8474150),
(2017020586, 8476346),
(2017020586, 8479314),
(2017020586, 8477497),
(2017020586, 8476462),
(2017020586, 8470162),
(2017020586, 8448208),
(2017020586, 8470616),
(2017020586, 8468535),
(2017020586, 8467400),
(2017020586, 8475764),
(2017020586, 8470612),
(2017020586, 8477986),
(2017020586, 8476854),
(2017020586, 8471699),
(2017020586, 8476971),
(2017020586, 8477941),
(2017020586, 8476312),
(2017020586, 8476400),
(2017020586, 8474641),
(2017020586, 8476483),
(2017020586, 8475780),
(2017020586, 8475164),
(2017020586, 8469598),
(2017020586, 8478131),
(2016020610, 8471702),
(2016020610, 8468498),
(2016020610, 8471476),
(2016020610, 8475149),
(2016020610, 8471214),
(2016020610, 8475744),
(2016020610, 8477444),
(2016020610, 8475200),
(2016020610, 8473563),
(2016020610, 8474590),
(2016020610, 8477220),
(2016020610, 8474189),
(2016020610, 8473991),
(2016020610, 8476880),
(2016020610, 8475792),
(2016020610, 8468508),
(2016020610, 8474291),
(2016020610, 8477070),
(2016020610, 8473507),
(2016020610, 8474717),
(2016020610, 8476808),
(2016020610, 8476769),
(2016020610, 8477957),
(2016020610, 8474038),
(2016020610, 8476479),
(2016020610, 8471338),
(2016020610, 8471228),
(2016020610, 8470642),
(2016020610, 8477476),
(2016020610, 8477446),
(2016020610, 8477413),
(2016020610, 8478963),
(2016020610, 8474157),
(2016020610, 8471296),
(2016020610, 8469521),
(2016020610, 8476470),
(2015020606, 8470602),
(2015020606, 8470207),
(2015020606, 8469707),
(2015020606, 8471476),
(2015020606, 8474037),
(2015020606, 8475716),
(2015020606, 8471436),
(2015020606, 8476853),
(2015020606, 8473546),
(2015020606, 8471392),
(2015020606, 8473574),
(2015020606, 8473463),
(2015020606, 8475098),
(2015020606, 8474581),
(2015020606, 8475180),
(2015020606, 8476062),
(2015020606, 8475172),
(2015020606, 8468504),
(2015020606, 8470604),
(2015020606, 8470606),
(2015020606, 8471685),
(2015020606, 8468483),
(2015020606, 8475726),
(2015020606, 8475325),
(2015020606, 8474568),
(2015020606, 8475188),
(2015020606, 8476871),
(2015020606, 8474162),
(2015020606, 8474563),
(2015020606, 8473453),
(2015020606, 8473473),
(2015020606, 8474166),
(2015020606, 8476352),
(2015020606, 8474100),
(2015020606, 8469555),
(2015020606, 8467329),
(2017020240, 8467876),
(2017020240, 8467875),
(2017020240, 8473432),
(2017020240, 8477937),
(2017020240, 8477018),
(2017020240, 8470598),
(2017020240, 8473415),
(2017020240, 8471303),
(2017020240, 8476867),
(2017020240, 8474584),
(2017020240, 8478444),
(2017020240, 8476884),
(2017020240, 8476466),
(2017020240, 8477500),
(2017020240, 8474040),
(2017020240, 8475790),
(2017020240, 8476440),
(2017020240, 8474091),
(2017020240, 8468535),
(2017020240, 8467400),
(2017020240, 8477929),
(2017020240, 8477986),
(2017020240, 8476854),
(2017020240, 8471699),
(2017020240, 8470621),
(2017020240, 8474683),
(2017020240, 8475222),
(2017020240, 8476971),
(2017020240, 8477941),
(2017020240, 8476312),
(2017020240, 8476400),
(2017020240, 8476483),
(2017020240, 8475780),
(2017020240, 8475164),
(2017020240, 8469598),
(2017020240, 8479290),
(2017020624, 8477947),
(2017020624, 8478906),
(2017020624, 8473422),
(2017020624, 8476449),
(2017020624, 8471677),
(2017020624, 8477416),
(2017020624, 8476310),
(2017020624, 8476981),
(2017020624, 8476432),
(2017020624, 8475233),
(2017020624, 8474685),
(2017020624, 8475147),
(2017020624, 8477495),
(2017020624, 8478550),
(2017020624, 8479400),
(2017020624, 8478541),
(2017020624, 8477353),
(2017020624, 8478460),
(2017020624, 8474717),
(2017020624, 8473446),
(2017020624, 8477507),
(2017020624, 8474569),
(2017020624, 8475747),
(2017020624, 8476855),
(2017020624, 8476442),
(2017020624, 8471260),
(2017020624, 8476455),
(2017020624, 8475268),
(2017020624, 8477021),
(2017020624, 8478421),
(2017020624, 8471262),
(2017020624, 8479398),
(2017020624, 8478420),
(2017020624, 8478073),
(2017020624, 8477492),
(2017020624, 8479370),
(2015020346, 8468611),
(2015020346, 8473914),
(2015020346, 8471816),
(2015020346, 8474602),
(2015020346, 8473962),
(2015020346, 8471232),
(2015020346, 8475869),
(2015020346, 8476915),
(2015020346, 8476336),
(2015020346, 8471678),
(2015020346, 8477934),
(2015020346, 8477498),
(2015020346, 8476454),
(2015020346, 8474586),
(2015020346, 8476472),
(2015020346, 8475791),
(2015020346, 8471284),
(2015020346, 8475165),
(2015020346, 8471724),
(2015020346, 8467452),
(2015020346, 8466393),
(2015020346, 8475208),
(2015020346, 8471675),
(2015020346, 8478928),
(2015020346, 8470611),
(2015020346, 8471887),
(2015020346, 8473933),
(2015020346, 8473548),
(2015020346, 8474009),
(2015020346, 8470543),
(2015020346, 8471215),
(2015020346, 8476431),
(2015020346, 8475761),
(2015020346, 8474102),
(2015020346, 8474013),
(2015020346, 8464989),
(2017020221, 8468611),
(2017020221, 8471218),
(2017020221, 8470834),
(2017020221, 8470828),
(2017020221, 8477429),
(2017020221, 8473412),
(2017020221, 8476469),
(2017020221, 8479339),
(2017020221, 8477504),
(2017020221, 8475179),
(2017020221, 8474574),
(2017020221, 8476885),
(2017020221, 8477940),
(2017020221, 8473574),
(2017020221, 8476460),
(2017020221, 8478398),
(2017020221, 8476392),
(2017020221, 8479293),
(2017020221, 8474849),
(2017020221, 8475906),
(2017020221, 8476913),
(2017020221, 8476902),
(2017020221, 8473994),
(2017020221, 8470760),
(2017020221, 8471228),
(2017020221, 8477406),
(2017020221, 8474688),
(2017020221, 8476966),
(2017020221, 8475794),
(2017020221, 8476467),
(2017020221, 8475730),
(2017020221, 8477450),
(2017020221, 8477461),
(2017020221, 8471691),
(2017020221, 8469465),
(2017020221, 8469455),
(2016020298, 8476917),
(2016020298, 8466251),
(2016020298, 8470187),
(2016020298, 8476409),
(2016020298, 8471217),
(2016020298, 8476458),
(2016020298, 8475314),
(2016020298, 8475754),
(2016020298, 8474612),
(2016020298, 8473579),
(2016020298, 8475177),
(2016020298, 8475166),
(2016020298, 8474573),
(2016020298, 8478463),
(2016020298, 8476386),
(2016020298, 8474066),
(2016020298, 8475231),
(2016020298, 8475181),
(2016020298, 8470604),
(2016020298, 8470606),
(2016020298, 8471685),
(2016020298, 8476406),
(2016020298, 8475857),
(2016020298, 8470121),
(2016020298, 8475726),
(2016020298, 8475325),
(2016020298, 8476871),
(2016020298, 8475343),
(2016020298, 8474162),
(2016020298, 8474563),
(2016020298, 8475762),
(2016020298, 8473453),
(2016020298, 8471682),
(2016020298, 8474166),
(2016020298, 8474100),
(2016020298, 8475160),
(2017020731, 8476917),
(2017020731, 8477506),
(2017020731, 8466251),
(2017020731, 8476429),
(2017020731, 8476409),
(2017020731, 8473504),
(2017020731, 8475314),
(2017020731, 8475754),
(2017020731, 8477527),
(2017020731, 8478445),
(2017020731, 8475166),
(2017020731, 8474573),
(2017020731, 8479206),
(2017020731, 8474586),
(2017020731, 8478463),
(2017020731, 8474066),
(2017020731, 8475181),
(2017020731, 8480222),
(2017020731, 8471769),
(2017020731, 8474613),
(2017020731, 8475209),
(2017020731, 8474736),
(2017020731, 8477943),
(2017020731, 8477503),
(2017020731, 8470755),
(2017020731, 8477989),
(2017020731, 8476921),
(2017020731, 8474218),
(2017020731, 8474568),
(2017020731, 8476356),
(2017020731, 8471274),
(2017020731, 8479345),
(2017020731, 8478432),
(2017020731, 8479343),
(2017020731, 8475171),
(2017020731, 8476393),
(2016020205, 8471218),
(2016020205, 8470834),
(2016020205, 8470828),
(2016020205, 8477429),
(2016020205, 8477448),
(2016020205, 8479339),
(2016020205, 8475788),
(2016020205, 8477504),
(2016020205, 8474074),
(2016020205, 8474574),
(2016020205, 8475279),
(2016020205, 8477940),
(2016020205, 8476460),
(2016020205, 8477464),
(2016020205, 8478398),
(2016020205, 8476392),
(2016020205, 8469501),
(2016020205, 8479293),
(2016020205, 8477407),
(2016020205, 8473466),
(2016020205, 8468085),
(2016020205, 8473465),
(2016020205, 8477503),
(2016020205, 8470755),
(2016020205, 8477989),
(2016020205, 8476921),
(2016020205, 8474568),
(2016020205, 8477950),
(2016020205, 8476356),
(2016020205, 8471274),
(2016020205, 8478474),
(2016020205, 8479345),
(2016020205, 8476473),
(2016020205, 8475171),
(2016020205, 8477460),
(2016020205, 8462038),
(2016020246, 8471218),
(2016020246, 8470834),
(2016020246, 8470828),
(2016020246, 8477429),
(2016020246, 8475769),
(2016020246, 8477448),
(2016020246, 8479339),
(2016020246, 8475788),
(2016020246, 8477504),
(2016020246, 8474074),
(2016020246, 8475279),
(2016020246, 8476885),
(2016020246, 8477940),
(2016020246, 8476460),
(2016020246, 8477464),
(2016020246, 8476392),
(2016020246, 8469501),
(2016020246, 8479293),
(2016020246, 8474668),
(2016020246, 8473512),
(2016020246, 8471762),
(2016020246, 8478439),
(2016020246, 8478500),
(2016020246, 8475430),
(2016020246, 8474584),
(2016020246, 8477930),
(2016020246, 8474161),
(2016020246, 8476461),
(2016020246, 8473584),
(2016020246, 8475462),
(2016020246, 8476177),
(2016020246, 8475170),
(2016020246, 8476393),
(2016020246, 8468309),
(2016020246, 8477290),
(2016020246, 8474190),
(2016020107, 8466148),
(2016020107, 8471769),
(2016020107, 8465058),
(2016020107, 8477929),
(2016020107, 8466285),
(2016020107, 8470607),
(2016020107, 8475209),
(2016020107, 8473604),
(2016020107, 8470281),
(2016020107, 8474141),
(2016020107, 8477951),
(2016020107, 8475323),
(2016020107, 8477451),
(2016020107, 8473573),
(2016020107, 8478550),
(2016020107, 8477353),
(2016020107, 8479482),
(2016020107, 8469547),
(2016020107, 8469759),
(2016020107, 8470724),
(2016020107, 8469707),
(2016020107, 8476923),
(2016020107, 8475758),
(2016020107, 8471233),
(2016020107, 8473933),
(2016020107, 8472382),
(2016020107, 8478401),
(2016020107, 8478566),
(2016020107, 8475761),
(2016020107, 8474641),
(2016020107, 8475151),
(2016020107, 8475186),
(2016020107, 8475791),
(2016020107, 8479483),
(2016020107, 8479250),
(2016020107, 8469500),
(2016021020, 8474602),
(2016021020, 8475208),
(2016021020, 8471675),
(2016021020, 8477839),
(2016021020, 8468493),
(2016021020, 8476897),
(2016021020, 8477404),
(2016021020, 8476326),
(2016021020, 8473548),
(2016021020, 8474009),
(2016021020, 8470543),
(2016021020, 8475832),
(2016021020, 8471215),
(2016021020, 8474013),
(2016021020, 8477244),
(2016021020, 8476293),
(2016021020, 8477240),
(2016021020, 8468309),
(2016021020, 8470966),
(2016021020, 8474749),
(2016021020, 8468674),
(2016021020, 8475907),
(2016021020, 8477935),
(2016021020, 8473564),
(2016021020, 8474642),
(2016021020, 8471426),
(2016021020, 8471346),
(2016021020, 8474673),
(2016021020, 8474150),
(2016021020, 8476346),
(2016021020, 8479314),
(2016021020, 8475163),
(2016021020, 8469770),
(2016021020, 8477497),
(2016021020, 8476462),
(2016021020, 8470162),
(2017020986, 8471958),
(2017020986, 8471339),
(2017020986, 8478519),
(2017020986, 8471873),
(2017020986, 8476826),
(2017020986, 8476468),
(2017020986, 8476975),
(2017020986, 8470601),
(2017020986, 8477205),
(2017020986, 8470543),
(2017020986, 8473986),
(2017020986, 8474870),
(2017020986, 8477454),
(2017020986, 8475167),
(2017020986, 8474564),
(2017020986, 8479410),
(2017020986, 8478010),
(2017020986, 8476195),
(2017020986, 8474849),
(2017020986, 8475906),
(2017020986, 8476439),
(2017020986, 8476913),
(2017020986, 8476902),
(2017020986, 8473994),
(2017020986, 8470760),
(2017020986, 8471228),
(2017020986, 8477406),
(2017020986, 8474688),
(2017020986, 8476889),
(2017020986, 8475794),
(2017020986, 8475752),
(2017020986, 8475730),
(2017020986, 8477450),
(2017020986, 8477461),
(2017020986, 8469465),
(2017020986, 8469455),
(2017021124, 8471729),
(2017021124, 8476857),
(2017021124, 8476915),
(2017021124, 8476457),
(2017021124, 8476336),
(2017021124, 8477415),
(2017021124, 8476458),
(2017021124, 8477934),
(2017021124, 8476427),
(2017021124, 8476988),
(2017021124, 8477498),
(2017021124, 8476454),
(2017021124, 8478402),
(2017021124, 8479465),
(2017021124, 8479344),
(2017021124, 8478451),
(2017021124, 8473473),
(2017021124, 8479483),
(2017021124, 8476934),
(2017021124, 8473533),
(2017021124, 8470740),
(2017021124, 8476858),
(2017021124, 8477938),
(2017021124, 8476958),
(2017021124, 8478427),
(2017021124, 8475753),
(2017021124, 8476403),
(2017021124, 8477458),
(2017021124, 8476437),
(2017021124, 8477845),
(2017021124, 8477488),
(2017021124, 8476882),
(2017021124, 8475784),
(2017021124, 8478585),
(2017021124, 8477496),
(2017021124, 8468508),
(2015020981, 8471724),
(2015020981, 8474602),
(2015020981, 8475208),
(2015020981, 8471675),
(2015020981, 8470110),
(2015020981, 8477839),
(2015020981, 8473542),
(2015020981, 8471887),
(2015020981, 8473548),
(2015020981, 8474009),
(2015020981, 8470543),
(2015020981, 8475810),
(2015020981, 8475832),
(2015020981, 8471215),
(2015020981, 8476874),
(2015020981, 8474013),
(2015020981, 8464989),
(2015020981, 8476293),
(2015020981, 8476769),
(2015020981, 8476923),
(2015020981, 8471311),
(2015020981, 8475758),
(2015020981, 8472410),
(2015020981, 8471233),
(2015020981, 8476457),
(2015020981, 8472382),
(2015020981, 8478566),
(2015020981, 8475750),
(2015020981, 8476423),
(2015020981, 8474641),
(2015020981, 8473673),
(2015020981, 8475151),
(2015020981, 8477010),
(2015020981, 8475186),
(2015020981, 8469462),
(2015020981, 8469547),
(2017020146, 8476917),
(2017020146, 8466251),
(2017020146, 8476429),
(2017020146, 8470187),
(2017020146, 8473504),
(2017020146, 8471217),
(2017020146, 8475314),
(2017020146, 8475754),
(2017020146, 8473579),
(2017020146, 8478445),
(2017020146, 8475177),
(2017020146, 8475166),
(2017020146, 8474573),
(2017020146, 8474586),
(2017020146, 8478463),
(2017020146, 8474066),
(2017020146, 8475231),
(2017020146, 8475181),
(2017020146, 8470724),
(2017020146, 8474716),
(2017020146, 8476619),
(2017020146, 8471476),
(2017020146, 8470595),
(2017020146, 8470600),
(2017020146, 8475798),
(2017020146, 8475722),
(2017020146, 8474589),
(2017020146, 8476856),
(2017020146, 8479316),
(2017020146, 8476422),
(2017020146, 8473485),
(2017020146, 8475220),
(2017020146, 8476463),
(2017020146, 8464989),
(2017020146, 8478493),
(2017020146, 8469459),
(2016020716, 8468486),
(2016020716, 8473422),
(2016020716, 8474715),
(2016020716, 8474774),
(2016020716, 8477505),
(2016020716, 8476448),
(2016020716, 8471677),
(2016020716, 8476438),
(2016020716, 8476449),
(2016020716, 8476981),
(2016020716, 8476310),
(2016020716, 8476850),
(2016020716, 8476432),
(2016020716, 8474685),
(2016020716, 8474040),
(2016020716, 8477495),
(2016020716, 8471273),
(2016020716, 8478460),
(2016020716, 8469619),
(2016020716, 8476917),
(2016020716, 8466251),
(2016020716, 8472410),
(2016020716, 8470187),
(2016020716, 8476409),
(2016020716, 8473504),
(2016020716, 8471217),
(2016020716, 8476458),
(2016020716, 8475754),
(2016020716, 8473579),
(2016020716, 8475177),
(2016020716, 8475166),
(2016020716, 8474573),
(2016020716, 8476386),
(2016020716, 8474066),
(2016020716, 8475231),
(2016020716, 8475181),
(2017020001, 8474709),
(2017020001, 8477939),
(2017020001, 8468493),
(2017020001, 8474037),
(2017020001, 8476941),
(2017020001, 8475786),
(2017020001, 8470611),
(2017020001, 8476853),
(2017020001, 8479318),
(2017020001, 8479458),
(2017020001, 8477015),
(2017020001, 8473463),
(2017020001, 8475098),
(2017020001, 8474581),
(2017020001, 8478483),
(2017020001, 8475172),
(2017020001, 8480158),
(2017020001, 8466139),
(2017020001, 8473618),
(2017020001, 8471218),
(2017020001, 8470834),
(2017020001, 8470828),
(2017020001, 8477429),
(2017020001, 8473412),
(2017020001, 8477448),
(2017020001, 8476469),
(2017020001, 8479339),
(2017020001, 8477504),
(2017020001, 8475179),
(2017020001, 8474574),
(2017020001, 8476885),
(2017020001, 8477940),
(2017020001, 8473574),
(2017020001, 8476460),
(2017020001, 8476392),
(2017020001, 8479293),
(2016020933, 8474709),
(2016020933, 8470619),
(2016020933, 8477939),
(2016020933, 8474037),
(2016020933, 8471436),
(2016020933, 8475786),
(2016020933, 8476853),
(2016020933, 8479318),
(2016020933, 8477015),
(2016020933, 8479458),
(2016020933, 8476289),
(2016020933, 8476410),
(2016020933, 8471392),
(2016020933, 8473463),
(2016020933, 8475098),
(2016020933, 8474581),
(2016020933, 8478483),
(2016020933, 8475172),
(2016020933, 8466138),
(2016020933, 8470613),
(2016020933, 8468542),
(2016020933, 8471709),
(2016020933, 8476919),
(2016020933, 8470794),
(2016020933, 8475834),
(2016020933, 8474027),
(2016020933, 8477922),
(2016020933, 8474230),
(2016020933, 8474053),
(2016020933, 8475455),
(2016020933, 8473673),
(2016020933, 8478099),
(2016020933, 8476881),
(2016020933, 8474571),
(2016020933, 8466139),
(2016020933, 8468208),
(2015021066, 8470626),
(2015021066, 8470638),
(2015021066, 8473419),
(2015021066, 8469619),
(2015021066, 8471717),
(2015021066, 8470740),
(2015021066, 8471276),
(2015021066, 8475727),
(2015021066, 8478569),
(2015021066, 8477956),
(2015021066, 8473492),
(2015021066, 8475157),
(2015021066, 8476792),
(2015021066, 8475792),
(2015021066, 8475292),
(2015021066, 8468639),
(2015021066, 8465009),
(2015021066, 8476191),
(2015021066, 8470616),
(2015021066, 8467423),
(2015021066, 8473465),
(2015021066, 8470886),
(2015021066, 8475764),
(2015021066, 8476116),
(2015021066, 8475204),
(2015021066, 8470612),
(2015021066, 8476854),
(2015021066, 8471699),
(2015021066, 8470621),
(2015021066, 8475155),
(2015021066, 8477941),
(2015021066, 8476312),
(2015021066, 8474102),
(2015021066, 8476483),
(2015021066, 8475164),
(2015021066, 8469598),
(2015020086, 8471339),
(2015020086, 8470619),
(2015020086, 8470640),
(2015020086, 8471873),
(2015020086, 8473588),
(2015020086, 8470047),
(2015020086, 8476975),
(2015020086, 8470601),
(2015020086, 8477205),
(2015020086, 8473986),
(2015020086, 8476453),
(2015020086, 8474870),
(2015020086, 8475167),
(2015020086, 8474520),
(2015020086, 8474564),
(2015020086, 8477494),
(2015020086, 8476292),
(2015020086, 8476480),
(2015020086, 8468700),
(2015020086, 8471707),
(2015020086, 8475218),
(2015020086, 8474569),
(2015020086, 8475868),
(2015020086, 8475714),
(2015020086, 8467371),
(2015020086, 8467370),
(2015020086, 8475225),
(2015020086, 8476887),
(2015020086, 8473658),
(2015020086, 8470642),
(2015020086, 8474600),
(2015020086, 8470180),
(2015020086, 8475268),
(2015020086, 8477495),
(2015020086, 8474570),
(2015020086, 8478042),
(2017020482, 8470619),
(2017020482, 8476923),
(2017020482, 8474625),
(2017020482, 8471233),
(2017020482, 8479407),
(2017020482, 8477425),
(2017020482, 8471226),
(2017020482, 8476207),
(2017020482, 8472382),
(2017020482, 8478401),
(2017020482, 8477355),
(2017020482, 8476399),
(2017020482, 8475222),
(2017020482, 8475186),
(2017020482, 8477463),
(2017020482, 8476474),
(2017020482, 8479250),
(2017020482, 8480002),
(2017020482, 8473507),
(2017020482, 8474818),
(2017020482, 8474038),
(2017020482, 8475848),
(2017020482, 8476948),
(2017020482, 8476479),
(2017020482, 8470642),
(2017020482, 8477901),
(2017020482, 8476476),
(2017020482, 8476851),
(2017020482, 8475278),
(2017020482, 8475235),
(2017020482, 8473673),
(2017020482, 8474157),
(2017020482, 8473991),
(2017020482, 8477494),
(2017020482, 8469521),
(2017020482, 8476381),
(2016021163, 8470602),
(2016021163, 8471768),
(2016021163, 8474739),
(2016021163, 8476879),
(2016021163, 8473544),
(2016021163, 8476419),
(2016021163, 8475913),
(2016021163, 8470358),
(2016021163, 8474884),
(2016021163, 8474697),
(2016021163, 8473537),
(2016021163, 8475227),
(2016021163, 8471676),
(2016021163, 8476288),
(2016021163, 8476279),
(2016021163, 8476368),
(2016021163, 8474068),
(2016021163, 8467967),
(2016021163, 8473618),
(2016021163, 8471218),
(2016021163, 8473412),
(2016021163, 8475815),
(2016021163, 8476469),
(2016021163, 8479339),
(2016021163, 8477940),
(2016021163, 8477464),
(2016021163, 8476392),
(2016021163, 8478031);

INSERT INTO Skater_Stats_In_Game (skstatsid, gameid, playerid) VALUES 
(0, 2016020045, 8468513),
(1, 2016020045, 8476906),
(2, 2016020045, 8474668),
(3, 2016020045, 8473512),
(4, 2016020045, 8471762),
(5, 2016020045, 8478439),
(6, 2016020045, 8479648),
(7, 2016020045, 8470159),
(8, 2016020045, 8478500),
(9, 2016020045, 8475430),
(10, 2016020045, 8477930),
(11, 2016020045, 8474161),
(12, 2016020045, 8476461),
(13, 2016020045, 8473584),
(14, 2016020045, 8476177),
(15, 2016020045, 8468309),
(16, 2016020045, 8477290),
(17, 2016020045, 8474190),
(18, 2016020045, 8466148),
(19, 2016020045, 8471769),
(20, 2016020045, 8477929),
(21, 2016020045, 8466285),
(22, 2016020045, 8470607),
(23, 2016020045, 8475209),
(24, 2016020045, 8473604),
(25, 2016020045, 8470281),
(26, 2016020045, 8474141),
(27, 2016020045, 8476994),
(28, 2016020045, 8477951),
(29, 2016020045, 8475323),
(30, 2016020045, 8473573),
(31, 2016020045, 8478055),
(32, 2016020045, 8478550),
(33, 2016020045, 8477353),
(34, 2016020045, 8479482),
(35, 2016020045, 8469547),
(36, 2017020812, 8470616),
(37, 2017020812, 8476806),
(38, 2017020812, 8475764),
(39, 2017020812, 8470612),
(40, 2017020812, 8477986),
(41, 2017020812, 8476854),
(42, 2017020812, 8471699),
(43, 2017020812, 8470621),
(44, 2017020812, 8474683),
(45, 2017020812, 8477941),
(46, 2017020812, 8476312),
(47, 2017020812, 8474641),
(48, 2017020812, 8476483),
(49, 2017020812, 8475780),
(50, 2017020812, 8475164),
(51, 2017020812, 8473560),
(52, 2017020812, 8469598),
(53, 2017020812, 8478131),
(54, 2017020812, 8469506),
(55, 2017020812, 8474618),
(56, 2017020812, 8471678),
(57, 2017020812, 8475325),
(58, 2017020812, 8476931),
(59, 2017020812, 8473449),
(60, 2017020812, 8477933),
(61, 2017020812, 8476878),
(62, 2017020812, 8477499),
(63, 2017020812, 8478403),
(64, 2017020812, 8475169),
(65, 2017020812, 8475158),
(66, 2017020812, 8473992),
(67, 2017020812, 8479268),
(68, 2017020812, 8475185),
(69, 2017020812, 8478542),
(70, 2017020812, 8476293),
(71, 2017020812, 8476470),
(72, 2015020314, 8467400),
(73, 2015020314, 8462042),
(74, 2015020314, 8473446),
(75, 2015020314, 8477902),
(76, 2015020314, 8475759),
(77, 2015020314, 8471657),
(78, 2015020314, 8474207),
(79, 2015020314, 8474743),
(80, 2015020314, 8476888),
(81, 2015020314, 8471260),
(82, 2015020314, 8475168),
(83, 2015020314, 8476455),
(84, 2015020314, 8471681),
(85, 2015020314, 8478561),
(86, 2015020314, 8475197),
(87, 2015020314, 8475780),
(88, 2015020314, 8471262),
(89, 2015020314, 8477492),
(90, 2015020314, 8473618),
(91, 2015020314, 8471218),
(92, 2015020314, 8470614),
(93, 2015020314, 8470834),
(94, 2015020314, 8470828),
(95, 2015020314, 8477429),
(96, 2015020314, 8473412),
(97, 2015020314, 8471217),
(98, 2015020314, 8475788),
(99, 2015020314, 8471226),
(100, 2015020314, 8474574),
(101, 2015020314, 8476885),
(102, 2015020314, 8477940),
(103, 2015020314, 8476460),
(104, 2015020314, 8471385),
(105, 2015020314, 8476392),
(106, 2015020314, 8474061),
(107, 2015020314, 8469501),
(108, 2015020849, 8473618),
(109, 2015020849, 8471218),
(110, 2015020849, 8470834),
(111, 2015020849, 8470828),
(112, 2015020849, 8477429),
(113, 2015020849, 8473412),
(114, 2015020849, 8471217),
(115, 2015020849, 8476469),
(116, 2015020849, 8475788),
(117, 2015020849, 8471226),
(118, 2015020849, 8474574),
(119, 2015020849, 8475279),
(120, 2015020849, 8476885),
(121, 2015020849, 8477940),
(122, 2015020849, 8476460),
(123, 2015020849, 8471385),
(124, 2015020849, 8476392),
(125, 2015020849, 8469501),
(126, 2015020849, 8469508),
(127, 2015020849, 8475807),
(128, 2015020849, 8473533),
(129, 2015020849, 8476858),
(130, 2015020849, 8468493),
(131, 2015020849, 8476958),
(132, 2015020849, 8470595),
(133, 2015020849, 8471346),
(134, 2015020849, 8476437),
(135, 2015020849, 8477488),
(136, 2015020849, 8474661),
(137, 2015020849, 8474052),
(138, 2015020849, 8475784),
(139, 2015020849, 8474062),
(140, 2015020849, 8475250),
(141, 2015020849, 8478396),
(142, 2015020849, 8477496),
(143, 2015020849, 8468639),
(144, 2017020586, 8470966),
(145, 2017020586, 8474628),
(146, 2017020586, 8474749),
(147, 2017020586, 8475907),
(148, 2017020586, 8477903),
(149, 2017020586, 8477935),
(150, 2017020586, 8477508),
(151, 2017020586, 8471426),
(152, 2017020586, 8474612),
(153, 2017020586, 8474673),
(154, 2017020586, 8476873),
(155, 2017020586, 8474150),
(156, 2017020586, 8476346),
(157, 2017020586, 8479314),
(158, 2017020586, 8477497),
(159, 2017020586, 8476462),
(160, 2017020586, 8470162),
(161, 2017020586, 8448208),
(162, 2017020586, 8470616),
(163, 2017020586, 8468535),
(164, 2017020586, 8467400),
(165, 2017020586, 8475764),
(166, 2017020586, 8470612),
(167, 2017020586, 8477986),
(168, 2017020586, 8476854),
(169, 2017020586, 8471699),
(170, 2017020586, 8476971),
(171, 2017020586, 8477941),
(172, 2017020586, 8476312),
(173, 2017020586, 8476400),
(174, 2017020586, 8474641),
(175, 2017020586, 8476483),
(176, 2017020586, 8475780),
(177, 2017020586, 8475164),
(178, 2017020586, 8469598),
(179, 2017020586, 8478131),
(180, 2016020610, 8471702),
(181, 2016020610, 8468498),
(182, 2016020610, 8471476),
(183, 2016020610, 8475149),
(184, 2016020610, 8471214),
(185, 2016020610, 8475744),
(186, 2016020610, 8477444),
(187, 2016020610, 8475200),
(188, 2016020610, 8473563),
(189, 2016020610, 8474590),
(190, 2016020610, 8477220),
(191, 2016020610, 8474189),
(192, 2016020610, 8473991),
(193, 2016020610, 8476880),
(194, 2016020610, 8475792),
(195, 2016020610, 8468508),
(196, 2016020610, 8474291),
(197, 2016020610, 8477070),
(198, 2016020610, 8473507),
(199, 2016020610, 8474717),
(200, 2016020610, 8476808),
(201, 2016020610, 8476769),
(202, 2016020610, 8477957),
(203, 2016020610, 8474038),
(204, 2016020610, 8476479),
(205, 2016020610, 8471338),
(206, 2016020610, 8471228),
(207, 2016020610, 8470642),
(208, 2016020610, 8477476),
(209, 2016020610, 8477446),
(210, 2016020610, 8477413),
(211, 2016020610, 8478963),
(212, 2016020610, 8474157),
(213, 2016020610, 8471296),
(214, 2016020610, 8469521),
(215, 2016020610, 8476470),
(216, 2015020606, 8470602),
(217, 2015020606, 8470207),
(218, 2015020606, 8469707),
(219, 2015020606, 8471476),
(220, 2015020606, 8474037),
(221, 2015020606, 8475716),
(222, 2015020606, 8471436),
(223, 2015020606, 8476853),
(224, 2015020606, 8473546),
(225, 2015020606, 8471392),
(226, 2015020606, 8473574),
(227, 2015020606, 8473463),
(228, 2015020606, 8475098),
(229, 2015020606, 8474581),
(230, 2015020606, 8475180),
(231, 2015020606, 8476062),
(232, 2015020606, 8475172),
(233, 2015020606, 8468504),
(234, 2015020606, 8470604),
(235, 2015020606, 8470606),
(236, 2015020606, 8471685),
(237, 2015020606, 8468483),
(238, 2015020606, 8475726),
(239, 2015020606, 8475325),
(240, 2015020606, 8474568),
(241, 2015020606, 8475188),
(242, 2015020606, 8476871),
(243, 2015020606, 8474162),
(244, 2015020606, 8474563),
(245, 2015020606, 8473453),
(246, 2015020606, 8473473),
(247, 2015020606, 8474166),
(248, 2015020606, 8476352),
(249, 2015020606, 8474100),
(250, 2015020606, 8469555),
(251, 2015020606, 8467329),
(252, 2017020240, 8467876),
(253, 2017020240, 8467875),
(254, 2017020240, 8473432),
(255, 2017020240, 8477937),
(256, 2017020240, 8477018),
(257, 2017020240, 8470598),
(258, 2017020240, 8473415),
(259, 2017020240, 8471303),
(260, 2017020240, 8476867),
(261, 2017020240, 8474584),
(262, 2017020240, 8478444),
(263, 2017020240, 8476884),
(264, 2017020240, 8476466),
(265, 2017020240, 8477500),
(266, 2017020240, 8474040),
(267, 2017020240, 8475790),
(268, 2017020240, 8476440),
(269, 2017020240, 8474091),
(270, 2017020240, 8468535),
(271, 2017020240, 8467400),
(272, 2017020240, 8477929),
(273, 2017020240, 8477986),
(274, 2017020240, 8476854),
(275, 2017020240, 8471699),
(276, 2017020240, 8470621),
(277, 2017020240, 8474683),
(278, 2017020240, 8475222),
(279, 2017020240, 8476971),
(280, 2017020240, 8477941),
(281, 2017020240, 8476312),
(282, 2017020240, 8476400),
(283, 2017020240, 8476483),
(284, 2017020240, 8475780),
(285, 2017020240, 8475164),
(286, 2017020240, 8469598),
(287, 2017020240, 8479290),
(288, 2017020624, 8477947),
(289, 2017020624, 8478906),
(290, 2017020624, 8473422),
(291, 2017020624, 8476449),
(292, 2017020624, 8471677),
(293, 2017020624, 8477416),
(294, 2017020624, 8476310),
(295, 2017020624, 8476981),
(296, 2017020624, 8476432),
(297, 2017020624, 8475233),
(298, 2017020624, 8474685),
(299, 2017020624, 8475147),
(300, 2017020624, 8477495),
(301, 2017020624, 8478550),
(302, 2017020624, 8479400),
(303, 2017020624, 8478541),
(304, 2017020624, 8477353),
(305, 2017020624, 8478460),
(306, 2017020624, 8474717),
(307, 2017020624, 8473446),
(308, 2017020624, 8477507),
(309, 2017020624, 8474569),
(310, 2017020624, 8475747),
(311, 2017020624, 8476855),
(312, 2017020624, 8476442),
(313, 2017020624, 8471260),
(314, 2017020624, 8476455),
(315, 2017020624, 8475268),
(316, 2017020624, 8477021),
(317, 2017020624, 8478421),
(318, 2017020624, 8471262),
(319, 2017020624, 8479398),
(320, 2017020624, 8478420),
(321, 2017020624, 8478073),
(322, 2017020624, 8477492),
(323, 2017020624, 8479370),
(324, 2015020346, 8468611),
(325, 2015020346, 8473914),
(326, 2015020346, 8471816),
(327, 2015020346, 8474602),
(328, 2015020346, 8473962),
(329, 2015020346, 8471232),
(330, 2015020346, 8475869),
(331, 2015020346, 8476915),
(332, 2015020346, 8476336),
(333, 2015020346, 8471678),
(334, 2015020346, 8477934),
(335, 2015020346, 8477498),
(336, 2015020346, 8476454),
(337, 2015020346, 8474586),
(338, 2015020346, 8476472),
(339, 2015020346, 8475791),
(340, 2015020346, 8471284),
(341, 2015020346, 8475165),
(342, 2015020346, 8471724),
(343, 2015020346, 8467452),
(344, 2015020346, 8466393),
(345, 2015020346, 8475208),
(346, 2015020346, 8471675),
(347, 2015020346, 8478928),
(348, 2015020346, 8470611),
(349, 2015020346, 8471887),
(350, 2015020346, 8473933),
(351, 2015020346, 8473548),
(352, 2015020346, 8474009),
(353, 2015020346, 8470543),
(354, 2015020346, 8471215),
(355, 2015020346, 8476431),
(356, 2015020346, 8475761),
(357, 2015020346, 8474102),
(358, 2015020346, 8474013),
(359, 2015020346, 8464989),
(360, 2017020221, 8468611),
(361, 2017020221, 8471218),
(362, 2017020221, 8470834),
(363, 2017020221, 8470828),
(364, 2017020221, 8477429),
(365, 2017020221, 8473412),
(366, 2017020221, 8476469),
(367, 2017020221, 8479339),
(368, 2017020221, 8477504),
(369, 2017020221, 8475179),
(370, 2017020221, 8474574),
(371, 2017020221, 8476885),
(372, 2017020221, 8477940),
(373, 2017020221, 8473574),
(374, 2017020221, 8476460),
(375, 2017020221, 8478398),
(376, 2017020221, 8476392),
(377, 2017020221, 8479293),
(378, 2017020221, 8474849),
(379, 2017020221, 8475906),
(380, 2017020221, 8476913),
(381, 2017020221, 8476902),
(382, 2017020221, 8473994),
(383, 2017020221, 8470760),
(384, 2017020221, 8471228),
(385, 2017020221, 8477406),
(386, 2017020221, 8474688),
(387, 2017020221, 8476966),
(388, 2017020221, 8475794),
(389, 2017020221, 8476467),
(390, 2017020221, 8475730),
(391, 2017020221, 8477450),
(392, 2017020221, 8477461),
(393, 2017020221, 8471691),
(394, 2017020221, 8469465),
(395, 2017020221, 8469455),
(396, 2016020298, 8476917),
(397, 2016020298, 8466251),
(398, 2016020298, 8470187),
(399, 2016020298, 8476409),
(400, 2016020298, 8471217),
(401, 2016020298, 8476458),
(402, 2016020298, 8475314),
(403, 2016020298, 8475754),
(404, 2016020298, 8474612),
(405, 2016020298, 8473579),
(406, 2016020298, 8475177),
(407, 2016020298, 8475166),
(408, 2016020298, 8474573),
(409, 2016020298, 8478463),
(410, 2016020298, 8476386),
(411, 2016020298, 8474066),
(412, 2016020298, 8475231),
(413, 2016020298, 8475181),
(414, 2016020298, 8470604),
(415, 2016020298, 8470606),
(416, 2016020298, 8471685),
(417, 2016020298, 8476406),
(418, 2016020298, 8475857),
(419, 2016020298, 8470121),
(420, 2016020298, 8475726),
(421, 2016020298, 8475325),
(422, 2016020298, 8476871),
(423, 2016020298, 8475343),
(424, 2016020298, 8474162),
(425, 2016020298, 8474563),
(426, 2016020298, 8475762),
(427, 2016020298, 8473453),
(428, 2016020298, 8471682),
(429, 2016020298, 8474166),
(430, 2016020298, 8474100),
(431, 2016020298, 8475160),
(432, 2017020731, 8476917),
(433, 2017020731, 8477506),
(434, 2017020731, 8466251),
(435, 2017020731, 8476429),
(436, 2017020731, 8476409),
(437, 2017020731, 8473504),
(438, 2017020731, 8475314),
(439, 2017020731, 8475754),
(440, 2017020731, 8477527),
(441, 2017020731, 8478445),
(442, 2017020731, 8475166),
(443, 2017020731, 8474573),
(444, 2017020731, 8479206),
(445, 2017020731, 8474586),
(446, 2017020731, 8478463),
(447, 2017020731, 8474066),
(448, 2017020731, 8475181),
(449, 2017020731, 8480222),
(450, 2017020731, 8471769),
(451, 2017020731, 8474613),
(452, 2017020731, 8475209),
(453, 2017020731, 8474736),
(454, 2017020731, 8477943),
(455, 2017020731, 8477503),
(456, 2017020731, 8470755),
(457, 2017020731, 8477989),
(458, 2017020731, 8476921),
(459, 2017020731, 8474218),
(460, 2017020731, 8474568),
(461, 2017020731, 8476356),
(462, 2017020731, 8471274),
(463, 2017020731, 8479345),
(464, 2017020731, 8478432),
(465, 2017020731, 8479343),
(466, 2017020731, 8475171),
(467, 2017020731, 8476393),
(468, 2016020205, 8471218),
(469, 2016020205, 8470834),
(470, 2016020205, 8470828),
(471, 2016020205, 8477429),
(472, 2016020205, 8477448),
(473, 2016020205, 8479339),
(474, 2016020205, 8475788),
(475, 2016020205, 8477504),
(476, 2016020205, 8474074),
(477, 2016020205, 8474574),
(478, 2016020205, 8475279),
(479, 2016020205, 8477940),
(480, 2016020205, 8476460),
(481, 2016020205, 8477464),
(482, 2016020205, 8478398),
(483, 2016020205, 8476392),
(484, 2016020205, 8469501),
(485, 2016020205, 8479293),
(486, 2016020205, 8477407),
(487, 2016020205, 8473466),
(488, 2016020205, 8468085),
(489, 2016020205, 8473465),
(490, 2016020205, 8477503),
(491, 2016020205, 8470755),
(492, 2016020205, 8477989),
(493, 2016020205, 8476921),
(494, 2016020205, 8474568),
(495, 2016020205, 8477950),
(496, 2016020205, 8476356),
(497, 2016020205, 8471274),
(498, 2016020205, 8478474),
(499, 2016020205, 8479345),
(500, 2016020205, 8476473),
(501, 2016020205, 8475171),
(502, 2016020205, 8477460),
(503, 2016020205, 8462038),
(504, 2016020246, 8471218),
(505, 2016020246, 8470834),
(506, 2016020246, 8470828),
(507, 2016020246, 8477429),
(508, 2016020246, 8475769),
(509, 2016020246, 8477448),
(510, 2016020246, 8479339),
(511, 2016020246, 8475788),
(512, 2016020246, 8477504),
(513, 2016020246, 8474074),
(514, 2016020246, 8475279),
(515, 2016020246, 8476885),
(516, 2016020246, 8477940),
(517, 2016020246, 8476460),
(518, 2016020246, 8477464),
(519, 2016020246, 8476392),
(520, 2016020246, 8469501),
(521, 2016020246, 8479293),
(522, 2016020246, 8474668),
(523, 2016020246, 8473512),
(524, 2016020246, 8471762),
(525, 2016020246, 8478439),
(526, 2016020246, 8478500),
(527, 2016020246, 8475430),
(528, 2016020246, 8474584),
(529, 2016020246, 8477930),
(530, 2016020246, 8474161),
(531, 2016020246, 8476461),
(532, 2016020246, 8473584),
(533, 2016020246, 8475462),
(534, 2016020246, 8476177),
(535, 2016020246, 8475170),
(536, 2016020246, 8476393),
(537, 2016020246, 8468309),
(538, 2016020246, 8477290),
(539, 2016020246, 8474190),
(540, 2016020107, 8466148),
(541, 2016020107, 8471769),
(542, 2016020107, 8465058),
(543, 2016020107, 8477929),
(544, 2016020107, 8466285),
(545, 2016020107, 8470607),
(546, 2016020107, 8475209),
(547, 2016020107, 8473604),
(548, 2016020107, 8470281),
(549, 2016020107, 8474141),
(550, 2016020107, 8477951),
(551, 2016020107, 8475323),
(552, 2016020107, 8477451),
(553, 2016020107, 8473573),
(554, 2016020107, 8478550),
(555, 2016020107, 8477353),
(556, 2016020107, 8479482),
(557, 2016020107, 8469547),
(558, 2016020107, 8469759),
(559, 2016020107, 8470724),
(560, 2016020107, 8469707),
(561, 2016020107, 8476923),
(562, 2016020107, 8475758),
(563, 2016020107, 8471233),
(564, 2016020107, 8473933),
(565, 2016020107, 8472382),
(566, 2016020107, 8478401),
(567, 2016020107, 8478566),
(568, 2016020107, 8475761),
(569, 2016020107, 8474641),
(570, 2016020107, 8475151),
(571, 2016020107, 8475186),
(572, 2016020107, 8475791),
(573, 2016020107, 8479483),
(574, 2016020107, 8479250),
(575, 2016020107, 8469500),
(576, 2016021020, 8474602),
(577, 2016021020, 8475208),
(578, 2016021020, 8471675),
(579, 2016021020, 8477839),
(580, 2016021020, 8468493),
(581, 2016021020, 8476897),
(582, 2016021020, 8477404),
(583, 2016021020, 8476326),
(584, 2016021020, 8473548),
(585, 2016021020, 8474009),
(586, 2016021020, 8470543),
(587, 2016021020, 8475832),
(588, 2016021020, 8471215),
(589, 2016021020, 8474013),
(590, 2016021020, 8477244),
(591, 2016021020, 8476293),
(592, 2016021020, 8477240),
(593, 2016021020, 8468309),
(594, 2016021020, 8470966),
(595, 2016021020, 8474749),
(596, 2016021020, 8468674),
(597, 2016021020, 8475907),
(598, 2016021020, 8477935),
(599, 2016021020, 8473564),
(600, 2016021020, 8474642),
(601, 2016021020, 8471426),
(602, 2016021020, 8471346),
(603, 2016021020, 8474673),
(604, 2016021020, 8474150),
(605, 2016021020, 8476346),
(606, 2016021020, 8479314),
(607, 2016021020, 8475163),
(608, 2016021020, 8469770),
(609, 2016021020, 8477497),
(610, 2016021020, 8476462),
(611, 2016021020, 8470162),
(612, 2017020986, 8471958),
(613, 2017020986, 8471339),
(614, 2017020986, 8478519),
(615, 2017020986, 8471873),
(616, 2017020986, 8476826),
(617, 2017020986, 8476468),
(618, 2017020986, 8476975),
(619, 2017020986, 8470601),
(620, 2017020986, 8477205),
(621, 2017020986, 8470543),
(622, 2017020986, 8473986),
(623, 2017020986, 8474870),
(624, 2017020986, 8477454),
(625, 2017020986, 8475167),
(626, 2017020986, 8474564),
(627, 2017020986, 8479410),
(628, 2017020986, 8478010),
(629, 2017020986, 8476195),
(630, 2017020986, 8474849),
(631, 2017020986, 8475906),
(632, 2017020986, 8476439),
(633, 2017020986, 8476913),
(634, 2017020986, 8476902),
(635, 2017020986, 8473994),
(636, 2017020986, 8470760),
(637, 2017020986, 8471228),
(638, 2017020986, 8477406),
(639, 2017020986, 8474688),
(640, 2017020986, 8476889),
(641, 2017020986, 8475794),
(642, 2017020986, 8475752),
(643, 2017020986, 8475730),
(644, 2017020986, 8477450),
(645, 2017020986, 8477461),
(646, 2017020986, 8469465),
(647, 2017020986, 8469455),
(648, 2017021124, 8471729),
(649, 2017021124, 8476857),
(650, 2017021124, 8476915),
(651, 2017021124, 8476457),
(652, 2017021124, 8476336),
(653, 2017021124, 8477415),
(654, 2017021124, 8476458),
(655, 2017021124, 8477934),
(656, 2017021124, 8476427),
(657, 2017021124, 8476988),
(658, 2017021124, 8477498),
(659, 2017021124, 8476454),
(660, 2017021124, 8478402),
(661, 2017021124, 8479465),
(662, 2017021124, 8479344),
(663, 2017021124, 8478451),
(664, 2017021124, 8473473),
(665, 2017021124, 8479483),
(666, 2017021124, 8476934),
(667, 2017021124, 8473533),
(668, 2017021124, 8470740),
(669, 2017021124, 8476858),
(670, 2017021124, 8477938),
(671, 2017021124, 8476958),
(672, 2017021124, 8478427),
(673, 2017021124, 8475753),
(674, 2017021124, 8476403),
(675, 2017021124, 8477458),
(676, 2017021124, 8476437),
(677, 2017021124, 8477845),
(678, 2017021124, 8477488),
(679, 2017021124, 8476882),
(680, 2017021124, 8475784),
(681, 2017021124, 8478585),
(682, 2017021124, 8477496),
(683, 2017021124, 8468508),
(684, 2015020981, 8471724),
(685, 2015020981, 8474602),
(686, 2015020981, 8475208),
(687, 2015020981, 8471675),
(688, 2015020981, 8470110),
(689, 2015020981, 8477839),
(690, 2015020981, 8473542),
(691, 2015020981, 8471887),
(692, 2015020981, 8473548),
(693, 2015020981, 8474009),
(694, 2015020981, 8470543),
(695, 2015020981, 8475810),
(696, 2015020981, 8475832),
(697, 2015020981, 8471215),
(698, 2015020981, 8476874),
(699, 2015020981, 8474013),
(700, 2015020981, 8464989),
(701, 2015020981, 8476293),
(702, 2015020981, 8476769),
(703, 2015020981, 8476923),
(704, 2015020981, 8471311),
(705, 2015020981, 8475758),
(706, 2015020981, 8472410),
(707, 2015020981, 8471233),
(708, 2015020981, 8476457),
(709, 2015020981, 8472382),
(710, 2015020981, 8478566),
(711, 2015020981, 8475750),
(712, 2015020981, 8476423),
(713, 2015020981, 8474641),
(714, 2015020981, 8473673),
(715, 2015020981, 8475151),
(716, 2015020981, 8477010),
(717, 2015020981, 8475186),
(718, 2015020981, 8469462),
(719, 2015020981, 8469547),
(720, 2017020146, 8476917),
(721, 2017020146, 8466251),
(722, 2017020146, 8476429),
(723, 2017020146, 8470187),
(724, 2017020146, 8473504),
(725, 2017020146, 8471217),
(726, 2017020146, 8475314),
(727, 2017020146, 8475754),
(728, 2017020146, 8473579),
(729, 2017020146, 8478445),
(730, 2017020146, 8475177),
(731, 2017020146, 8475166),
(732, 2017020146, 8474573),
(733, 2017020146, 8474586),
(734, 2017020146, 8478463),
(735, 2017020146, 8474066),
(736, 2017020146, 8475231),
(737, 2017020146, 8475181),
(738, 2017020146, 8470724),
(739, 2017020146, 8474716),
(740, 2017020146, 8476619),
(741, 2017020146, 8471476),
(742, 2017020146, 8470595),
(743, 2017020146, 8470600),
(744, 2017020146, 8475798),
(745, 2017020146, 8475722),
(746, 2017020146, 8474589),
(747, 2017020146, 8476856),
(748, 2017020146, 8479316),
(749, 2017020146, 8476422),
(750, 2017020146, 8473485),
(751, 2017020146, 8475220),
(752, 2017020146, 8476463),
(753, 2017020146, 8464989),
(754, 2017020146, 8478493),
(755, 2017020146, 8469459),
(756, 2016020716, 8468486),
(757, 2016020716, 8473422),
(758, 2016020716, 8474715),
(759, 2016020716, 8474774),
(760, 2016020716, 8477505),
(761, 2016020716, 8476448),
(762, 2016020716, 8471677),
(763, 2016020716, 8476438),
(764, 2016020716, 8476449),
(765, 2016020716, 8476981),
(766, 2016020716, 8476310),
(767, 2016020716, 8476850),
(768, 2016020716, 8476432),
(769, 2016020716, 8474685),
(770, 2016020716, 8474040),
(771, 2016020716, 8477495),
(772, 2016020716, 8471273),
(773, 2016020716, 8478460),
(774, 2016020716, 8469619),
(775, 2016020716, 8476917),
(776, 2016020716, 8466251),
(777, 2016020716, 8472410),
(778, 2016020716, 8470187),
(779, 2016020716, 8476409),
(780, 2016020716, 8473504),
(781, 2016020716, 8471217),
(782, 2016020716, 8476458),
(783, 2016020716, 8475754),
(784, 2016020716, 8473579),
(785, 2016020716, 8475177),
(786, 2016020716, 8475166),
(787, 2016020716, 8474573),
(788, 2016020716, 8476386),
(789, 2016020716, 8474066),
(790, 2016020716, 8475231),
(791, 2016020716, 8475181),
(792, 2017020001, 8474709),
(793, 2017020001, 8477939),
(794, 2017020001, 8468493),
(795, 2017020001, 8474037),
(796, 2017020001, 8476941),
(797, 2017020001, 8475786),
(798, 2017020001, 8470611),
(799, 2017020001, 8476853),
(800, 2017020001, 8479318),
(801, 2017020001, 8479458),
(802, 2017020001, 8477015),
(803, 2017020001, 8473463),
(804, 2017020001, 8475098),
(805, 2017020001, 8474581),
(806, 2017020001, 8478483),
(807, 2017020001, 8475172),
(808, 2017020001, 8480158),
(809, 2017020001, 8466139),
(810, 2017020001, 8473618),
(811, 2017020001, 8471218),
(812, 2017020001, 8470834),
(813, 2017020001, 8470828),
(814, 2017020001, 8477429),
(815, 2017020001, 8473412),
(816, 2017020001, 8477448),
(817, 2017020001, 8476469),
(818, 2017020001, 8479339),
(819, 2017020001, 8477504),
(820, 2017020001, 8475179),
(821, 2017020001, 8474574),
(822, 2017020001, 8476885),
(823, 2017020001, 8477940),
(824, 2017020001, 8473574),
(825, 2017020001, 8476460),
(826, 2017020001, 8476392),
(827, 2017020001, 8479293),
(828, 2016020933, 8474709),
(829, 2016020933, 8470619),
(830, 2016020933, 8477939),
(831, 2016020933, 8474037),
(832, 2016020933, 8471436),
(833, 2016020933, 8475786),
(834, 2016020933, 8476853),
(835, 2016020933, 8479318),
(836, 2016020933, 8477015),
(837, 2016020933, 8479458),
(838, 2016020933, 8476289),
(839, 2016020933, 8476410),
(840, 2016020933, 8471392),
(841, 2016020933, 8473463),
(842, 2016020933, 8475098),
(843, 2016020933, 8474581),
(844, 2016020933, 8478483),
(845, 2016020933, 8475172),
(846, 2016020933, 8466138),
(847, 2016020933, 8470613),
(848, 2016020933, 8468542),
(849, 2016020933, 8471709),
(850, 2016020933, 8476919),
(851, 2016020933, 8470794),
(852, 2016020933, 8475834),
(853, 2016020933, 8474027),
(854, 2016020933, 8477922),
(855, 2016020933, 8474230),
(856, 2016020933, 8474053),
(857, 2016020933, 8475455),
(858, 2016020933, 8473673),
(859, 2016020933, 8478099),
(860, 2016020933, 8476881),
(861, 2016020933, 8474571),
(862, 2016020933, 8466139),
(863, 2016020933, 8468208),
(864, 2015021066, 8470626),
(865, 2015021066, 8470638),
(866, 2015021066, 8473419),
(867, 2015021066, 8469619),
(868, 2015021066, 8471717),
(869, 2015021066, 8470740),
(870, 2015021066, 8471276),
(871, 2015021066, 8475727),
(872, 2015021066, 8478569),
(873, 2015021066, 8477956),
(874, 2015021066, 8473492),
(875, 2015021066, 8475157),
(876, 2015021066, 8476792),
(877, 2015021066, 8475792),
(878, 2015021066, 8475292),
(879, 2015021066, 8468639),
(880, 2015021066, 8465009),
(881, 2015021066, 8476191),
(882, 2015021066, 8470616),
(883, 2015021066, 8467423),
(884, 2015021066, 8473465),
(885, 2015021066, 8470886),
(886, 2015021066, 8475764),
(887, 2015021066, 8476116),
(888, 2015021066, 8475204),
(889, 2015021066, 8470612),
(890, 2015021066, 8476854),
(891, 2015021066, 8471699),
(892, 2015021066, 8470621),
(893, 2015021066, 8475155),
(894, 2015021066, 8477941),
(895, 2015021066, 8476312),
(896, 2015021066, 8474102),
(897, 2015021066, 8476483),
(898, 2015021066, 8475164),
(899, 2015021066, 8469598),
(900, 2015020086, 8471339),
(901, 2015020086, 8470619),
(902, 2015020086, 8470640),
(903, 2015020086, 8471873),
(904, 2015020086, 8473588),
(905, 2015020086, 8470047),
(906, 2015020086, 8476975),
(907, 2015020086, 8470601),
(908, 2015020086, 8477205),
(909, 2015020086, 8473986),
(910, 2015020086, 8476453),
(911, 2015020086, 8474870),
(912, 2015020086, 8475167),
(913, 2015020086, 8474520),
(914, 2015020086, 8474564),
(915, 2015020086, 8477494),
(916, 2015020086, 8476292),
(917, 2015020086, 8476480),
(918, 2015020086, 8468700),
(919, 2015020086, 8471707),
(920, 2015020086, 8475218),
(921, 2015020086, 8474569),
(922, 2015020086, 8475868),
(923, 2015020086, 8475714),
(924, 2015020086, 8467371),
(925, 2015020086, 8467370),
(926, 2015020086, 8475225),
(927, 2015020086, 8476887),
(928, 2015020086, 8473658),
(929, 2015020086, 8470642),
(930, 2015020086, 8474600),
(931, 2015020086, 8470180),
(932, 2015020086, 8475268),
(933, 2015020086, 8477495),
(934, 2015020086, 8474570),
(935, 2015020086, 8478042),
(936, 2017020482, 8470619),
(937, 2017020482, 8476923),
(938, 2017020482, 8474625),
(939, 2017020482, 8471233),
(940, 2017020482, 8479407),
(941, 2017020482, 8477425),
(942, 2017020482, 8471226),
(943, 2017020482, 8476207),
(944, 2017020482, 8472382),
(945, 2017020482, 8478401),
(946, 2017020482, 8477355),
(947, 2017020482, 8476399),
(948, 2017020482, 8475222),
(949, 2017020482, 8475186),
(950, 2017020482, 8477463),
(951, 2017020482, 8476474),
(952, 2017020482, 8479250),
(953, 2017020482, 8480002),
(954, 2017020482, 8473507),
(955, 2017020482, 8474818),
(956, 2017020482, 8474038),
(957, 2017020482, 8475848),
(958, 2017020482, 8476948),
(959, 2017020482, 8476479),
(960, 2017020482, 8470642),
(961, 2017020482, 8477901),
(962, 2017020482, 8476476),
(963, 2017020482, 8476851),
(964, 2017020482, 8475278),
(965, 2017020482, 8475235),
(966, 2017020482, 8473673),
(967, 2017020482, 8474157),
(968, 2017020482, 8473991),
(969, 2017020482, 8477494),
(970, 2017020482, 8469521),
(971, 2017020482, 8476381),
(972, 2016021163, 8470602),
(973, 2016021163, 8471768),
(974, 2016021163, 8474739),
(975, 2016021163, 8476879),
(976, 2016021163, 8473544),
(977, 2016021163, 8476419),
(978, 2016021163, 8475913),
(979, 2016021163, 8470358),
(980, 2016021163, 8474884),
(981, 2016021163, 8474697),
(982, 2016021163, 8473537),
(983, 2016021163, 8475227),
(984, 2016021163, 8471676),
(985, 2016021163, 8476288),
(986, 2016021163, 8476279),
(987, 2016021163, 8476368),
(988, 2016021163, 8474068),
(989, 2016021163, 8467967),
(990, 2016021163, 8473618),
(991, 2016021163, 8471218),
(992, 2016021163, 8473412),
(993, 2016021163, 8475815),
(994, 2016021163, 8476469),
(995, 2016021163, 8479339),
(996, 2016021163, 8477940),
(997, 2016021163, 8477464),
(998, 2016021163, 8476392),
(999, 2016021163, 8478031);

INSERT INTO Team (teamid, name, location) VALUES 
(1, 'New Jersey Devils', 'New Jersey'),
(2, 'New York Islanders', 'New York'),
(3, 'New York Rangers', 'New York'),
(4, 'Philadelphia Flyers', 'Philadelphia'),
(5, 'Pittsburgh Penguins', 'Pittsburgh'),
(6, 'Boston Bruins', 'Boston'),
(7, 'Buffalo Sabres', 'Buffalo'),
(8, 'Montreal Canadiens', 'Montreal'),
(9, 'Ottawa Senators', 'Ottawa'),
(10, 'Toronto Maple Leafs', 'Toronto'),
(12, 'Carolina Hurricanes', 'Carolina'),
(13, 'Florida Panthers', 'Florida'),
(14, 'Tampa Bay Lightning', 'Tampa'),
(15, 'Washington Capitals', 'Washington'),
(16, 'Chicago Blackhawks', 'Chicago'),
(17, 'Detroit Red Wings', 'Detroit'),
(18, 'Nashville Predators', 'Nashville'),
(19, 'St. Louis Blues', 'St. Louis'),
(20, 'Calgary Flames', 'Calgary'),
(21, 'Colorado Avalanche', 'Colorado'),
(22, 'Edmonton Oilers', 'Edmonton'),
(23, 'Vancouver Canucks', 'Vancouver'),
(24, 'Anaheim Ducks', 'Anaheim'),
(25, 'Dallas Stars', 'Dallas'),
(26, 'Los Angeles Kings', 'Los Angeles'),
(28, 'San Jose Sharks', 'San Jose'),
(29, 'Columbus Blue Jackets', 'Columbus'),
(30, 'Minnesota Wild', 'Minnesota'),
(52, 'Winnipeg Jets', 'Winnipeg'),
(53, 'Utah Hockey Club', 'Utah'),
(54, 'Vegas Golden Knights', 'Vegas'),
(55, 'Seattle Kraken', 'Seattle');

INSERT INTO Venue (venueid, city, state, capacity, name) VALUES 
(1, 'Newark', 'NJ', 16514, 'Prudential Center'),
(2, 'Elmont', 'NY', 17255, 'UBS Arena'),
(3, 'New York', 'NY', 18006, 'Madison Square Garden'),
(4, 'Philadelphia', 'PA', 19538, 'Wells Fargo Center'),
(5, 'Pittsburgh', 'PA', 16940, 'PPG Paints Arena'),
(6, 'Boston', 'MA', 17565, 'TD Garden'),
(7, 'Buffalo', 'NY', 19070, 'KeyBank Center'),
(8, 'Montreal', 'QC', 21205, 'Bell Centre'),
(9, 'Ottawa', 'ON', 19347, 'Canadian Tire Centre'),
(10, 'Toronto', 'ON', 18800, 'Scotiabank Arena'),
(12, 'Raleigh', 'NC', 18700, 'PNC Arena'),
(13, 'Sunrise', 'FL', 19250, 'Amerant Bank Arena'),
(14, 'Tampa', 'FL', 19092, 'AMALIE Arena'),
(15, 'Washington', 'DC', 18573, 'Capital One Arena'),
(16, 'Chicago', 'IL', 19717, 'United Center'),
(17, 'Detroit', 'MI', 19515, 'Little Caesars Arena'),
(18, 'Nashville', 'TN', 17159, 'Bridgestone Arena'),
(19, 'St. Louis', 'MO', 18096, 'Enterprise Center'),
(20, 'Calgary', 'AL', 19289, 'Scotiabank Saddledome'),
(21, 'Denver', 'CO', 17809, 'Ball Arena'),
(22, 'Edmonton', 'AL', 18347, 'Rogers Place'),
(23, 'Vancouver', 'BC', 18910, 'Rogers Arena'),
(24, 'Anaheim', 'CA', 17174, 'Honda Center'),
(25, 'Dallas', 'TX', 18532, 'American Airlines Center'),
(26, 'Los Angeles', 'CA', 18230, 'Crypto.com Arena'),
(28, 'San Jose', 'CA', 17435, 'SAP Center at San Jose'),
(29, 'Columbus', 'OH', 18144, 'Nationwide Arena'),
(30, 'St. Paul', 'MN', 17954, 'Xcel Energy Center'),
(52, 'Winnipeg', 'MB', 15321, 'Canada Life Centre'),
(53, 'Tempe', 'UT', 16200, 'Delta Center'),
(54, 'Las Vegas', 'NV', 17367, 'T-Mobile Arena'),
(55, 'Seattle', 'WA', 17151, 'Climate Pledge Arena');

INSERT INTO Season (year, start_date, end_date) VALUES 
(2025, '2024-10-08', '2025-06-25'),
(2024, '2023-10-02', '2024-06-23'),
(2023, '2022-10-12', '2023-06-27'),
(2022, '2021-10-01', '2022-06-17'),
(2021, '2020-10-07', '2021-06-26'),
(2020, '2019-10-04', '2020-06-20'),
(2019, '2018-10-03', '2019-06-19'),
(2018, '2017-10-11', '2018-06-28'),
(2017, '2016-10-06', '2017-06-23'),
(2016, '2015-10-02', '2016-06-20'),
(2015, '2014-10-02', '2015-06-20'),
(2014, '2013-10-02', '2014-06-20'),
(2013, '2012-10-02', '2013-06-20'),
(2012, '2011-10-02', '2012-06-20'),
(2011, '2010-10-02', '2011-06-20'),
(2010, '2009-10-02', '2010-06-20'),
(2009, '2008-10-02', '2009-06-20'),
(2008, '2007-10-02', '2008-06-20'),
(2007, '2006-10-02', '2007-06-20'),
(2006, '2005-10-02', '2006-06-20'),
(2005, '2004-10-02', '2005-06-20'),
(2004, '2003-10-02', '2004-06-20'),
(2003, '2002-10-02', '2003-06-20'),
(2002, '2001-10-02', '2002-06-20'),
(2001, '2000-10-02', '2001-06-20'),
(2000, '1999-10-02', '2000-06-20');
